-- --------------------------------------------------------
-- Host:                         127.0.0.1
-- Versi server:                 5.7.33 - MySQL Community Server (GPL)
-- OS Server:                    Win64
-- HeidiSQL Versi:               12.1.0.6537
-- --------------------------------------------------------

/*!40101 SET @OLD_CHARACTER_SET_CLIENT=@@CHARACTER_SET_CLIENT */;
/*!40101 SET NAMES utf8 */;
/*!50503 SET NAMES utf8mb4 */;
/*!40103 SET @OLD_TIME_ZONE=@@TIME_ZONE */;
/*!40103 SET TIME_ZONE='+00:00' */;
/*!40014 SET @OLD_FOREIGN_KEY_CHECKS=@@FOREIGN_KEY_CHECKS, FOREIGN_KEY_CHECKS=0 */;
/*!40101 SET @OLD_SQL_MODE=@@SQL_MODE, SQL_MODE='NO_AUTO_VALUE_ON_ZERO' */;
/*!40111 SET @OLD_SQL_NOTES=@@SQL_NOTES, SQL_NOTES=0 */;

-- membuang struktur untuk table keuangansajada.activity_log
DROP TABLE IF EXISTS `activity_log`;
CREATE TABLE IF NOT EXISTS `activity_log` (
  `id_log` int(11) NOT NULL AUTO_INCREMENT,
  `id_user` int(11) NOT NULL,
  `activity` varchar(255) NOT NULL,
  `page_url` varchar(255) NOT NULL,
  `ip_address` varchar(50) NOT NULL,
  `activity_time` timestamp NOT NULL DEFAULT CURRENT_TIMESTAMP,
  PRIMARY KEY (`id_log`) USING BTREE,
  KEY `fk_activity_log__id_user` (`id_user`) USING BTREE,
  CONSTRAINT `activity_log_ibfk_1` FOREIGN KEY (`id_user`) REFERENCES `user` (`id_user`)
) ENGINE=InnoDB AUTO_INCREMENT=71 DEFAULT CHARSET=utf8;

-- Membuang data untuk tabel keuangansajada.activity_log: ~70 rows (lebih kurang)
DELETE FROM `activity_log`;
INSERT INTO `activity_log` (`id_log`, `id_user`, `activity`, `page_url`, `ip_address`, `activity_time`) VALUES
	(1, 1, 'LOGIN', 'http://localhost/keuanganrab/index.php', '::1', '2022-09-02 09:31:36'),
	(2, 1, 'LOGIN', 'http://localhost/keuanganrab/index.php', '::1', '2022-09-05 01:03:39'),
	(3, 1, 'LOGIN', 'http://localhost/keuanganrab/index.php', '::1', '2022-09-05 06:12:03'),
	(4, 1, 'LOGIN', 'http://localhost/keuanganrab/index.php', '::1', '2022-09-06 01:06:27'),
	(5, 1, 'LOGIN', 'http://localhost/keuanganrab/index.php', '::1', '2022-09-15 05:11:39'),
	(6, 1, 'LOGIN', 'http://localhost/keuanganrab/index.php', '::1', '2022-09-15 05:23:37'),
	(7, 1, 'LOGIN', 'https://dev.pusdiktan.id/index.php', '125.166.1.22', '2022-10-18 02:09:58'),
	(8, 1, 'LOGIN', 'https://dev.pusdiktan.id/index.php', '182.4.132.158', '2022-10-22 01:38:40'),
	(9, 1, 'LOG OUT', 'https://dev.pusdiktan.id/index.php/.html?logout=true', '182.4.132.158', '2022-10-22 01:39:17'),
	(10, 1, 'LOGIN', 'https://dev.pusdiktan.id/index.php', '180.248.25.104', '2022-10-24 00:37:32'),
	(11, 1, 'LOGIN', 'https://dev.pusdiktan.id/index.php', '180.248.25.104', '2022-10-24 00:37:59'),
	(12, 1, 'LOGIN', 'https://dev.pusdiktan.id/index.php', '180.248.25.104', '2022-10-24 00:40:05'),
	(13, 1, 'LOGIN', 'https://dev.pusdiktan.id/index.php', '114.125.111.215', '2022-10-24 00:45:39'),
	(14, 1, 'LOGIN', 'https://dev.pusdiktan.id/index.php', '180.248.25.104', '2022-10-24 00:59:12'),
	(15, 1, 'LOGIN', 'https://dev.pusdiktan.id/index.php', '180.248.25.104', '2022-10-24 01:00:19'),
	(16, 1, 'LOGIN', 'https://dev.pusdiktan.id/index.php', '180.248.25.104', '2022-10-24 01:00:45'),
	(17, 1, 'LOGIN', 'https://dev.pusdiktan.id/index.php', '180.248.25.104', '2022-10-24 04:11:30'),
	(18, 1, 'LOGIN', 'https://dev.pusdiktan.id/index.php', '180.248.25.104', '2022-10-24 04:11:32'),
	(19, 1, 'LOGIN', 'https://dev.pusdiktan.id/index.php', '180.248.25.104', '2022-10-24 04:18:00'),
	(20, 1, 'LOGIN', 'https://dev.pusdiktan.id/index.php', '180.248.22.184', '2022-10-25 00:43:53'),
	(21, 1, 'LOGIN', 'https://dev.pusdiktan.id/index.php', '180.248.22.184', '2022-10-25 00:47:16'),
	(22, 1, 'LOGIN', 'https://dev.pusdiktan.id/index.php', '180.248.22.184', '2022-10-25 00:52:36'),
	(23, 1, 'LOGIN', 'https://dev.pusdiktan.id/index.php', '180.248.22.184', '2022-10-25 00:59:33'),
	(24, 1, 'LOGIN', 'https://dev.pusdiktan.id/index.php', '180.248.22.184', '2022-10-25 01:09:07'),
	(25, 1, 'LOGIN', 'https://dev.pusdiktan.id/index.php', '180.248.22.184', '2022-10-25 01:44:11'),
	(26, 1, 'LOGIN', 'https://dev.pusdiktan.id/index.php', '180.248.22.184', '2022-10-25 05:29:45'),
	(27, 1, 'LOGIN', 'https://dev.pusdiktan.id/index.php', '180.248.22.184', '2022-10-25 08:49:55'),
	(28, 1, 'LOGIN', 'https://dev.pusdiktan.id/index.php', '180.248.22.184', '2022-10-26 01:46:08'),
	(29, 1, 'LOGIN', 'https://dev.pusdiktan.id/index.php', '180.248.22.184', '2022-10-26 01:57:12'),
	(30, 1, 'LOG OUT', 'https://dev.pusdiktan.id/index.php/.html?logout=true', '180.248.22.184', '2022-10-26 01:58:50'),
	(31, 1, 'LOGIN', 'https://dev.pusdiktan.id/index.php', '180.248.21.234', '2022-10-27 01:20:57'),
	(32, 1, 'LOGIN', 'https://dev.pusdiktan.id/index.php', '180.248.21.234', '2022-10-27 02:51:38'),
	(33, 1, 'LOGIN', 'https://dev.pusdiktan.id/index.php', '180.248.21.234', '2022-10-27 09:22:01'),
	(34, 1, 'LOGIN', 'https://dev.pusdiktan.id/index.php', '36.82.12.141', '2022-10-28 01:15:49'),
	(35, 1, 'LOGIN', 'https://dev.pusdiktan.id/index.php', '36.82.12.141', '2022-10-28 02:12:49'),
	(36, 1, 'LOGIN', 'https://dev.pusdiktan.id/index.php', '36.82.12.141', '2022-10-28 02:14:54'),
	(37, 1, 'LOGIN', 'https://dev.pusdiktan.id/index.php', '36.82.12.141', '2022-10-28 06:37:11'),
	(38, 1, 'LOGIN', 'https://dev.pusdiktan.id/index.php', '36.82.12.141', '2022-10-28 06:37:12'),
	(39, 1, 'LOGIN', 'https://dev.pusdiktan.id/index.php', '36.82.12.141', '2022-10-28 06:37:16'),
	(40, 1, 'LOGIN', 'https://dev.pusdiktan.id/index.php', '36.82.12.141', '2022-10-28 06:52:27'),
	(41, 1, 'LOGIN', 'https://dev.pusdiktan.id/index.php', '36.82.12.141', '2022-10-28 06:58:42'),
	(42, 1, 'LOGIN', 'https://dev.pusdiktan.id/index.php', '36.82.12.141', '2022-10-28 07:24:57'),
	(43, 1, 'LOGIN', 'https://dev.pusdiktan.id/index.php', '36.82.12.141', '2022-10-31 00:50:52'),
	(44, 1, 'LOGIN', 'https://dev.pusdiktan.id/index.php', '36.82.12.141', '2022-10-31 01:01:12'),
	(45, 1, 'LOGIN', 'https://dev.pusdiktan.id/index.php', '36.82.12.141', '2022-10-31 01:36:24'),
	(46, 1, 'LOGIN', 'https://dev.pusdiktan.id/index.php', '36.82.12.141', '2022-10-31 01:54:46'),
	(47, 1, 'LOGIN', 'https://dev.pusdiktan.id/index.php', '36.82.12.141', '2022-10-31 02:53:40'),
	(48, 1, 'LOGIN', 'https://dev.pusdiktan.id/index.php', '36.82.12.141', '2022-10-31 03:40:41'),
	(49, 1, 'LOGIN', 'https://dev.pusdiktan.id/index.php', '182.1.72.142', '2022-10-31 04:21:46'),
	(50, 1, 'LOGIN', 'https://dev.pusdiktan.id/index.php', '36.82.12.141', '2022-10-31 06:39:44'),
	(51, 1, 'LOGIN', 'https://dev.pusdiktan.id/index.php', '36.82.12.141', '2022-10-31 06:42:03'),
	(52, 1, 'LOGIN', 'https://dev.pusdiktan.id/index.php', '180.248.25.160', '2022-10-31 08:55:59'),
	(53, 1, 'LOGIN', 'https://dev.pusdiktan.id/index.php', '182.1.73.195', '2022-10-31 09:24:24'),
	(54, 1, 'LOGIN', 'https://dev.pusdiktan.id/index.php', '36.82.12.141', '2022-10-31 11:24:52'),
	(55, 1, 'LOGIN', 'https://dev.pusdiktan.id/index.php', '125.166.12.208', '2022-11-01 01:06:28'),
	(56, 1, 'LOGIN', 'https://dev.pusdiktan.id/index.php', '125.166.12.208', '2022-11-01 01:10:32'),
	(57, 1, 'LOGIN', 'http://localhost/keuanganrab/index.php', '::1', '2022-11-02 18:52:46'),
	(58, 1, 'LOGIN', 'http://localhost/keuanganrab/index.php', '::1', '2022-11-02 19:00:23'),
	(59, 1, 'LOGIN', 'https://dev.pusdiktan.id/index.php', '180.248.19.132', '2022-11-03 00:58:10'),
	(60, 1, 'LOGIN', 'https://dev.pusdiktan.id/index.php', '180.248.19.132', '2022-11-03 02:47:14'),
	(61, 1, 'LOGIN', 'https://dev.pusdiktan.id/index.php', '180.248.19.132', '2022-11-03 02:52:18'),
	(62, 1, 'LOGIN', 'https://dev.pusdiktan.id/index.php', '180.248.19.132', '2022-11-03 03:36:37'),
	(63, 1, 'LOGIN', 'https://dev.pusdiktan.id/index.php', '125.163.128.74', '2022-11-03 07:42:15'),
	(64, 1, 'LOGIN', 'https://dev.pusdiktan.id/index.php', '125.163.128.74', '2022-11-03 09:45:50'),
	(65, 1, 'LOGIN', 'https://dev.pusdiktan.id/index.php', '84.239.49.44', '2022-11-04 00:29:45'),
	(66, 1, 'LOGIN', 'https://dev.pusdiktan.id/index.php', '125.163.128.74', '2022-11-04 00:48:38'),
	(67, 1, 'LOGIN', 'https://dev.pusdiktan.id/index.php', '125.163.128.74', '2022-11-04 00:48:53'),
	(68, 1, 'LOGIN', 'https://dev.pusdiktan.id/index.php', '125.163.128.74', '2022-11-04 00:49:38'),
	(69, 1, 'LOGIN', 'http://localhost:8080/sajada-app/back-accounting/index.php', '::1', '2022-12-02 00:37:31'),
	(70, 1, 'LOGIN', 'http://localhost:8080/sajada-app/back-accounting/index.php', '::1', '2022-12-02 00:49:10'),
	(71, 1, 'LOGIN', 'http://localhost:8080/sajada-app/back-accounting/index.php', '::1', '2022-12-02 01:02:28'),
	(72, 1, 'LOGIN', 'http://localhost:8080/sajada-app/back-accounting/index.php', '::1', '2022-12-02 01:06:03');

-- membuang struktur untuk table keuangansajada.akses_group_modul
DROP TABLE IF EXISTS `akses_group_modul`;
CREATE TABLE IF NOT EXISTS `akses_group_modul` (
  `id_group` int(11) NOT NULL,
  `nama_modul` varchar(20) NOT NULL,
  `hak_akses` enum('access','deny') NOT NULL DEFAULT 'access',
  PRIMARY KEY (`id_group`,`nama_modul`,`hak_akses`) USING BTREE,
  KEY `FK_akses_group_modul_modul_sistem` (`nama_modul`),
  CONSTRAINT `FK_akses_group_modul_modul_sistem` FOREIGN KEY (`nama_modul`) REFERENCES `modul_sistem` (`nama_modul`) ON UPDATE CASCADE,
  CONSTRAINT `FK_akses_group_modul_user_group` FOREIGN KEY (`id_group`) REFERENCES `user_group` (`id_group`) ON UPDATE CASCADE
) ENGINE=InnoDB DEFAULT CHARSET=utf8;

-- Membuang data untuk tabel keuangansajada.akses_group_modul: ~31 rows (lebih kurang)
DELETE FROM `akses_group_modul`;
INSERT INTO `akses_group_modul` (`id_group`, `nama_modul`, `hak_akses`) VALUES
	(2, 'approvalpencairan', 'access'),
	(1, 'bank', 'access'),
	(5, 'bank', 'access'),
	(5, 'barang', 'access'),
	(1, 'coa', 'access'),
	(5, 'coa', 'access'),
	(5, 'costing', 'access'),
	(5, 'hutang', 'access'),
	(1, 'index', 'access'),
	(2, 'index', 'access'),
	(3, 'index', 'access'),
	(4, 'index', 'access'),
	(5, 'index', 'access'),
	(6, 'index', 'access'),
	(1, 'jurnal', 'access'),
	(1, 'kasbank', 'access'),
	(5, 'kasbank', 'access'),
	(1, 'laporan', 'access'),
	(5, 'laporan', 'access'),
	(5, 'pelanggan', 'access'),
	(5, 'pemasok', 'access'),
	(5, 'pembelian', 'access'),
	(5, 'pencairan', 'access'),
	(5, 'penjualan', 'access'),
	(3, 'persetujuan', 'access'),
	(5, 'piutang', 'access'),
	(6, 'rab', 'access'),
	(1, 'setting', 'access'),
	(1, 'sistem', 'access'),
	(1, 'user', 'access'),
	(1, 'usergroup', 'access');

-- membuang struktur untuk table keuangansajada.app_sessions
DROP TABLE IF EXISTS `app_sessions`;
CREATE TABLE IF NOT EXISTS `app_sessions` (
  `id` varchar(128) NOT NULL,
  `ip_address` varchar(45) NOT NULL,
  `timestamp` int(10) unsigned NOT NULL DEFAULT '0',
  `data` blob NOT NULL,
  KEY `ci_sessions_timestamp` (`timestamp`) USING BTREE
) ENGINE=InnoDB DEFAULT CHARSET=utf8;

-- Membuang data untuk tabel keuangansajada.app_sessions: ~173 rows (lebih kurang)
DELETE FROM `app_sessions`;
INSERT INTO `app_sessions` (`id`, `ip_address`, `timestamp`, `data`) VALUES
	('639kg2cadu8obrigdkf4ukm6jf101muj', '36.82.12.141', 1667181576, _binary 0x5f5f63695f6c6173745f726567656e65726174657c693a313636373138313236383b63617074636861776f72647c733a363a22203230363620223b616b756e5f7573657249647c733a313a2231223b616b756e5f757365726e616d657c733a363a227561646d696e223b616b756e5f656d61696c7c733a31353a2261646d696e40676d61696c2e636f6d223b616b756e5f69734163746976657c733a313a2231223b616b756e5f696d6167657c733a34333a222f7075626c69632f75706c6f6164732f757365722f757365725f3232303632363130353635392e6a706567223b616b756e5f7265616c4e616d657c733a31333a2241646d696e6973747261746f72223b616b756e5f696447726f75707c733a313a2231223b616b756e5f67726f75704465736372697074696f6e7c733a31333a2241646d696e6973747261746f72223b616b756e5f6e616d61496e7374616e73697c733a32323a224954534b205253542064722e20536f657072616f656e223b616b756e5f616c696173496e7374616e73697c733a343a224954534b223b616b756e5f74686e416e67676172616e7c733a393a22323032322d32303233223b747275657c733a32323a224a75726e616c20626572686173696c20646975626168223b5f5f63695f766172737c613a313a7b733a343a2274727565223b733a333a226e6577223b7d6e5f7472616e73616b73697c733a31343a22474c323032323130333130303830223b6a5f7472616e73616b73697c733a343a2265646974223b),
	('581oc7c3vcdkrbg9eloi09to1b04decu', '36.82.12.141', 1667181331, _binary 0x5f5f63695f6c6173745f726567656e65726174657c693a313636373138313332343b63617074636861776f72647c733a363a22203332383720223b),
	('aslh8h162f7p86rgvdng020pf1qq3qbv', '36.82.12.141', 1667181637, _binary 0x5f5f63695f6c6173745f726567656e65726174657c693a313636373138313633353b63617074636861776f72647c733a363a22203230363620223b616b756e5f7573657249647c733a313a2231223b616b756e5f757365726e616d657c733a363a227561646d696e223b616b756e5f656d61696c7c733a31353a2261646d696e40676d61696c2e636f6d223b616b756e5f69734163746976657c733a313a2231223b616b756e5f696d6167657c733a34333a222f7075626c69632f75706c6f6164732f757365722f757365725f3232303632363130353635392e6a706567223b616b756e5f7265616c4e616d657c733a31333a2241646d696e6973747261746f72223b616b756e5f696447726f75707c733a313a2231223b616b756e5f67726f75704465736372697074696f6e7c733a31333a2241646d696e6973747261746f72223b616b756e5f6e616d61496e7374616e73697c733a32323a224954534b205253542064722e20536f657072616f656e223b616b756e5f616c696173496e7374616e73697c733a343a224954534b223b616b756e5f74686e416e67676172616e7c733a393a22323032322d32303233223b747275657c733a32323a224a75726e616c20626572686173696c20646975626168223b5f5f63695f766172737c613a313a7b733a343a2274727565223b733a333a226f6c64223b7d6e5f7472616e73616b73697c733a31343a22474c323032323130333130303830223b6a5f7472616e73616b73697c733a343a2265646974223b),
	('jlq41i8jss54am0iuoh2j1h88b97caks', '36.82.12.141', 1667181963, _binary 0x5f5f63695f6c6173745f726567656e65726174657c693a313636373138313633373b63617074636861776f72647c733a363a22203230363620223b616b756e5f7573657249647c733a313a2231223b616b756e5f757365726e616d657c733a363a227561646d696e223b616b756e5f656d61696c7c733a31353a2261646d696e40676d61696c2e636f6d223b616b756e5f69734163746976657c733a313a2231223b616b756e5f696d6167657c733a34333a222f7075626c69632f75706c6f6164732f757365722f757365725f3232303632363130353635392e6a706567223b616b756e5f7265616c4e616d657c733a31333a2241646d696e6973747261746f72223b616b756e5f696447726f75707c733a313a2231223b616b756e5f67726f75704465736372697074696f6e7c733a31333a2241646d696e6973747261746f72223b616b756e5f6e616d61496e7374616e73697c733a32323a224954534b205253542064722e20536f657072616f656e223b616b756e5f616c696173496e7374616e73697c733a343a224954534b223b616b756e5f74686e416e67676172616e7c733a393a22323032322d32303233223b6e5f7472616e73616b73697c733a31343a22474c323032323130333130303830223b6a5f7472616e73616b73697c733a343a2265646974223b),
	('6gb3ba9ijolkfr9bk4si3d81n0b3rknq', '36.82.12.141', 1667183091, _binary 0x5f5f63695f6c6173745f726567656e65726174657c693a313636373138323234303b63617074636861776f72647c733a363a22203230363620223b616b756e5f7573657249647c733a313a2231223b616b756e5f757365726e616d657c733a363a227561646d696e223b616b756e5f656d61696c7c733a31353a2261646d696e40676d61696c2e636f6d223b616b756e5f69734163746976657c733a313a2231223b616b756e5f696d6167657c733a34333a222f7075626c69632f75706c6f6164732f757365722f757365725f3232303632363130353635392e6a706567223b616b756e5f7265616c4e616d657c733a31333a2241646d696e6973747261746f72223b616b756e5f696447726f75707c733a313a2231223b616b756e5f67726f75704465736372697074696f6e7c733a31333a2241646d696e6973747261746f72223b616b756e5f6e616d61496e7374616e73697c733a32323a224954534b205253542064722e20536f657072616f656e223b616b756e5f616c696173496e7374616e73697c733a343a224954534b223b616b756e5f74686e416e67676172616e7c733a393a22323032322d32303233223b6e5f7472616e73616b73697c733a31343a22474c323032323130333130303830223b6a5f7472616e73616b73697c733a343a2265646974223b),
	('u6d2v9dncflu2sbl62hmlcn9f7aipaoh', '36.82.12.141', 1667183431, _binary 0x5f5f63695f6c6173745f726567656e65726174657c693a313636373138333130383b63617074636861776f72647c733a363a22203230363620223b616b756e5f7573657249647c733a313a2231223b616b756e5f757365726e616d657c733a363a227561646d696e223b616b756e5f656d61696c7c733a31353a2261646d696e40676d61696c2e636f6d223b616b756e5f69734163746976657c733a313a2231223b616b756e5f696d6167657c733a34333a222f7075626c69632f75706c6f6164732f757365722f757365725f3232303632363130353635392e6a706567223b616b756e5f7265616c4e616d657c733a31333a2241646d696e6973747261746f72223b616b756e5f696447726f75707c733a313a2231223b616b756e5f67726f75704465736372697074696f6e7c733a31333a2241646d696e6973747261746f72223b616b756e5f6e616d61496e7374616e73697c733a32323a224954534b205253542064722e20536f657072616f656e223b616b756e5f616c696173496e7374616e73697c733a343a224954534b223b616b756e5f74686e416e67676172616e7c733a393a22323032322d32303233223b6e5f7472616e73616b73697c733a31343a22474c323032323130333130303830223b6a5f7472616e73616b73697c733a343a2265646974223b),
	('2popcdmn72nc3ubk65mcf92v81e0macb', '36.82.12.141', 1667184248, _binary 0x5f5f63695f6c6173745f726567656e65726174657c693a313636373138333533393b63617074636861776f72647c733a363a22203230363620223b616b756e5f7573657249647c733a313a2231223b616b756e5f757365726e616d657c733a363a227561646d696e223b616b756e5f656d61696c7c733a31353a2261646d696e40676d61696c2e636f6d223b616b756e5f69734163746976657c733a313a2231223b616b756e5f696d6167657c733a34333a222f7075626c69632f75706c6f6164732f757365722f757365725f3232303632363130353635392e6a706567223b616b756e5f7265616c4e616d657c733a31333a2241646d696e6973747261746f72223b616b756e5f696447726f75707c733a313a2231223b616b756e5f67726f75704465736372697074696f6e7c733a31333a2241646d696e6973747261746f72223b616b756e5f6e616d61496e7374616e73697c733a32323a224954534b205253542064722e20536f657072616f656e223b616b756e5f616c696173496e7374616e73697c733a343a224954534b223b616b756e5f74686e416e67676172616e7c733a393a22323032322d32303233223b6e5f7472616e73616b73697c733a31343a22474c323032323130333130303830223b6a5f7472616e73616b73697c733a343a2265646974223b),
	('cijbmr80q3jut844dsn1cnvf12amkida', '36.82.12.141', 1667185477, _binary 0x5f5f63695f6c6173745f726567656e65726174657c693a313636373138343332323b63617074636861776f72647c733a363a22203230363620223b616b756e5f7573657249647c733a313a2231223b616b756e5f757365726e616d657c733a363a227561646d696e223b616b756e5f656d61696c7c733a31353a2261646d696e40676d61696c2e636f6d223b616b756e5f69734163746976657c733a313a2231223b616b756e5f696d6167657c733a34333a222f7075626c69632f75706c6f6164732f757365722f757365725f3232303632363130353635392e6a706567223b616b756e5f7265616c4e616d657c733a31333a2241646d696e6973747261746f72223b616b756e5f696447726f75707c733a313a2231223b616b756e5f67726f75704465736372697074696f6e7c733a31333a2241646d696e6973747261746f72223b616b756e5f6e616d61496e7374616e73697c733a32323a224954534b205253542064722e20536f657072616f656e223b616b756e5f616c696173496e7374616e73697c733a343a224954534b223b616b756e5f74686e416e67676172616e7c733a393a22323032322d32303233223b6e5f7472616e73616b73697c733a31343a22474c323032323130333130303830223b6a5f7472616e73616b73697c733a343a2265646974223b747275657c733a32323a224461746120626572686173696c20646973696d70616e223b5f5f63695f766172737c613a313a7b733a343a2274727565223b733a333a226e6577223b7d),
	('lqp8kq9fggrcddrbg4pfb3tcrgtac829', '36.82.12.141', 1667184358, _binary 0x5f5f63695f6c6173745f726567656e65726174657c693a313636373138343335373b63617074636861776f72647c733a363a22203239333720223b),
	('8r9j5h6heao8iah12kprd9rc1mqq9dp0', '36.82.12.141', 1667184848, _binary 0x5f5f63695f6c6173745f726567656e65726174657c693a313636373138343830363b63617074636861776f72647c733a363a22203331333720223b616b756e5f7573657249647c733a313a2231223b616b756e5f757365726e616d657c733a363a227561646d696e223b616b756e5f656d61696c7c733a31353a2261646d696e40676d61696c2e636f6d223b616b756e5f69734163746976657c733a313a2231223b616b756e5f696d6167657c733a34333a222f7075626c69632f75706c6f6164732f757365722f757365725f3232303632363130353635392e6a706567223b616b756e5f7265616c4e616d657c733a31333a2241646d696e6973747261746f72223b616b756e5f696447726f75707c733a313a2231223b616b756e5f67726f75704465736372697074696f6e7c733a31333a2241646d696e6973747261746f72223b616b756e5f6e616d61496e7374616e73697c733a32323a224954534b205253542064722e20536f657072616f656e223b616b756e5f616c696173496e7374616e73697c733a343a224954534b223b616b756e5f74686e416e67676172616e7c733a393a22323032322d32303233223b),
	('id5pg418jqtndld8h0blu7jmq0pssqfb', '36.82.12.141', 1667185477, _binary 0x5f5f63695f6c6173745f726567656e65726174657c693a313636373138353437373b63617074636861776f72647c733a363a22203230363620223b616b756e5f7573657249647c733a313a2231223b616b756e5f757365726e616d657c733a363a227561646d696e223b616b756e5f656d61696c7c733a31353a2261646d696e40676d61696c2e636f6d223b616b756e5f69734163746976657c733a313a2231223b616b756e5f696d6167657c733a34333a222f7075626c69632f75706c6f6164732f757365722f757365725f3232303632363130353635392e6a706567223b616b756e5f7265616c4e616d657c733a31333a2241646d696e6973747261746f72223b616b756e5f696447726f75707c733a313a2231223b616b756e5f67726f75704465736372697074696f6e7c733a31333a2241646d696e6973747261746f72223b616b756e5f6e616d61496e7374616e73697c733a32323a224954534b205253542064722e20536f657072616f656e223b616b756e5f616c696173496e7374616e73697c733a343a224954534b223b616b756e5f74686e416e67676172616e7c733a393a22323032322d32303233223b6e5f7472616e73616b73697c733a31343a22474c323032323130333130303830223b6a5f7472616e73616b73697c733a343a2265646974223b),
	('ujj99e3gggniffi7pbhqqbd4h6iq7iuv', '36.82.12.141', 1667186886, _binary 0x5f5f63695f6c6173745f726567656e65726174657c693a313636373138353438313b63617074636861776f72647c733a363a22203230363620223b616b756e5f7573657249647c733a313a2231223b616b756e5f757365726e616d657c733a363a227561646d696e223b616b756e5f656d61696c7c733a31353a2261646d696e40676d61696c2e636f6d223b616b756e5f69734163746976657c733a313a2231223b616b756e5f696d6167657c733a34333a222f7075626c69632f75706c6f6164732f757365722f757365725f3232303632363130353635392e6a706567223b616b756e5f7265616c4e616d657c733a31333a2241646d696e6973747261746f72223b616b756e5f696447726f75707c733a313a2231223b616b756e5f67726f75704465736372697074696f6e7c733a31333a2241646d696e6973747261746f72223b616b756e5f6e616d61496e7374616e73697c733a32323a224954534b205253542064722e20536f657072616f656e223b616b756e5f616c696173496e7374616e73697c733a343a224954534b223b616b756e5f74686e416e67676172616e7c733a393a22323032322d32303233223b6e5f7472616e73616b73697c733a31343a22474c323032323130333130303830223b6a5f7472616e73616b73697c733a343a2265646974223b),
	('0hh2hgd18713gpjbh5606ql0g88e7vit', '36.82.12.141', 1667187191, _binary 0x5f5f63695f6c6173745f726567656e65726174657c693a313636373138373131313b63617074636861776f72647c733a363a22203230363620223b616b756e5f7573657249647c733a313a2231223b616b756e5f757365726e616d657c733a363a227561646d696e223b616b756e5f656d61696c7c733a31353a2261646d696e40676d61696c2e636f6d223b616b756e5f69734163746976657c733a313a2231223b616b756e5f696d6167657c733a34333a222f7075626c69632f75706c6f6164732f757365722f757365725f3232303632363130353635392e6a706567223b616b756e5f7265616c4e616d657c733a31333a2241646d696e6973747261746f72223b616b756e5f696447726f75707c733a313a2231223b616b756e5f67726f75704465736372697074696f6e7c733a31333a2241646d696e6973747261746f72223b616b756e5f6e616d61496e7374616e73697c733a32323a224954534b205253542064722e20536f657072616f656e223b616b756e5f616c696173496e7374616e73697c733a343a224954534b223b616b756e5f74686e416e67676172616e7c733a393a22323032322d32303233223b6e5f7472616e73616b73697c733a31343a22474c323032323130333130303830223b6a5f7472616e73616b73697c733a343a2265646974223b),
	('sjgcensc5p9gvii981i1sdg5ldgd7u9c', '36.82.12.141', 1667187650, _binary 0x5f5f63695f6c6173745f726567656e65726174657c693a313636373138373633323b63617074636861776f72647c733a363a22203338393520223b616b756e5f7573657249647c733a313a2231223b616b756e5f757365726e616d657c733a363a227561646d696e223b616b756e5f656d61696c7c733a31353a2261646d696e40676d61696c2e636f6d223b616b756e5f69734163746976657c733a313a2231223b616b756e5f696d6167657c733a34333a222f7075626c69632f75706c6f6164732f757365722f757365725f3232303632363130353635392e6a706567223b616b756e5f7265616c4e616d657c733a31333a2241646d696e6973747261746f72223b616b756e5f696447726f75707c733a313a2231223b616b756e5f67726f75704465736372697074696f6e7c733a31333a2241646d696e6973747261746f72223b616b756e5f6e616d61496e7374616e73697c733a32323a224954534b205253542064722e20536f657072616f656e223b616b756e5f616c696173496e7374616e73697c733a343a224954534b223b616b756e5f74686e416e67676172616e7c733a393a22323032322d32303233223b),
	('o90ca8vc70dcc651paf0nl0g1mgo8vlh', '36.82.12.141', 1667188956, _binary 0x5f5f63695f6c6173745f726567656e65726174657c693a313636373138383935363b63617074636861776f72647c733a363a22203230363620223b616b756e5f7573657249647c733a313a2231223b616b756e5f757365726e616d657c733a363a227561646d696e223b616b756e5f656d61696c7c733a31353a2261646d696e40676d61696c2e636f6d223b616b756e5f69734163746976657c733a313a2231223b616b756e5f696d6167657c733a34333a222f7075626c69632f75706c6f6164732f757365722f757365725f3232303632363130353635392e6a706567223b616b756e5f7265616c4e616d657c733a31333a2241646d696e6973747261746f72223b616b756e5f696447726f75707c733a313a2231223b616b756e5f67726f75704465736372697074696f6e7c733a31333a2241646d696e6973747261746f72223b616b756e5f6e616d61496e7374616e73697c733a32323a224954534b205253542064722e20536f657072616f656e223b616b756e5f616c696173496e7374616e73697c733a343a224954534b223b616b756e5f74686e416e67676172616e7c733a393a22323032322d32303233223b6e5f7472616e73616b73697c733a31343a22474c323032323130333130303830223b6a5f7472616e73616b73697c733a343a2265646974223b),
	('n6f4lkvrjaeippourmhh4jsickokjh0c', '182.4.132.185', 1667189614, _binary 0x5f5f63695f6c6173745f726567656e65726174657c693a313636373138393535303b63617074636861776f72647c733a363a22203230363620223b616b756e5f7573657249647c733a313a2231223b616b756e5f757365726e616d657c733a363a227561646d696e223b616b756e5f656d61696c7c733a31353a2261646d696e40676d61696c2e636f6d223b616b756e5f69734163746976657c733a313a2231223b616b756e5f696d6167657c733a34333a222f7075626c69632f75706c6f6164732f757365722f757365725f3232303632363130353635392e6a706567223b616b756e5f7265616c4e616d657c733a31333a2241646d696e6973747261746f72223b616b756e5f696447726f75707c733a313a2231223b616b756e5f67726f75704465736372697074696f6e7c733a31333a2241646d696e6973747261746f72223b616b756e5f6e616d61496e7374616e73697c733a32323a224954534b205253542064722e20536f657072616f656e223b616b756e5f616c696173496e7374616e73697c733a343a224954534b223b616b756e5f74686e416e67676172616e7c733a393a22323032322d32303233223b6e5f7472616e73616b73697c733a31343a22474c323032323130333130303830223b6a5f7472616e73616b73697c733a343a2265646974223b),
	('judsrqqgp3s1lc56a30a40l20jnke9oh', '182.4.132.185', 1667190173, _binary 0x5f5f63695f6c6173745f726567656e65726174657c693a313636373138393935303b63617074636861776f72647c733a363a22203230363620223b616b756e5f7573657249647c733a313a2231223b616b756e5f757365726e616d657c733a363a227561646d696e223b616b756e5f656d61696c7c733a31353a2261646d696e40676d61696c2e636f6d223b616b756e5f69734163746976657c733a313a2231223b616b756e5f696d6167657c733a34333a222f7075626c69632f75706c6f6164732f757365722f757365725f3232303632363130353635392e6a706567223b616b756e5f7265616c4e616d657c733a31333a2241646d696e6973747261746f72223b616b756e5f696447726f75707c733a313a2231223b616b756e5f67726f75704465736372697074696f6e7c733a31333a2241646d696e6973747261746f72223b616b756e5f6e616d61496e7374616e73697c733a32323a224954534b205253542064722e20536f657072616f656e223b616b756e5f616c696173496e7374616e73697c733a343a224954534b223b616b756e5f74686e416e67676172616e7c733a393a22323032322d32303233223b6e5f7472616e73616b73697c733a31343a22474c323032323130333130303830223b6a5f7472616e73616b73697c733a343a2265646974223b747275657c733a32323a224461746120626572686173696c20646973696d70616e223b5f5f63695f766172737c613a313a7b733a343a2274727565223b733a333a226f6c64223b7d),
	('knbqbpbdf0tg1i8cl049o8q3js77g0l4', '182.1.72.142', 1667190548, _binary 0x5f5f63695f6c6173745f726567656e65726174657c693a313636373139303039303b63617074636861776f72647c733a363a22203133393220223b616b756e5f7573657249647c733a313a2231223b616b756e5f757365726e616d657c733a363a227561646d696e223b616b756e5f656d61696c7c733a31353a2261646d696e40676d61696c2e636f6d223b616b756e5f69734163746976657c733a313a2231223b616b756e5f696d6167657c733a34333a222f7075626c69632f75706c6f6164732f757365722f757365725f3232303632363130353635392e6a706567223b616b756e5f7265616c4e616d657c733a31333a2241646d696e6973747261746f72223b616b756e5f696447726f75707c733a313a2231223b616b756e5f67726f75704465736372697074696f6e7c733a31333a2241646d696e6973747261746f72223b616b756e5f6e616d61496e7374616e73697c733a32323a224954534b205253542064722e20536f657072616f656e223b616b756e5f616c696173496e7374616e73697c733a343a224954534b223b616b756e5f74686e416e67676172616e7c733a393a22323032322d32303233223b6e5f7472616e73616b73697c733a31343a22474c323032323130333130303831223b6a5f7472616e73616b73697c733a363a2274616d626168223b),
	('fcpnc382uf9ktgba3cglsp33q4o3v7ig', '182.4.132.185', 1667190545, _binary 0x5f5f63695f6c6173745f726567656e65726174657c693a313636373139303335393b63617074636861776f72647c733a363a22203230363620223b616b756e5f7573657249647c733a313a2231223b616b756e5f757365726e616d657c733a363a227561646d696e223b616b756e5f656d61696c7c733a31353a2261646d696e40676d61696c2e636f6d223b616b756e5f69734163746976657c733a313a2231223b616b756e5f696d6167657c733a34333a222f7075626c69632f75706c6f6164732f757365722f757365725f3232303632363130353635392e6a706567223b616b756e5f7265616c4e616d657c733a31333a2241646d696e6973747261746f72223b616b756e5f696447726f75707c733a313a2231223b616b756e5f67726f75704465736372697074696f6e7c733a31333a2241646d696e6973747261746f72223b616b756e5f6e616d61496e7374616e73697c733a32323a224954534b205253542064722e20536f657072616f656e223b616b756e5f616c696173496e7374616e73697c733a343a224954534b223b616b756e5f74686e416e67676172616e7c733a393a22323032322d32303233223b6e5f7472616e73616b73697c733a31343a22474c323032323130333130303830223b6a5f7472616e73616b73697c733a343a2265646974223b),
	('sv7bhhoor45oe2bdeu5ojf7u6ii0iulp', '182.1.72.142', 1667191544, _binary 0x5f5f63695f6c6173745f726567656e65726174657c693a313636373139313230343b63617074636861776f72647c733a363a22203133393220223b616b756e5f7573657249647c733a313a2231223b616b756e5f757365726e616d657c733a363a227561646d696e223b616b756e5f656d61696c7c733a31353a2261646d696e40676d61696c2e636f6d223b616b756e5f69734163746976657c733a313a2231223b616b756e5f696d6167657c733a34333a222f7075626c69632f75706c6f6164732f757365722f757365725f3232303632363130353635392e6a706567223b616b756e5f7265616c4e616d657c733a31333a2241646d696e6973747261746f72223b616b756e5f696447726f75707c733a313a2231223b616b756e5f67726f75704465736372697074696f6e7c733a31333a2241646d696e6973747261746f72223b616b756e5f6e616d61496e7374616e73697c733a32323a224954534b205253542064722e20536f657072616f656e223b616b756e5f616c696173496e7374616e73697c733a343a224954534b223b616b756e5f74686e416e67676172616e7c733a393a22323032322d32303233223b6e5f7472616e73616b73697c733a31343a22424d323032323130333130303634223b6a5f7472616e73616b73697c733a363a2274616d626168223b747275657c733a32323a224461746120426572686173696c20646973696d70616e223b5f5f63695f766172737c613a313a7b733a343a2274727565223b733a333a226e6577223b7d),
	('ro4l1fs7hjqrlq27uaspnmrmph25mlh8', '182.4.132.185', 1667191479, _binary 0x5f5f63695f6c6173745f726567656e65726174657c693a313636373139313232313b63617074636861776f72647c733a363a22203230363620223b616b756e5f7573657249647c733a313a2231223b616b756e5f757365726e616d657c733a363a227561646d696e223b616b756e5f656d61696c7c733a31353a2261646d696e40676d61696c2e636f6d223b616b756e5f69734163746976657c733a313a2231223b616b756e5f696d6167657c733a34333a222f7075626c69632f75706c6f6164732f757365722f757365725f3232303632363130353635392e6a706567223b616b756e5f7265616c4e616d657c733a31333a2241646d696e6973747261746f72223b616b756e5f696447726f75707c733a313a2231223b616b756e5f67726f75704465736372697074696f6e7c733a31333a2241646d696e6973747261746f72223b616b756e5f6e616d61496e7374616e73697c733a32323a224954534b205253542064722e20536f657072616f656e223b616b756e5f616c696173496e7374616e73697c733a343a224954534b223b616b756e5f74686e416e67676172616e7c733a393a22323032322d32303233223b6e5f7472616e73616b73697c733a31343a22474c323032323130333130303830223b6a5f7472616e73616b73697c733a343a2265646974223b),
	('jv6unbtip6kodude218mq2ekpvom686p', '182.1.72.142', 1667191548, _binary 0x5f5f63695f6c6173745f726567656e65726174657c693a313636373139313534363b63617074636861776f72647c733a363a22203133393220223b616b756e5f7573657249647c733a313a2231223b616b756e5f757365726e616d657c733a363a227561646d696e223b616b756e5f656d61696c7c733a31353a2261646d696e40676d61696c2e636f6d223b616b756e5f69734163746976657c733a313a2231223b616b756e5f696d6167657c733a34333a222f7075626c69632f75706c6f6164732f757365722f757365725f3232303632363130353635392e6a706567223b616b756e5f7265616c4e616d657c733a31333a2241646d696e6973747261746f72223b616b756e5f696447726f75707c733a313a2231223b616b756e5f67726f75704465736372697074696f6e7c733a31333a2241646d696e6973747261746f72223b616b756e5f6e616d61496e7374616e73697c733a32323a224954534b205253542064722e20536f657072616f656e223b616b756e5f616c696173496e7374616e73697c733a343a224954534b223b616b756e5f74686e416e67676172616e7c733a393a22323032322d32303233223b6e5f7472616e73616b73697c733a31343a22424d323032323130333130303634223b6a5f7472616e73616b73697c733a363a2274616d626168223b747275657c733a32323a224461746120426572686173696c20646973696d70616e223b5f5f63695f766172737c613a313a7b733a343a2274727565223b733a333a226f6c64223b7d),
	('54963f159vk3rqsanfeu5e2k9947elcq', '182.1.72.142', 1667191549, _binary 0x5f5f63695f6c6173745f726567656e65726174657c693a313636373139313534383b63617074636861776f72647c733a363a22203133393220223b616b756e5f7573657249647c733a313a2231223b616b756e5f757365726e616d657c733a363a227561646d696e223b616b756e5f656d61696c7c733a31353a2261646d696e40676d61696c2e636f6d223b616b756e5f69734163746976657c733a313a2231223b616b756e5f696d6167657c733a34333a222f7075626c69632f75706c6f6164732f757365722f757365725f3232303632363130353635392e6a706567223b616b756e5f7265616c4e616d657c733a31333a2241646d696e6973747261746f72223b616b756e5f696447726f75707c733a313a2231223b616b756e5f67726f75704465736372697074696f6e7c733a31333a2241646d696e6973747261746f72223b616b756e5f6e616d61496e7374616e73697c733a32323a224954534b205253542064722e20536f657072616f656e223b616b756e5f616c696173496e7374616e73697c733a343a224954534b223b616b756e5f74686e416e67676172616e7c733a393a22323032322d32303233223b6e5f7472616e73616b73697c733a31343a22424d323032323130333130303634223b6a5f7472616e73616b73697c733a363a2274616d626168223b),
	('j5sc8j6rahvl8976colmr0271n5atpke', '182.4.132.185', 1667191930, _binary 0x5f5f63695f6c6173745f726567656e65726174657c693a313636373139313739323b63617074636861776f72647c733a363a22203230363620223b616b756e5f7573657249647c733a313a2231223b616b756e5f757365726e616d657c733a363a227561646d696e223b616b756e5f656d61696c7c733a31353a2261646d696e40676d61696c2e636f6d223b616b756e5f69734163746976657c733a313a2231223b616b756e5f696d6167657c733a34333a222f7075626c69632f75706c6f6164732f757365722f757365725f3232303632363130353635392e6a706567223b616b756e5f7265616c4e616d657c733a31333a2241646d696e6973747261746f72223b616b756e5f696447726f75707c733a313a2231223b616b756e5f67726f75704465736372697074696f6e7c733a31333a2241646d696e6973747261746f72223b616b756e5f6e616d61496e7374616e73697c733a32323a224954534b205253542064722e20536f657072616f656e223b616b756e5f616c696173496e7374616e73697c733a343a224954534b223b616b756e5f74686e416e67676172616e7c733a393a22323032322d32303233223b6e5f7472616e73616b73697c733a31343a22474c323032323130333130303830223b6a5f7472616e73616b73697c733a343a2265646974223b),
	('h0c6ia0j3hs1of4t2t7i2pvk4rdj4rum', '36.82.12.141', 1667198360, _binary 0x5f5f63695f6c6173745f726567656e65726174657c693a313636373139383334393b63617074636861776f72647c733a363a22203133393220223b616b756e5f7573657249647c733a313a2231223b616b756e5f757365726e616d657c733a363a227561646d696e223b616b756e5f656d61696c7c733a31353a2261646d696e40676d61696c2e636f6d223b616b756e5f69734163746976657c733a313a2231223b616b756e5f696d6167657c733a34333a222f7075626c69632f75706c6f6164732f757365722f757365725f3232303632363130353635392e6a706567223b616b756e5f7265616c4e616d657c733a31333a2241646d696e6973747261746f72223b616b756e5f696447726f75707c733a313a2231223b616b756e5f67726f75704465736372697074696f6e7c733a31333a2241646d696e6973747261746f72223b616b756e5f6e616d61496e7374616e73697c733a32323a224954534b205253542064722e20536f657072616f656e223b616b756e5f616c696173496e7374616e73697c733a343a224954534b223b616b756e5f74686e416e67676172616e7c733a393a22323032322d32303233223b6e5f7472616e73616b73697c733a31343a22424d323032323130333130303634223b6a5f7472616e73616b73697c733a363a2274616d626168223b),
	('g4b0m952jsri6eha63id7otb6r21uek5', '36.82.12.141', 1667198390, _binary 0x5f5f63695f6c6173745f726567656e65726174657c693a313636373139383337383b63617074636861776f72647c733a363a22203233333320223b616b756e5f7573657249647c733a313a2231223b616b756e5f757365726e616d657c733a363a227561646d696e223b616b756e5f656d61696c7c733a31353a2261646d696e40676d61696c2e636f6d223b616b756e5f69734163746976657c733a313a2231223b616b756e5f696d6167657c733a34333a222f7075626c69632f75706c6f6164732f757365722f757365725f3232303632363130353635392e6a706567223b616b756e5f7265616c4e616d657c733a31333a2241646d696e6973747261746f72223b616b756e5f696447726f75707c733a313a2231223b616b756e5f67726f75704465736372697074696f6e7c733a31333a2241646d696e6973747261746f72223b616b756e5f6e616d61496e7374616e73697c733a32323a224954534b205253542064722e20536f657072616f656e223b616b756e5f616c696173496e7374616e73697c733a343a224954534b223b616b756e5f74686e416e67676172616e7c733a393a22323032322d32303233223b),
	('u07t62m661cdrvhohbf9ig11v01mfb1b', '36.82.12.141', 1667198523, _binary 0x5f5f63695f6c6173745f726567656e65726174657c693a313636373139383434343b63617074636861776f72647c733a363a22203239363720223b616b756e5f7573657249647c733a313a2231223b616b756e5f757365726e616d657c733a363a227561646d696e223b616b756e5f656d61696c7c733a31353a2261646d696e40676d61696c2e636f6d223b616b756e5f69734163746976657c733a313a2231223b616b756e5f696d6167657c733a34333a222f7075626c69632f75706c6f6164732f757365722f757365725f3232303632363130353635392e6a706567223b616b756e5f7265616c4e616d657c733a31333a2241646d696e6973747261746f72223b616b756e5f696447726f75707c733a313a2231223b616b756e5f67726f75704465736372697074696f6e7c733a31333a2241646d696e6973747261746f72223b616b756e5f6e616d61496e7374616e73697c733a32323a224954534b205253542064722e20536f657072616f656e223b616b756e5f616c696173496e7374616e73697c733a343a224954534b223b616b756e5f74686e416e67676172616e7c733a393a22323032322d32303233223b),
	('prcfincglsa2969445p4p3dnn5fblcn6', '36.82.12.141', 1667198842, _binary 0x5f5f63695f6c6173745f726567656e65726174657c693a313636373139383639313b63617074636861776f72647c733a363a22203233333320223b616b756e5f7573657249647c733a313a2231223b616b756e5f757365726e616d657c733a363a227561646d696e223b616b756e5f656d61696c7c733a31353a2261646d696e40676d61696c2e636f6d223b616b756e5f69734163746976657c733a313a2231223b616b756e5f696d6167657c733a34333a222f7075626c69632f75706c6f6164732f757365722f757365725f3232303632363130353635392e6a706567223b616b756e5f7265616c4e616d657c733a31333a2241646d696e6973747261746f72223b616b756e5f696447726f75707c733a313a2231223b616b756e5f67726f75704465736372697074696f6e7c733a31333a2241646d696e6973747261746f72223b616b756e5f6e616d61496e7374616e73697c733a32323a224954534b205253542064722e20536f657072616f656e223b616b756e5f616c696173496e7374616e73697c733a343a224954534b223b616b756e5f74686e416e67676172616e7c733a393a22323032322d32303233223b),
	('356ss2bj9bgs35lfv4hnd4hp7sge9es0', '36.82.12.141', 1667198840, _binary 0x5f5f63695f6c6173745f726567656e65726174657c693a313636373139383833333b63617074636861776f72647c733a363a22203239363720223b616b756e5f7573657249647c733a313a2231223b616b756e5f757365726e616d657c733a363a227561646d696e223b616b756e5f656d61696c7c733a31353a2261646d696e40676d61696c2e636f6d223b616b756e5f69734163746976657c733a313a2231223b616b756e5f696d6167657c733a34333a222f7075626c69632f75706c6f6164732f757365722f757365725f3232303632363130353635392e6a706567223b616b756e5f7265616c4e616d657c733a31333a2241646d696e6973747261746f72223b616b756e5f696447726f75707c733a313a2231223b616b756e5f67726f75704465736372697074696f6e7c733a31333a2241646d696e6973747261746f72223b616b756e5f6e616d61496e7374616e73697c733a32323a224954534b205253542064722e20536f657072616f656e223b616b756e5f616c696173496e7374616e73697c733a343a224954534b223b616b756e5f74686e416e67676172616e7c733a393a22323032322d32303233223b),
	('vbkrqnq96c0cf26vlmipa3dhn7bc6q69', '36.82.12.141', 1667199571, _binary 0x5f5f63695f6c6173745f726567656e65726174657c693a313636373139393134353b63617074636861776f72647c733a363a22203233333320223b616b756e5f7573657249647c733a313a2231223b616b756e5f757365726e616d657c733a363a227561646d696e223b616b756e5f656d61696c7c733a31353a2261646d696e40676d61696c2e636f6d223b616b756e5f69734163746976657c733a313a2231223b616b756e5f696d6167657c733a34333a222f7075626c69632f75706c6f6164732f757365722f757365725f3232303632363130353635392e6a706567223b616b756e5f7265616c4e616d657c733a31333a2241646d696e6973747261746f72223b616b756e5f696447726f75707c733a313a2231223b616b756e5f67726f75704465736372697074696f6e7c733a31333a2241646d696e6973747261746f72223b616b756e5f6e616d61496e7374616e73697c733a32323a224954534b205253542064722e20536f657072616f656e223b616b756e5f616c696173496e7374616e73697c733a343a224954534b223b616b756e5f74686e416e67676172616e7c733a393a22323032322d32303233223b),
	('nhvagvorupt3gh7un0uvmh8eujkhbcgj', '36.82.12.141', 1667199469, _binary 0x5f5f63695f6c6173745f726567656e65726174657c693a313636373139393138373b63617074636861776f72647c733a363a22203239363720223b616b756e5f7573657249647c733a313a2231223b616b756e5f757365726e616d657c733a363a227561646d696e223b616b756e5f656d61696c7c733a31353a2261646d696e40676d61696c2e636f6d223b616b756e5f69734163746976657c733a313a2231223b616b756e5f696d6167657c733a34333a222f7075626c69632f75706c6f6164732f757365722f757365725f3232303632363130353635392e6a706567223b616b756e5f7265616c4e616d657c733a31333a2241646d696e6973747261746f72223b616b756e5f696447726f75707c733a313a2231223b616b756e5f67726f75704465736372697074696f6e7c733a31333a2241646d696e6973747261746f72223b616b756e5f6e616d61496e7374616e73697c733a32323a224954534b205253542064722e20536f657072616f656e223b616b756e5f616c696173496e7374616e73697c733a343a224954534b223b616b756e5f74686e416e67676172616e7c733a393a22323032322d32303233223b),
	('0h4u25pec6o7pmipnlsesu30fo0clok4', '182.1.73.195', 1667199445, _binary 0x5f5f63695f6c6173745f726567656e65726174657c693a313636373139393332393b63617074636861776f72647c733a363a22203133393220223b616b756e5f7573657249647c733a313a2231223b616b756e5f757365726e616d657c733a363a227561646d696e223b616b756e5f656d61696c7c733a31353a2261646d696e40676d61696c2e636f6d223b616b756e5f69734163746976657c733a313a2231223b616b756e5f696d6167657c733a34333a222f7075626c69632f75706c6f6164732f757365722f757365725f3232303632363130353635392e6a706567223b616b756e5f7265616c4e616d657c733a31333a2241646d696e6973747261746f72223b616b756e5f696447726f75707c733a313a2231223b616b756e5f67726f75704465736372697074696f6e7c733a31333a2241646d696e6973747261746f72223b616b756e5f6e616d61496e7374616e73697c733a32323a224954534b205253542064722e20536f657072616f656e223b616b756e5f616c696173496e7374616e73697c733a343a224954534b223b616b756e5f74686e416e67676172616e7c733a393a22323032322d32303233223b6e5f7472616e73616b73697c733a31343a22424d323032323130333130303634223b6a5f7472616e73616b73697c733a363a2274616d626168223b),
	('j9v0lrld39u6ofee3hrgs6a1ojp8soqk', '36.82.12.141', 1667199853, _binary 0x5f5f63695f6c6173745f726567656e65726174657c693a313636373139393636303b63617074636861776f72647c733a363a22203239363720223b616b756e5f7573657249647c733a313a2231223b616b756e5f757365726e616d657c733a363a227561646d696e223b616b756e5f656d61696c7c733a31353a2261646d696e40676d61696c2e636f6d223b616b756e5f69734163746976657c733a313a2231223b616b756e5f696d6167657c733a34333a222f7075626c69632f75706c6f6164732f757365722f757365725f3232303632363130353635392e6a706567223b616b756e5f7265616c4e616d657c733a31333a2241646d696e6973747261746f72223b616b756e5f696447726f75707c733a313a2231223b616b756e5f67726f75704465736372697074696f6e7c733a31333a2241646d696e6973747261746f72223b616b756e5f6e616d61496e7374616e73697c733a32323a224954534b205253542064722e20536f657072616f656e223b616b756e5f616c696173496e7374616e73697c733a343a224954534b223b616b756e5f74686e416e67676172616e7c733a393a22323032322d32303233223b),
	('hcef5c6fs069bksq5ohltlua384thq9f', '36.82.12.141', 1667200303, _binary 0x5f5f63695f6c6173745f726567656e65726174657c693a313636373139393834383b63617074636861776f72647c733a363a22203233333320223b616b756e5f7573657249647c733a313a2231223b616b756e5f757365726e616d657c733a363a227561646d696e223b616b756e5f656d61696c7c733a31353a2261646d696e40676d61696c2e636f6d223b616b756e5f69734163746976657c733a313a2231223b616b756e5f696d6167657c733a34333a222f7075626c69632f75706c6f6164732f757365722f757365725f3232303632363130353635392e6a706567223b616b756e5f7265616c4e616d657c733a31333a2241646d696e6973747261746f72223b616b756e5f696447726f75707c733a313a2231223b616b756e5f67726f75704465736372697074696f6e7c733a31333a2241646d696e6973747261746f72223b616b756e5f6e616d61496e7374616e73697c733a32323a224954534b205253542064722e20536f657072616f656e223b616b756e5f616c696173496e7374616e73697c733a343a224954534b223b616b756e5f74686e416e67676172616e7c733a393a22323032322d32303233223b6e5f7472616e73616b73697c733a31343a224354323032323130333130303032223b),
	('u49g0jhk6hv771t9iq132scvehjgt4qh', '36.82.12.141', 1667200292, _binary 0x5f5f63695f6c6173745f726567656e65726174657c693a313636373139393939373b63617074636861776f72647c733a363a22203239363720223b616b756e5f7573657249647c733a313a2231223b616b756e5f757365726e616d657c733a363a227561646d696e223b616b756e5f656d61696c7c733a31353a2261646d696e40676d61696c2e636f6d223b616b756e5f69734163746976657c733a313a2231223b616b756e5f696d6167657c733a34333a222f7075626c69632f75706c6f6164732f757365722f757365725f3232303632363130353635392e6a706567223b616b756e5f7265616c4e616d657c733a31333a2241646d696e6973747261746f72223b616b756e5f696447726f75707c733a313a2231223b616b756e5f67726f75704465736372697074696f6e7c733a31333a2241646d696e6973747261746f72223b616b756e5f6e616d61496e7374616e73697c733a32323a224954534b205253542064722e20536f657072616f656e223b616b756e5f616c696173496e7374616e73697c733a343a224954534b223b616b756e5f74686e416e67676172616e7c733a393a22323032322d32303233223b),
	('l8l1pa9p86eb8bf9a58he6ic14ph3bfb', '36.82.12.141', 1667200548, _binary 0x5f5f63695f6c6173745f726567656e65726174657c693a313636373230303330323b63617074636861776f72647c733a363a22203239363720223b616b756e5f7573657249647c733a313a2231223b616b756e5f757365726e616d657c733a363a227561646d696e223b616b756e5f656d61696c7c733a31353a2261646d696e40676d61696c2e636f6d223b616b756e5f69734163746976657c733a313a2231223b616b756e5f696d6167657c733a34333a222f7075626c69632f75706c6f6164732f757365722f757365725f3232303632363130353635392e6a706567223b616b756e5f7265616c4e616d657c733a31333a2241646d696e6973747261746f72223b616b756e5f696447726f75707c733a313a2231223b616b756e5f67726f75704465736372697074696f6e7c733a31333a2241646d696e6973747261746f72223b616b756e5f6e616d61496e7374616e73697c733a32323a224954534b205253542064722e20536f657072616f656e223b616b756e5f616c696173496e7374616e73697c733a343a224954534b223b616b756e5f74686e416e67676172616e7c733a393a22323032322d32303233223b),
	('up8pd897mo7234dnb7pmgi2ulou80f51', '36.82.12.141', 1667200590, _binary 0x5f5f63695f6c6173745f726567656e65726174657c693a313636373230303334343b63617074636861776f72647c733a363a22203233333320223b616b756e5f7573657249647c733a313a2231223b616b756e5f757365726e616d657c733a363a227561646d696e223b616b756e5f656d61696c7c733a31353a2261646d696e40676d61696c2e636f6d223b616b756e5f69734163746976657c733a313a2231223b616b756e5f696d6167657c733a34333a222f7075626c69632f75706c6f6164732f757365722f757365725f3232303632363130353635392e6a706567223b616b756e5f7265616c4e616d657c733a31333a2241646d696e6973747261746f72223b616b756e5f696447726f75707c733a313a2231223b616b756e5f67726f75704465736372697074696f6e7c733a31333a2241646d696e6973747261746f72223b616b756e5f6e616d61496e7374616e73697c733a32323a224954534b205253542064722e20536f657072616f656e223b616b756e5f616c696173496e7374616e73697c733a343a224954534b223b616b756e5f74686e416e67676172616e7c733a393a22323032322d32303233223b6e5f7472616e73616b73697c733a31343a224354323032323130333130303032223b),
	('rmuas52o3h5k4eqm4t1oi0bjjpa6mdhe', '36.82.12.141', 1667200966, _binary 0x5f5f63695f6c6173745f726567656e65726174657c693a313636373230303636373b63617074636861776f72647c733a363a22203233333320223b616b756e5f7573657249647c733a313a2231223b616b756e5f757365726e616d657c733a363a227561646d696e223b616b756e5f656d61696c7c733a31353a2261646d696e40676d61696c2e636f6d223b616b756e5f69734163746976657c733a313a2231223b616b756e5f696d6167657c733a34333a222f7075626c69632f75706c6f6164732f757365722f757365725f3232303632363130353635392e6a706567223b616b756e5f7265616c4e616d657c733a31333a2241646d696e6973747261746f72223b616b756e5f696447726f75707c733a313a2231223b616b756e5f67726f75704465736372697074696f6e7c733a31333a2241646d696e6973747261746f72223b616b756e5f6e616d61496e7374616e73697c733a32323a224954534b205253542064722e20536f657072616f656e223b616b756e5f616c696173496e7374616e73697c733a343a224954534b223b616b756e5f74686e416e67676172616e7c733a393a22323032322d32303233223b6e5f7472616e73616b73697c733a31343a224354323032323130333130303032223b),
	('r48fbci8n4h3375gtpucseib1u46ol0m', '36.82.12.141', 1667201019, _binary 0x5f5f63695f6c6173745f726567656e65726174657c693a313636373230303831333b63617074636861776f72647c733a363a22203239363720223b616b756e5f7573657249647c733a313a2231223b616b756e5f757365726e616d657c733a363a227561646d696e223b616b756e5f656d61696c7c733a31353a2261646d696e40676d61696c2e636f6d223b616b756e5f69734163746976657c733a313a2231223b616b756e5f696d6167657c733a34333a222f7075626c69632f75706c6f6164732f757365722f757365725f3232303632363130353635392e6a706567223b616b756e5f7265616c4e616d657c733a31333a2241646d696e6973747261746f72223b616b756e5f696447726f75707c733a313a2231223b616b756e5f67726f75704465736372697074696f6e7c733a31333a2241646d696e6973747261746f72223b616b756e5f6e616d61496e7374616e73697c733a32323a224954534b205253542064722e20536f657072616f656e223b616b756e5f616c696173496e7374616e73697c733a343a224954534b223b616b756e5f74686e416e67676172616e7c733a393a22323032322d32303233223b),
	('8atpqffkjkeiq5jml75leigsi7dj91bq', '36.82.12.141', 1667201278, _binary 0x5f5f63695f6c6173745f726567656e65726174657c693a313636373230303937393b63617074636861776f72647c733a363a22203233333320223b616b756e5f7573657249647c733a313a2231223b616b756e5f757365726e616d657c733a363a227561646d696e223b616b756e5f656d61696c7c733a31353a2261646d696e40676d61696c2e636f6d223b616b756e5f69734163746976657c733a313a2231223b616b756e5f696d6167657c733a34333a222f7075626c69632f75706c6f6164732f757365722f757365725f3232303632363130353635392e6a706567223b616b756e5f7265616c4e616d657c733a31333a2241646d696e6973747261746f72223b616b756e5f696447726f75707c733a313a2231223b616b756e5f67726f75704465736372697074696f6e7c733a31333a2241646d696e6973747261746f72223b616b756e5f6e616d61496e7374616e73697c733a32323a224954534b205253542064722e20536f657072616f656e223b616b756e5f616c696173496e7374616e73697c733a343a224954534b223b616b756e5f74686e416e67676172616e7c733a393a22323032322d32303233223b6e5f7472616e73616b73697c733a31343a224354323032323130333130303032223b),
	('ravlhpbvlogli0eiqm55v807pm3kqktt', '36.82.12.141', 1667201298, _binary 0x5f5f63695f6c6173745f726567656e65726174657c693a313636373230313233323b63617074636861776f72647c733a363a22203239363720223b616b756e5f7573657249647c733a313a2231223b616b756e5f757365726e616d657c733a363a227561646d696e223b616b756e5f656d61696c7c733a31353a2261646d696e40676d61696c2e636f6d223b616b756e5f69734163746976657c733a313a2231223b616b756e5f696d6167657c733a34333a222f7075626c69632f75706c6f6164732f757365722f757365725f3232303632363130353635392e6a706567223b616b756e5f7265616c4e616d657c733a31333a2241646d696e6973747261746f72223b616b756e5f696447726f75707c733a313a2231223b616b756e5f67726f75704465736372697074696f6e7c733a31333a2241646d696e6973747261746f72223b616b756e5f6e616d61496e7374616e73697c733a32323a224954534b205253542064722e20536f657072616f656e223b616b756e5f616c696173496e7374616e73697c733a343a224954534b223b616b756e5f74686e416e67676172616e7c733a393a22323032322d32303233223b),
	('1ufvo6dovbfohg9hdgfciopjk1ut5k54', '36.82.12.141', 1667201748, _binary 0x5f5f63695f6c6173745f726567656e65726174657c693a313636373230313332383b63617074636861776f72647c733a363a22203233333320223b616b756e5f7573657249647c733a313a2231223b616b756e5f757365726e616d657c733a363a227561646d696e223b616b756e5f656d61696c7c733a31353a2261646d696e40676d61696c2e636f6d223b616b756e5f69734163746976657c733a313a2231223b616b756e5f696d6167657c733a34333a222f7075626c69632f75706c6f6164732f757365722f757365725f3232303632363130353635392e6a706567223b616b756e5f7265616c4e616d657c733a31333a2241646d696e6973747261746f72223b616b756e5f696447726f75707c733a313a2231223b616b756e5f67726f75704465736372697074696f6e7c733a31333a2241646d696e6973747261746f72223b616b756e5f6e616d61496e7374616e73697c733a32323a224954534b205253542064722e20536f657072616f656e223b616b756e5f616c696173496e7374616e73697c733a343a224954534b223b616b756e5f74686e416e67676172616e7c733a393a22323032322d32303233223b6e5f7472616e73616b73697c733a31343a224354323032323130333130303032223b),
	('qqscqai95kl8ghg1l8ii7uimhqn3k0p0', '36.82.12.141', 1667201959, _binary 0x5f5f63695f6c6173745f726567656e65726174657c693a313636373230313931383b63617074636861776f72647c733a363a22203239363720223b616b756e5f7573657249647c733a313a2231223b616b756e5f757365726e616d657c733a363a227561646d696e223b616b756e5f656d61696c7c733a31353a2261646d696e40676d61696c2e636f6d223b616b756e5f69734163746976657c733a313a2231223b616b756e5f696d6167657c733a34333a222f7075626c69632f75706c6f6164732f757365722f757365725f3232303632363130353635392e6a706567223b616b756e5f7265616c4e616d657c733a31333a2241646d696e6973747261746f72223b616b756e5f696447726f75707c733a313a2231223b616b756e5f67726f75704465736372697074696f6e7c733a31333a2241646d696e6973747261746f72223b616b756e5f6e616d61496e7374616e73697c733a32323a224954534b205253542064722e20536f657072616f656e223b616b756e5f616c696173496e7374616e73697c733a343a224954534b223b616b756e5f74686e416e67676172616e7c733a393a22323032322d32303233223b),
	('lfi3uucqgmkpt4oj42jn2ag7387bfv3g', '36.82.12.141', 1667202424, _binary 0x5f5f63695f6c6173745f726567656e65726174657c693a313636373230323234383b63617074636861776f72647c733a363a22203233333320223b616b756e5f7573657249647c733a313a2231223b616b756e5f757365726e616d657c733a363a227561646d696e223b616b756e5f656d61696c7c733a31353a2261646d696e40676d61696c2e636f6d223b616b756e5f69734163746976657c733a313a2231223b616b756e5f696d6167657c733a34333a222f7075626c69632f75706c6f6164732f757365722f757365725f3232303632363130353635392e6a706567223b616b756e5f7265616c4e616d657c733a31333a2241646d696e6973747261746f72223b616b756e5f696447726f75707c733a313a2231223b616b756e5f67726f75704465736372697074696f6e7c733a31333a2241646d696e6973747261746f72223b616b756e5f6e616d61496e7374616e73697c733a32323a224954534b205253542064722e20536f657072616f656e223b616b756e5f616c696173496e7374616e73697c733a343a224954534b223b616b756e5f74686e416e67676172616e7c733a393a22323032322d32303233223b6e5f7472616e73616b73697c733a31343a224354323032323130333130303032223b),
	('nb6hvc2i7mgv73e9292urknsj28q6jp8', '36.82.12.141', 1667202396, _binary 0x5f5f63695f6c6173745f726567656e65726174657c693a313636373230323237323b63617074636861776f72647c733a363a22203239363720223b616b756e5f7573657249647c733a313a2231223b616b756e5f757365726e616d657c733a363a227561646d696e223b616b756e5f656d61696c7c733a31353a2261646d696e40676d61696c2e636f6d223b616b756e5f69734163746976657c733a313a2231223b616b756e5f696d6167657c733a34333a222f7075626c69632f75706c6f6164732f757365722f757365725f3232303632363130353635392e6a706567223b616b756e5f7265616c4e616d657c733a31333a2241646d696e6973747261746f72223b616b756e5f696447726f75707c733a313a2231223b616b756e5f67726f75704465736372697074696f6e7c733a31333a2241646d696e6973747261746f72223b616b756e5f6e616d61496e7374616e73697c733a32323a224954534b205253542064722e20536f657072616f656e223b616b756e5f616c696173496e7374616e73697c733a343a224954534b223b616b756e5f74686e416e67676172616e7c733a393a22323032322d32303233223b),
	('ko76q1ppbfq4i8iui3040gndrutjdgih', '36.82.12.141', 1667202627, _binary 0x5f5f63695f6c6173745f726567656e65726174657c693a313636373230323539343b63617074636861776f72647c733a363a22203239363720223b616b756e5f7573657249647c733a313a2231223b616b756e5f757365726e616d657c733a363a227561646d696e223b616b756e5f656d61696c7c733a31353a2261646d696e40676d61696c2e636f6d223b616b756e5f69734163746976657c733a313a2231223b616b756e5f696d6167657c733a34333a222f7075626c69632f75706c6f6164732f757365722f757365725f3232303632363130353635392e6a706567223b616b756e5f7265616c4e616d657c733a31333a2241646d696e6973747261746f72223b616b756e5f696447726f75707c733a313a2231223b616b756e5f67726f75704465736372697074696f6e7c733a31333a2241646d696e6973747261746f72223b616b756e5f6e616d61496e7374616e73697c733a32323a224954534b205253542064722e20536f657072616f656e223b616b756e5f616c696173496e7374616e73697c733a343a224954534b223b616b756e5f74686e416e67676172616e7c733a393a22323032322d32303233223b),
	('vov86khb963306n467kdfg8sm7b94t6k', '36.82.12.141', 1667203025, _binary 0x5f5f63695f6c6173745f726567656e65726174657c693a313636373230323937393b63617074636861776f72647c733a363a22203233333320223b616b756e5f7573657249647c733a313a2231223b616b756e5f757365726e616d657c733a363a227561646d696e223b616b756e5f656d61696c7c733a31353a2261646d696e40676d61696c2e636f6d223b616b756e5f69734163746976657c733a313a2231223b616b756e5f696d6167657c733a34333a222f7075626c69632f75706c6f6164732f757365722f757365725f3232303632363130353635392e6a706567223b616b756e5f7265616c4e616d657c733a31333a2241646d696e6973747261746f72223b616b756e5f696447726f75707c733a313a2231223b616b756e5f67726f75704465736372697074696f6e7c733a31333a2241646d696e6973747261746f72223b616b756e5f6e616d61496e7374616e73697c733a32323a224954534b205253542064722e20536f657072616f656e223b616b756e5f616c696173496e7374616e73697c733a343a224954534b223b616b756e5f74686e416e67676172616e7c733a393a22323032322d32303233223b6e5f7472616e73616b73697c733a31343a224354323032323130333130303032223b),
	('21m6ilnmlvpn1c7nt7ktod3urru83ub0', '36.82.12.141', 1667203011, _binary 0x5f5f63695f6c6173745f726567656e65726174657c693a313636373230333030363b63617074636861776f72647c733a363a22203239363720223b616b756e5f7573657249647c733a313a2231223b616b756e5f757365726e616d657c733a363a227561646d696e223b616b756e5f656d61696c7c733a31353a2261646d696e40676d61696c2e636f6d223b616b756e5f69734163746976657c733a313a2231223b616b756e5f696d6167657c733a34333a222f7075626c69632f75706c6f6164732f757365722f757365725f3232303632363130353635392e6a706567223b616b756e5f7265616c4e616d657c733a31333a2241646d696e6973747261746f72223b616b756e5f696447726f75707c733a313a2231223b616b756e5f67726f75704465736372697074696f6e7c733a31333a2241646d696e6973747261746f72223b616b756e5f6e616d61496e7374616e73697c733a32323a224954534b205253542064722e20536f657072616f656e223b616b756e5f616c696173496e7374616e73697c733a343a224954534b223b616b756e5f74686e416e67676172616e7c733a393a22323032322d32303233223b),
	('g4dh0ftjqdp1sujm2ae94i8g8uhngo20', '36.82.12.141', 1667203481, _binary 0x5f5f63695f6c6173745f726567656e65726174657c693a313636373230333436383b63617074636861776f72647c733a363a22203239363720223b616b756e5f7573657249647c733a313a2231223b616b756e5f757365726e616d657c733a363a227561646d696e223b616b756e5f656d61696c7c733a31353a2261646d696e40676d61696c2e636f6d223b616b756e5f69734163746976657c733a313a2231223b616b756e5f696d6167657c733a34333a222f7075626c69632f75706c6f6164732f757365722f757365725f3232303632363130353635392e6a706567223b616b756e5f7265616c4e616d657c733a31333a2241646d696e6973747261746f72223b616b756e5f696447726f75707c733a313a2231223b616b756e5f67726f75704465736372697074696f6e7c733a31333a2241646d696e6973747261746f72223b616b756e5f6e616d61496e7374616e73697c733a32323a224954534b205253542064722e20536f657072616f656e223b616b756e5f616c696173496e7374616e73697c733a343a224954534b223b616b756e5f74686e416e67676172616e7c733a393a22323032322d32303233223b),
	('erj61br727o4a494lgom3m93p73t18q3', '36.82.12.141', 1667205858, _binary 0x5f5f63695f6c6173745f726567656e65726174657c693a313636373230353835383b63617074636861776f72647c733a363a22203239363720223b616b756e5f7573657249647c733a313a2231223b616b756e5f757365726e616d657c733a363a227561646d696e223b616b756e5f656d61696c7c733a31353a2261646d696e40676d61696c2e636f6d223b616b756e5f69734163746976657c733a313a2231223b616b756e5f696d6167657c733a34333a222f7075626c69632f75706c6f6164732f757365722f757365725f3232303632363130353635392e6a706567223b616b756e5f7265616c4e616d657c733a31333a2241646d696e6973747261746f72223b616b756e5f696447726f75707c733a313a2231223b616b756e5f67726f75704465736372697074696f6e7c733a31333a2241646d696e6973747261746f72223b616b756e5f6e616d61496e7374616e73697c733a32323a224954534b205253542064722e20536f657072616f656e223b616b756e5f616c696173496e7374616e73697c733a343a224954534b223b616b756e5f74686e416e67676172616e7c733a393a22323032322d32303233223b),
	('hlbps7l0ktuh3ggsd93jo8btl2bntlqv', '180.248.25.160', 1667206636, _binary 0x5f5f63695f6c6173745f726567656e65726174657c693a313636373230363534373b63617074636861776f72647c733a363a22203438323020223b616b756e5f7573657249647c733a313a2231223b616b756e5f757365726e616d657c733a363a227561646d696e223b616b756e5f656d61696c7c733a31353a2261646d696e40676d61696c2e636f6d223b616b756e5f69734163746976657c733a313a2231223b616b756e5f696d6167657c733a34333a222f7075626c69632f75706c6f6164732f757365722f757365725f3232303632363130353635392e6a706567223b616b756e5f7265616c4e616d657c733a31333a2241646d696e6973747261746f72223b616b756e5f696447726f75707c733a313a2231223b616b756e5f67726f75704465736372697074696f6e7c733a31333a2241646d696e6973747261746f72223b616b756e5f6e616d61496e7374616e73697c733a32323a224954534b205253542064722e20536f657072616f656e223b616b756e5f616c696173496e7374616e73697c733a343a224954534b223b616b756e5f74686e416e67676172616e7c733a393a22323032322d32303233223b),
	('e5lnu0ik972e2lrg1bam9lpcf7303d96', '36.82.12.141', 1667206961, _binary 0x5f5f63695f6c6173745f726567656e65726174657c693a313636373230363936303b63617074636861776f72647c733a363a22203239363720223b616b756e5f7573657249647c733a313a2231223b616b756e5f757365726e616d657c733a363a227561646d696e223b616b756e5f656d61696c7c733a31353a2261646d696e40676d61696c2e636f6d223b616b756e5f69734163746976657c733a313a2231223b616b756e5f696d6167657c733a34333a222f7075626c69632f75706c6f6164732f757365722f757365725f3232303632363130353635392e6a706567223b616b756e5f7265616c4e616d657c733a31333a2241646d696e6973747261746f72223b616b756e5f696447726f75707c733a313a2231223b616b756e5f67726f75704465736372697074696f6e7c733a31333a2241646d696e6973747261746f72223b616b756e5f6e616d61496e7374616e73697c733a32323a224954534b205253542064722e20536f657072616f656e223b616b756e5f616c696173496e7374616e73697c733a343a224954534b223b616b756e5f74686e416e67676172616e7c733a393a22323032322d32303233223b),
	('k67aln2kfnl3tfio581d31fvvk639770', '36.82.12.141', 1667207457, _binary 0x5f5f63695f6c6173745f726567656e65726174657c693a313636373230373435343b63617074636861776f72647c733a363a22203239363720223b616b756e5f7573657249647c733a313a2231223b616b756e5f757365726e616d657c733a363a227561646d696e223b616b756e5f656d61696c7c733a31353a2261646d696e40676d61696c2e636f6d223b616b756e5f69734163746976657c733a313a2231223b616b756e5f696d6167657c733a34333a222f7075626c69632f75706c6f6164732f757365722f757365725f3232303632363130353635392e6a706567223b616b756e5f7265616c4e616d657c733a31333a2241646d696e6973747261746f72223b616b756e5f696447726f75707c733a313a2231223b616b756e5f67726f75704465736372697074696f6e7c733a31333a2241646d696e6973747261746f72223b616b756e5f6e616d61496e7374616e73697c733a32323a224954534b205253542064722e20536f657072616f656e223b616b756e5f616c696173496e7374616e73697c733a343a224954534b223b616b756e5f74686e416e67676172616e7c733a393a22323032322d32303233223b),
	('jmd0rguh6l6sm508bgsoairf4j0lirfv', '182.1.73.195', 1667208315, _binary 0x5f5f63695f6c6173745f726567656e65726174657c693a313636373230383235333b63617074636861776f72647c733a363a22203335373320223b616b756e5f7573657249647c733a313a2231223b616b756e5f757365726e616d657c733a363a227561646d696e223b616b756e5f656d61696c7c733a31353a2261646d696e40676d61696c2e636f6d223b616b756e5f69734163746976657c733a313a2231223b616b756e5f696d6167657c733a34333a222f7075626c69632f75706c6f6164732f757365722f757365725f3232303632363130353635392e6a706567223b616b756e5f7265616c4e616d657c733a31333a2241646d696e6973747261746f72223b616b756e5f696447726f75707c733a313a2231223b616b756e5f67726f75704465736372697074696f6e7c733a31333a2241646d696e6973747261746f72223b616b756e5f6e616d61496e7374616e73697c733a32323a224954534b205253542064722e20536f657072616f656e223b616b756e5f616c696173496e7374616e73697c733a343a224954534b223b616b756e5f74686e416e67676172616e7c733a393a22323032322d32303233223b),
	('hs6r9lr6b0pvocgv3jev6chum0vdbf1l', '36.82.12.141', 1667213564, _binary 0x5f5f63695f6c6173745f726567656e65726174657c693a313636373231333536343b63617074636861776f72647c733a363a22203239363720223b616b756e5f7573657249647c733a313a2231223b616b756e5f757365726e616d657c733a363a227561646d696e223b616b756e5f656d61696c7c733a31353a2261646d696e40676d61696c2e636f6d223b616b756e5f69734163746976657c733a313a2231223b616b756e5f696d6167657c733a34333a222f7075626c69632f75706c6f6164732f757365722f757365725f3232303632363130353635392e6a706567223b616b756e5f7265616c4e616d657c733a31333a2241646d696e6973747261746f72223b616b756e5f696447726f75707c733a313a2231223b616b756e5f67726f75704465736372697074696f6e7c733a31333a2241646d696e6973747261746f72223b616b756e5f6e616d61496e7374616e73697c733a32323a224954534b205253542064722e20536f657072616f656e223b616b756e5f616c696173496e7374616e73697c733a343a224954534b223b616b756e5f74686e416e67676172616e7c733a393a22323032322d32303233223b),
	('i9lmriulj6l56jc9r18sfq6003g9473k', '36.82.12.141', 1667215237, _binary 0x5f5f63695f6c6173745f726567656e65726174657c693a313636373231353233373b63617074636861776f72647c733a363a22203239363720223b616b756e5f7573657249647c733a313a2231223b616b756e5f757365726e616d657c733a363a227561646d696e223b616b756e5f656d61696c7c733a31353a2261646d696e40676d61696c2e636f6d223b616b756e5f69734163746976657c733a313a2231223b616b756e5f696d6167657c733a34333a222f7075626c69632f75706c6f6164732f757365722f757365725f3232303632363130353635392e6a706567223b616b756e5f7265616c4e616d657c733a31333a2241646d696e6973747261746f72223b616b756e5f696447726f75707c733a313a2231223b616b756e5f67726f75704465736372697074696f6e7c733a31333a2241646d696e6973747261746f72223b616b756e5f6e616d61496e7374616e73697c733a32323a224954534b205253542064722e20536f657072616f656e223b616b756e5f616c696173496e7374616e73697c733a343a224954534b223b616b756e5f74686e416e67676172616e7c733a393a22323032322d32303233223b),
	('me70lhque9sg99n6ams72vu5vuo2sqsh', '36.82.12.141', 1667215493, _binary 0x5f5f63695f6c6173745f726567656e65726174657c693a313636373231353438303b63617074636861776f72647c733a363a22203433383420223b616b756e5f7573657249647c733a313a2231223b616b756e5f757365726e616d657c733a363a227561646d696e223b616b756e5f656d61696c7c733a31353a2261646d696e40676d61696c2e636f6d223b616b756e5f69734163746976657c733a313a2231223b616b756e5f696d6167657c733a34333a222f7075626c69632f75706c6f6164732f757365722f757365725f3232303632363130353635392e6a706567223b616b756e5f7265616c4e616d657c733a31333a2241646d696e6973747261746f72223b616b756e5f696447726f75707c733a313a2231223b616b756e5f67726f75704465736372697074696f6e7c733a31333a2241646d696e6973747261746f72223b616b756e5f6e616d61496e7374616e73697c733a32323a224954534b205253542064722e20536f657072616f656e223b616b756e5f616c696173496e7374616e73697c733a343a224954534b223b616b756e5f74686e416e67676172616e7c733a393a22323032322d32303233223b),
	('4rv4gn2jsi5ohbl6dn2s7he8d2boo37e', '36.82.12.141', 1667216918, _binary 0x5f5f63695f6c6173745f726567656e65726174657c693a313636373231363931313b63617074636861776f72647c733a363a22203433383420223b616b756e5f7573657249647c733a313a2231223b616b756e5f757365726e616d657c733a363a227561646d696e223b616b756e5f656d61696c7c733a31353a2261646d696e40676d61696c2e636f6d223b616b756e5f69734163746976657c733a313a2231223b616b756e5f696d6167657c733a34333a222f7075626c69632f75706c6f6164732f757365722f757365725f3232303632363130353635392e6a706567223b616b756e5f7265616c4e616d657c733a31333a2241646d696e6973747261746f72223b616b756e5f696447726f75707c733a313a2231223b616b756e5f67726f75704465736372697074696f6e7c733a31333a2241646d696e6973747261746f72223b616b756e5f6e616d61496e7374616e73697c733a32323a224954534b205253542064722e20536f657072616f656e223b616b756e5f616c696173496e7374616e73697c733a343a224954534b223b616b756e5f74686e416e67676172616e7c733a393a22323032322d32303233223b),
	('qv71vdes3ol3ltmbqdvqljt72rme2v85', '125.166.12.208', 1667264788, _binary 0x5f5f63695f6c6173745f726567656e65726174657c693a313636373236343737383b63617074636861776f72647c733a363a22203438333420223b616b756e5f7573657249647c733a313a2231223b616b756e5f757365726e616d657c733a363a227561646d696e223b616b756e5f656d61696c7c733a31353a2261646d696e40676d61696c2e636f6d223b616b756e5f69734163746976657c733a313a2231223b616b756e5f696d6167657c733a34333a222f7075626c69632f75706c6f6164732f757365722f757365725f3232303632363130353635392e6a706567223b616b756e5f7265616c4e616d657c733a31333a2241646d696e6973747261746f72223b616b756e5f696447726f75707c733a313a2231223b616b756e5f67726f75704465736372697074696f6e7c733a31333a2241646d696e6973747261746f72223b616b756e5f6e616d61496e7374616e73697c733a32323a224954534b205253542064722e20536f657072616f656e223b616b756e5f616c696173496e7374616e73697c733a343a224954534b223b616b756e5f74686e416e67676172616e7c733a393a22323032322d32303233223b),
	('16dgi5i2kmf62od4asend0aanu5nuld4', '125.166.12.208', 1667265323, _binary 0x5f5f63695f6c6173745f726567656e65726174657c693a313636373236353031393b63617074636861776f72647c733a363a22203431353720223b616b756e5f7573657249647c733a313a2231223b616b756e5f757365726e616d657c733a363a227561646d696e223b616b756e5f656d61696c7c733a31353a2261646d696e40676d61696c2e636f6d223b616b756e5f69734163746976657c733a313a2231223b616b756e5f696d6167657c733a34333a222f7075626c69632f75706c6f6164732f757365722f757365725f3232303632363130353635392e6a706567223b616b756e5f7265616c4e616d657c733a31333a2241646d696e6973747261746f72223b616b756e5f696447726f75707c733a313a2231223b616b756e5f67726f75704465736372697074696f6e7c733a31333a2241646d696e6973747261746f72223b616b756e5f6e616d61496e7374616e73697c733a32323a224954534b205253542064722e20536f657072616f656e223b616b756e5f616c696173496e7374616e73697c733a343a224954534b223b616b756e5f74686e416e67676172616e7c733a393a22323032322d32303233223b),
	('5lq1al8t3c7nnheaov7tk4mqmmbns9ks', '125.166.3.132', 1667265774, _binary 0x5f5f63695f6c6173745f726567656e65726174657c693a313636373236353632373b63617074636861776f72647c733a363a22203431353720223b616b756e5f7573657249647c733a313a2231223b616b756e5f757365726e616d657c733a363a227561646d696e223b616b756e5f656d61696c7c733a31353a2261646d696e40676d61696c2e636f6d223b616b756e5f69734163746976657c733a313a2231223b616b756e5f696d6167657c733a34333a222f7075626c69632f75706c6f6164732f757365722f757365725f3232303632363130353635392e6a706567223b616b756e5f7265616c4e616d657c733a31333a2241646d696e6973747261746f72223b616b756e5f696447726f75707c733a313a2231223b616b756e5f67726f75704465736372697074696f6e7c733a31333a2241646d696e6973747261746f72223b616b756e5f6e616d61496e7374616e73697c733a32323a224954534b205253542064722e20536f657072616f656e223b616b756e5f616c696173496e7374616e73697c733a343a224954534b223b616b756e5f74686e416e67676172616e7c733a393a22323032322d32303233223b747275657c733a32303a224461746120626572686173696c20646965646974223b5f5f63695f766172737c613a313a7b733a343a2274727565223b733a333a226f6c64223b7d),
	('bd9vkmbgo51im6kugm12ufse69erks17', '125.166.12.208', 1667265803, _binary 0x5f5f63695f6c6173745f726567656e65726174657c693a313636373236353738303b63617074636861776f72647c733a363a22203438333420223b616b756e5f7573657249647c733a313a2231223b616b756e5f757365726e616d657c733a363a227561646d696e223b616b756e5f656d61696c7c733a31353a2261646d696e40676d61696c2e636f6d223b616b756e5f69734163746976657c733a313a2231223b616b756e5f696d6167657c733a34333a222f7075626c69632f75706c6f6164732f757365722f757365725f3232303632363130353635392e6a706567223b616b756e5f7265616c4e616d657c733a31333a2241646d696e6973747261746f72223b616b756e5f696447726f75707c733a313a2231223b616b756e5f67726f75704465736372697074696f6e7c733a31333a2241646d696e6973747261746f72223b616b756e5f6e616d61496e7374616e73697c733a32323a224954534b205253542064722e20536f657072616f656e223b616b756e5f616c696173496e7374616e73697c733a343a224954534b223b616b756e5f74686e416e67676172616e7c733a393a22323032322d32303233223b),
	('rparpsn9udpup5q3pcrrsk0fhdq0gr8u', '125.166.12.208', 1667266151, _binary 0x5f5f63695f6c6173745f726567656e65726174657c693a313636373236353933393b63617074636861776f72647c733a363a22203431353720223b616b756e5f7573657249647c733a313a2231223b616b756e5f757365726e616d657c733a363a227561646d696e223b616b756e5f656d61696c7c733a31353a2261646d696e40676d61696c2e636f6d223b616b756e5f69734163746976657c733a313a2231223b616b756e5f696d6167657c733a34333a222f7075626c69632f75706c6f6164732f757365722f757365725f3232303632363130353635392e6a706567223b616b756e5f7265616c4e616d657c733a31333a2241646d696e6973747261746f72223b616b756e5f696447726f75707c733a313a2231223b616b756e5f67726f75704465736372697074696f6e7c733a31333a2241646d696e6973747261746f72223b616b756e5f6e616d61496e7374616e73697c733a32323a224954534b205253542064722e20536f657072616f656e223b616b756e5f616c696173496e7374616e73697c733a343a224954534b223b616b756e5f74686e416e67676172616e7c733a393a22323032322d32303233223b747275657c733a32313a224461746120426572686173696c2064696861707573223b5f5f63695f766172737c613a313a7b733a343a2274727565223b733a333a226f6c64223b7d),
	('esg7elqvnphg8usv1r5j3268vd4nd0v7', '125.166.12.208', 1667266389, _binary 0x5f5f63695f6c6173745f726567656e65726174657c693a313636373236363335363b63617074636861776f72647c733a363a22203431353720223b616b756e5f7573657249647c733a313a2231223b616b756e5f757365726e616d657c733a363a227561646d696e223b616b756e5f656d61696c7c733a31353a2261646d696e40676d61696c2e636f6d223b616b756e5f69734163746976657c733a313a2231223b616b756e5f696d6167657c733a34333a222f7075626c69632f75706c6f6164732f757365722f757365725f3232303632363130353635392e6a706567223b616b756e5f7265616c4e616d657c733a31333a2241646d696e6973747261746f72223b616b756e5f696447726f75707c733a313a2231223b616b756e5f67726f75704465736372697074696f6e7c733a31333a2241646d696e6973747261746f72223b616b756e5f6e616d61496e7374616e73697c733a32323a224954534b205253542064722e20536f657072616f656e223b616b756e5f616c696173496e7374616e73697c733a343a224954534b223b616b756e5f74686e416e67676172616e7c733a393a22323032322d32303233223b747275657c733a32323a224461746120626572686173696c20646973696d70616e223b5f5f63695f766172737c613a313a7b733a343a2274727565223b733a333a226f6c64223b7d),
	('it7t7nj6mhegi7pjm6e8kqvc1nvmn4fo', '125.166.12.208', 1667266951, _binary 0x5f5f63695f6c6173745f726567656e65726174657c693a313636373236363635393b63617074636861776f72647c733a363a22203431353720223b616b756e5f7573657249647c733a313a2231223b616b756e5f757365726e616d657c733a363a227561646d696e223b616b756e5f656d61696c7c733a31353a2261646d696e40676d61696c2e636f6d223b616b756e5f69734163746976657c733a313a2231223b616b756e5f696d6167657c733a34333a222f7075626c69632f75706c6f6164732f757365722f757365725f3232303632363130353635392e6a706567223b616b756e5f7265616c4e616d657c733a31333a2241646d696e6973747261746f72223b616b756e5f696447726f75707c733a313a2231223b616b756e5f67726f75704465736372697074696f6e7c733a31333a2241646d696e6973747261746f72223b616b756e5f6e616d61496e7374616e73697c733a32323a224954534b205253542064722e20536f657072616f656e223b616b756e5f616c696173496e7374616e73697c733a343a224954534b223b616b756e5f74686e416e67676172616e7c733a393a22323032322d32303233223b6e5f7472616e73616b73697c733a31343a225354323032323131303130303033223b),
	('ber8gh9fhda1u72qpfr1n7mqlho9hc4j', '125.166.12.208', 1667267759, _binary 0x5f5f63695f6c6173745f726567656e65726174657c693a313636373236373436373b63617074636861776f72647c733a363a22203438333420223b616b756e5f7573657249647c733a313a2231223b616b756e5f757365726e616d657c733a363a227561646d696e223b616b756e5f656d61696c7c733a31353a2261646d696e40676d61696c2e636f6d223b616b756e5f69734163746976657c733a313a2231223b616b756e5f696d6167657c733a34333a222f7075626c69632f75706c6f6164732f757365722f757365725f3232303632363130353635392e6a706567223b616b756e5f7265616c4e616d657c733a31333a2241646d696e6973747261746f72223b616b756e5f696447726f75707c733a313a2231223b616b756e5f67726f75704465736372697074696f6e7c733a31333a2241646d696e6973747261746f72223b616b756e5f6e616d61496e7374616e73697c733a32323a224954534b205253542064722e20536f657072616f656e223b616b756e5f616c696173496e7374616e73697c733a343a224954534b223b616b756e5f74686e416e67676172616e7c733a393a22323032322d32303233223b),
	('j998cd9oa6achcssiag38783ajfk8jej', '125.166.12.208', 1667267850, _binary 0x5f5f63695f6c6173745f726567656e65726174657c693a313636373236373631383b63617074636861776f72647c733a363a22203431353720223b616b756e5f7573657249647c733a313a2231223b616b756e5f757365726e616d657c733a363a227561646d696e223b616b756e5f656d61696c7c733a31353a2261646d696e40676d61696c2e636f6d223b616b756e5f69734163746976657c733a313a2231223b616b756e5f696d6167657c733a34333a222f7075626c69632f75706c6f6164732f757365722f757365725f3232303632363130353635392e6a706567223b616b756e5f7265616c4e616d657c733a31333a2241646d696e6973747261746f72223b616b756e5f696447726f75707c733a313a2231223b616b756e5f67726f75704465736372697074696f6e7c733a31333a2241646d696e6973747261746f72223b616b756e5f6e616d61496e7374616e73697c733a32323a224954534b205253542064722e20536f657072616f656e223b616b756e5f616c696173496e7374616e73697c733a343a224954534b223b616b756e5f74686e416e67676172616e7c733a393a22323032322d32303233223b6e5f7472616e73616b73697c733a31343a224354323032323131303130303033223b),
	('m7seljdeblh6hb59245d7ho3jo9keh3k', '125.166.12.208', 1667268442, _binary 0x5f5f63695f6c6173745f726567656e65726174657c693a313636373236373737363b63617074636861776f72647c733a363a22203438333420223b616b756e5f7573657249647c733a313a2231223b616b756e5f757365726e616d657c733a363a227561646d696e223b616b756e5f656d61696c7c733a31353a2261646d696e40676d61696c2e636f6d223b616b756e5f69734163746976657c733a313a2231223b616b756e5f696d6167657c733a34333a222f7075626c69632f75706c6f6164732f757365722f757365725f3232303632363130353635392e6a706567223b616b756e5f7265616c4e616d657c733a31333a2241646d696e6973747261746f72223b616b756e5f696447726f75707c733a313a2231223b616b756e5f67726f75704465736372697074696f6e7c733a31333a2241646d696e6973747261746f72223b616b756e5f6e616d61496e7374616e73697c733a32323a224954534b205253542064722e20536f657072616f656e223b616b756e5f616c696173496e7374616e73697c733a343a224954534b223b616b756e5f74686e416e67676172616e7c733a393a22323032322d32303233223b6e5f7472616e73616b73697c733a31343a225354323032323131303130303037223b),
	('0fucjeetmu62hn6b82puaigjc1pck4pn', '125.166.12.208', 1667268160, _binary 0x5f5f63695f6c6173745f726567656e65726174657c693a313636373236373931393b63617074636861776f72647c733a363a22203431353720223b616b756e5f7573657249647c733a313a2231223b616b756e5f757365726e616d657c733a363a227561646d696e223b616b756e5f656d61696c7c733a31353a2261646d696e40676d61696c2e636f6d223b616b756e5f69734163746976657c733a313a2231223b616b756e5f696d6167657c733a34333a222f7075626c69632f75706c6f6164732f757365722f757365725f3232303632363130353635392e6a706567223b616b756e5f7265616c4e616d657c733a31333a2241646d696e6973747261746f72223b616b756e5f696447726f75707c733a313a2231223b616b756e5f67726f75704465736372697074696f6e7c733a31333a2241646d696e6973747261746f72223b616b756e5f6e616d61496e7374616e73697c733a32323a224954534b205253542064722e20536f657072616f656e223b616b756e5f616c696173496e7374616e73697c733a343a224954534b223b616b756e5f74686e416e67676172616e7c733a393a22323032322d32303233223b6e5f7472616e73616b73697c733a31343a225354323032323131303130303036223b),
	('0kofjc3jc86p5bglg9f7pencmrpv449h', '125.166.12.208', 1667268520, _binary 0x5f5f63695f6c6173745f726567656e65726174657c693a313636373236383333333b63617074636861776f72647c733a363a22203431353720223b616b756e5f7573657249647c733a313a2231223b616b756e5f757365726e616d657c733a363a227561646d696e223b616b756e5f656d61696c7c733a31353a2261646d696e40676d61696c2e636f6d223b616b756e5f69734163746976657c733a313a2231223b616b756e5f696d6167657c733a34333a222f7075626c69632f75706c6f6164732f757365722f757365725f3232303632363130353635392e6a706567223b616b756e5f7265616c4e616d657c733a31333a2241646d696e6973747261746f72223b616b756e5f696447726f75707c733a313a2231223b616b756e5f67726f75704465736372697074696f6e7c733a31333a2241646d696e6973747261746f72223b616b756e5f6e616d61496e7374616e73697c733a32323a224954534b205253542064722e20536f657072616f656e223b616b756e5f616c696173496e7374616e73697c733a343a224954534b223b616b756e5f74686e416e67676172616e7c733a393a22323032322d32303233223b6e5f7472616e73616b73697c733a31343a224354323032323131303130303034223b),
	('4vgmk9tfe8b39s7413ae080evjiqvj9n', '125.166.12.208', 1667268446, _binary 0x5f5f63695f6c6173745f726567656e65726174657c693a313636373236383434343b63617074636861776f72647c733a363a22203438333420223b616b756e5f7573657249647c733a313a2231223b616b756e5f757365726e616d657c733a363a227561646d696e223b616b756e5f656d61696c7c733a31353a2261646d696e40676d61696c2e636f6d223b616b756e5f69734163746976657c733a313a2231223b616b756e5f696d6167657c733a34333a222f7075626c69632f75706c6f6164732f757365722f757365725f3232303632363130353635392e6a706567223b616b756e5f7265616c4e616d657c733a31333a2241646d696e6973747261746f72223b616b756e5f696447726f75707c733a313a2231223b616b756e5f67726f75704465736372697074696f6e7c733a31333a2241646d696e6973747261746f72223b616b756e5f6e616d61496e7374616e73697c733a32323a224954534b205253542064722e20536f657072616f656e223b616b756e5f616c696173496e7374616e73697c733a343a224954534b223b616b756e5f74686e416e67676172616e7c733a393a22323032322d32303233223b6e5f7472616e73616b73697c733a31343a225354323032323131303130303037223b),
	('gcqd66lobp8e690kkcb2gfljjmhupko6', '125.166.3.132', 1667268750, _binary 0x5f5f63695f6c6173745f726567656e65726174657c693a313636373236383434363b63617074636861776f72647c733a363a22203438333420223b616b756e5f7573657249647c733a313a2231223b616b756e5f757365726e616d657c733a363a227561646d696e223b616b756e5f656d61696c7c733a31353a2261646d696e40676d61696c2e636f6d223b616b756e5f69734163746976657c733a313a2231223b616b756e5f696d6167657c733a34333a222f7075626c69632f75706c6f6164732f757365722f757365725f3232303632363130353635392e6a706567223b616b756e5f7265616c4e616d657c733a31333a2241646d696e6973747261746f72223b616b756e5f696447726f75707c733a313a2231223b616b756e5f67726f75704465736372697074696f6e7c733a31333a2241646d696e6973747261746f72223b616b756e5f6e616d61496e7374616e73697c733a32323a224954534b205253542064722e20536f657072616f656e223b616b756e5f616c696173496e7374616e73697c733a343a224954534b223b616b756e5f74686e416e67676172616e7c733a393a22323032322d32303233223b6e5f7472616e73616b73697c733a31343a225354323032323131303130303037223b),
	('g4t9glfq40gff09fu7gmf3aak0dvk0it', '125.166.3.132', 1667268896, _binary 0x5f5f63695f6c6173745f726567656e65726174657c693a313636373236383638303b63617074636861776f72647c733a363a22203431353720223b616b756e5f7573657249647c733a313a2231223b616b756e5f757365726e616d657c733a363a227561646d696e223b616b756e5f656d61696c7c733a31353a2261646d696e40676d61696c2e636f6d223b616b756e5f69734163746976657c733a313a2231223b616b756e5f696d6167657c733a34333a222f7075626c69632f75706c6f6164732f757365722f757365725f3232303632363130353635392e6a706567223b616b756e5f7265616c4e616d657c733a31333a2241646d696e6973747261746f72223b616b756e5f696447726f75707c733a313a2231223b616b756e5f67726f75704465736372697074696f6e7c733a31333a2241646d696e6973747261746f72223b616b756e5f6e616d61496e7374616e73697c733a32323a224954534b205253542064722e20536f657072616f656e223b616b756e5f616c696173496e7374616e73697c733a343a224954534b223b616b756e5f74686e416e67676172616e7c733a393a22323032322d32303233223b6e5f7472616e73616b73697c733a31343a22524e323032323131303130303035223b),
	('s2heucsnm3otp0r171ub5fl0a8h0eh9n', '125.166.12.208', 1667268973, _binary 0x5f5f63695f6c6173745f726567656e65726174657c693a313636373236383736313b63617074636861776f72647c733a363a22203438333420223b616b756e5f7573657249647c733a313a2231223b616b756e5f757365726e616d657c733a363a227561646d696e223b616b756e5f656d61696c7c733a31353a2261646d696e40676d61696c2e636f6d223b616b756e5f69734163746976657c733a313a2231223b616b756e5f696d6167657c733a34333a222f7075626c69632f75706c6f6164732f757365722f757365725f3232303632363130353635392e6a706567223b616b756e5f7265616c4e616d657c733a31333a2241646d696e6973747261746f72223b616b756e5f696447726f75707c733a313a2231223b616b756e5f67726f75704465736372697074696f6e7c733a31333a2241646d696e6973747261746f72223b616b756e5f6e616d61496e7374616e73697c733a32323a224954534b205253542064722e20536f657072616f656e223b616b756e5f616c696173496e7374616e73697c733a343a224954534b223b616b756e5f74686e416e67676172616e7c733a393a22323032322d32303233223b6e5f7472616e73616b73697c733a31343a225354323032323131303130303038223b),
	('d219uneped8pd1h0rhjm4lj2anjj2tvj', '125.166.12.208', 1667269443, _binary 0x5f5f63695f6c6173745f726567656e65726174657c693a313636373236393134303b63617074636861776f72647c733a363a22203438333420223b616b756e5f7573657249647c733a313a2231223b616b756e5f757365726e616d657c733a363a227561646d696e223b616b756e5f656d61696c7c733a31353a2261646d696e40676d61696c2e636f6d223b616b756e5f69734163746976657c733a313a2231223b616b756e5f696d6167657c733a34333a222f7075626c69632f75706c6f6164732f757365722f757365725f3232303632363130353635392e6a706567223b616b756e5f7265616c4e616d657c733a31333a2241646d696e6973747261746f72223b616b756e5f696447726f75707c733a313a2231223b616b756e5f67726f75704465736372697074696f6e7c733a31333a2241646d696e6973747261746f72223b616b756e5f6e616d61496e7374616e73697c733a32323a224954534b205253542064722e20536f657072616f656e223b616b756e5f616c696173496e7374616e73697c733a343a224954534b223b616b756e5f74686e416e67676172616e7c733a393a22323032322d32303233223b6e5f7472616e73616b73697c733a31343a225354323032323131303130303039223b),
	('4ac00hrggbvrnc7qgs3bl7320vf6sl1j', '125.166.3.132', 1667269176, _binary 0x5f5f63695f6c6173745f726567656e65726174657c693a313636373236393137363b63617074636861776f72647c733a363a22203431353720223b616b756e5f7573657249647c733a313a2231223b616b756e5f757365726e616d657c733a363a227561646d696e223b616b756e5f656d61696c7c733a31353a2261646d696e40676d61696c2e636f6d223b616b756e5f69734163746976657c733a313a2231223b616b756e5f696d6167657c733a34333a222f7075626c69632f75706c6f6164732f757365722f757365725f3232303632363130353635392e6a706567223b616b756e5f7265616c4e616d657c733a31333a2241646d696e6973747261746f72223b616b756e5f696447726f75707c733a313a2231223b616b756e5f67726f75704465736372697074696f6e7c733a31333a2241646d696e6973747261746f72223b616b756e5f6e616d61496e7374616e73697c733a32323a224954534b205253542064722e20536f657072616f656e223b616b756e5f616c696173496e7374616e73697c733a343a224954534b223b616b756e5f74686e416e67676172616e7c733a393a22323032322d32303233223b6e5f7472616e73616b73697c733a31343a22524e323032323131303130303035223b),
	('nbqum8krpm8vfjoihsces4ncej67ek7e', '125.166.3.132', 1667269450, _binary 0x5f5f63695f6c6173745f726567656e65726174657c693a313636373236393434373b63617074636861776f72647c733a363a22203438333420223b616b756e5f7573657249647c733a313a2231223b616b756e5f757365726e616d657c733a363a227561646d696e223b616b756e5f656d61696c7c733a31353a2261646d696e40676d61696c2e636f6d223b616b756e5f69734163746976657c733a313a2231223b616b756e5f696d6167657c733a34333a222f7075626c69632f75706c6f6164732f757365722f757365725f3232303632363130353635392e6a706567223b616b756e5f7265616c4e616d657c733a31333a2241646d696e6973747261746f72223b616b756e5f696447726f75707c733a313a2231223b616b756e5f67726f75704465736372697074696f6e7c733a31333a2241646d696e6973747261746f72223b616b756e5f6e616d61496e7374616e73697c733a32323a224954534b205253542064722e20536f657072616f656e223b616b756e5f616c696173496e7374616e73697c733a343a224954534b223b616b756e5f74686e416e67676172616e7c733a393a22323032322d32303233223b6e5f7472616e73616b73697c733a31343a225354323032323131303130303039223b),
	('3gikdcge4t2k4kd6ufp0e4dgnagb27ju', '125.166.12.208', 1667269876, _binary 0x5f5f63695f6c6173745f726567656e65726174657c693a313636373236393435303b63617074636861776f72647c733a363a22203438333420223b616b756e5f7573657249647c733a313a2231223b616b756e5f757365726e616d657c733a363a227561646d696e223b616b756e5f656d61696c7c733a31353a2261646d696e40676d61696c2e636f6d223b616b756e5f69734163746976657c733a313a2231223b616b756e5f696d6167657c733a34333a222f7075626c69632f75706c6f6164732f757365722f757365725f3232303632363130353635392e6a706567223b616b756e5f7265616c4e616d657c733a31333a2241646d696e6973747261746f72223b616b756e5f696447726f75707c733a313a2231223b616b756e5f67726f75704465736372697074696f6e7c733a31333a2241646d696e6973747261746f72223b616b756e5f6e616d61496e7374616e73697c733a32323a224954534b205253542064722e20536f657072616f656e223b616b756e5f616c696173496e7374616e73697c733a343a224954534b223b616b756e5f74686e416e67676172616e7c733a393a22323032322d32303233223b6e5f7472616e73616b73697c733a31343a225354323032323131303130303131223b),
	('jqe7lhm851imlrqaiardq4e3s09mh8uo', '125.166.12.208', 1667269791, _binary 0x5f5f63695f6c6173745f726567656e65726174657c693a313636373236393532393b63617074636861776f72647c733a363a22203431353720223b616b756e5f7573657249647c733a313a2231223b616b756e5f757365726e616d657c733a363a227561646d696e223b616b756e5f656d61696c7c733a31353a2261646d696e40676d61696c2e636f6d223b616b756e5f69734163746976657c733a313a2231223b616b756e5f696d6167657c733a34333a222f7075626c69632f75706c6f6164732f757365722f757365725f3232303632363130353635392e6a706567223b616b756e5f7265616c4e616d657c733a31333a2241646d696e6973747261746f72223b616b756e5f696447726f75707c733a313a2231223b616b756e5f67726f75704465736372697074696f6e7c733a31333a2241646d696e6973747261746f72223b616b756e5f6e616d61496e7374616e73697c733a32323a224954534b205253542064722e20536f657072616f656e223b616b756e5f616c696173496e7374616e73697c733a343a224954534b223b616b756e5f74686e416e67676172616e7c733a393a22323032322d32303233223b6e5f7472616e73616b73697c733a31343a22524e323032323131303130303035223b),
	('3v3s52hqa1idjqq4l28upfel2b6r6kdq', '125.166.12.208', 1667270831, _binary 0x5f5f63695f6c6173745f726567656e65726174657c693a313636373237303235323b63617074636861776f72647c733a363a22203431353720223b616b756e5f7573657249647c733a313a2231223b616b756e5f757365726e616d657c733a363a227561646d696e223b616b756e5f656d61696c7c733a31353a2261646d696e40676d61696c2e636f6d223b616b756e5f69734163746976657c733a313a2231223b616b756e5f696d6167657c733a34333a222f7075626c69632f75706c6f6164732f757365722f757365725f3232303632363130353635392e6a706567223b616b756e5f7265616c4e616d657c733a31333a2241646d696e6973747261746f72223b616b756e5f696447726f75707c733a313a2231223b616b756e5f67726f75704465736372697074696f6e7c733a31333a2241646d696e6973747261746f72223b616b756e5f6e616d61496e7374616e73697c733a32323a224954534b205253542064722e20536f657072616f656e223b616b756e5f616c696173496e7374616e73697c733a343a224954534b223b616b756e5f74686e416e67676172616e7c733a393a22323032322d32303233223b6e5f7472616e73616b73697c733a31343a22524e323032323131303130303132223b),
	('qaabfcvhtj7bcbaqvteokb1usb1mlk3g', '125.166.12.208', 1667270809, _binary 0x5f5f63695f6c6173745f726567656e65726174657c693a313636373237303531373b63617074636861776f72647c733a363a22203438333420223b616b756e5f7573657249647c733a313a2231223b616b756e5f757365726e616d657c733a363a227561646d696e223b616b756e5f656d61696c7c733a31353a2261646d696e40676d61696c2e636f6d223b616b756e5f69734163746976657c733a313a2231223b616b756e5f696d6167657c733a34333a222f7075626c69632f75706c6f6164732f757365722f757365725f3232303632363130353635392e6a706567223b616b756e5f7265616c4e616d657c733a31333a2241646d696e6973747261746f72223b616b756e5f696447726f75707c733a313a2231223b616b756e5f67726f75704465736372697074696f6e7c733a31333a2241646d696e6973747261746f72223b616b756e5f6e616d61496e7374616e73697c733a32323a224954534b205253542064722e20536f657072616f656e223b616b756e5f616c696173496e7374616e73697c733a343a224954534b223b616b756e5f74686e416e67676172616e7c733a393a22323032322d32303233223b6e5f7472616e73616b73697c733a31343a22504e323032323131303130303034223b),
	('33ficp0go9jl46h0kuku3qfvmaqs0ra6', '125.166.12.208', 1667271072, _binary 0x5f5f63695f6c6173745f726567656e65726174657c693a313636373237303831393b63617074636861776f72647c733a363a22203438333420223b616b756e5f7573657249647c733a313a2231223b616b756e5f757365726e616d657c733a363a227561646d696e223b616b756e5f656d61696c7c733a31353a2261646d696e40676d61696c2e636f6d223b616b756e5f69734163746976657c733a313a2231223b616b756e5f696d6167657c733a34333a222f7075626c69632f75706c6f6164732f757365722f757365725f3232303632363130353635392e6a706567223b616b756e5f7265616c4e616d657c733a31333a2241646d696e6973747261746f72223b616b756e5f696447726f75707c733a313a2231223b616b756e5f67726f75704465736372697074696f6e7c733a31333a2241646d696e6973747261746f72223b616b756e5f6e616d61496e7374616e73697c733a32323a224954534b205253542064722e20536f657072616f656e223b616b756e5f616c696173496e7374616e73697c733a343a224954534b223b616b756e5f74686e416e67676172616e7c733a393a22323032322d32303233223b6e5f7472616e73616b73697c733a31343a22524e323032323131303130303133223b),
	('ctp4e3fv95d6780dv3u33qekl46cjb09', '125.166.12.208', 1667270841, _binary 0x5f5f63695f6c6173745f726567656e65726174657c693a313636373237303834313b63617074636861776f72647c733a363a22203431353720223b616b756e5f7573657249647c733a313a2231223b616b756e5f757365726e616d657c733a363a227561646d696e223b616b756e5f656d61696c7c733a31353a2261646d696e40676d61696c2e636f6d223b616b756e5f69734163746976657c733a313a2231223b616b756e5f696d6167657c733a34333a222f7075626c69632f75706c6f6164732f757365722f757365725f3232303632363130353635392e6a706567223b616b756e5f7265616c4e616d657c733a31333a2241646d696e6973747261746f72223b616b756e5f696447726f75707c733a313a2231223b616b756e5f67726f75704465736372697074696f6e7c733a31333a2241646d696e6973747261746f72223b616b756e5f6e616d61496e7374616e73697c733a32323a224954534b205253542064722e20536f657072616f656e223b616b756e5f616c696173496e7374616e73697c733a343a224954534b223b616b756e5f74686e416e67676172616e7c733a393a22323032322d32303233223b6e5f7472616e73616b73697c733a31343a22524e323032323131303130303132223b),
	('n2lo2gpm1kosfclitmn93k5h1c2ra59k', '125.166.12.208', 1667271590, _binary 0x5f5f63695f6c6173745f726567656e65726174657c693a313636373237313531363b63617074636861776f72647c733a363a22203431353720223b616b756e5f7573657249647c733a313a2231223b616b756e5f757365726e616d657c733a363a227561646d696e223b616b756e5f656d61696c7c733a31353a2261646d696e40676d61696c2e636f6d223b616b756e5f69734163746976657c733a313a2231223b616b756e5f696d6167657c733a34333a222f7075626c69632f75706c6f6164732f757365722f757365725f3232303632363130353635392e6a706567223b616b756e5f7265616c4e616d657c733a31333a2241646d696e6973747261746f72223b616b756e5f696447726f75707c733a313a2231223b616b756e5f67726f75704465736372697074696f6e7c733a31333a2241646d696e6973747261746f72223b616b756e5f6e616d61496e7374616e73697c733a32323a224954534b205253542064722e20536f657072616f656e223b616b756e5f616c696173496e7374616e73697c733a343a224954534b223b616b756e5f74686e416e67676172616e7c733a393a22323032322d32303233223b6e5f7472616e73616b73697c733a31343a22524e323032323131303130303134223b),
	('5i551df8tlqlh3a0jdejenrlkfhdt7up', '182.1.112.122', 1667271739, _binary 0x5f5f63695f6c6173745f726567656e65726174657c693a313636373237313733373b63617074636861776f72647c733a363a22203438333420223b616b756e5f7573657249647c733a313a2231223b616b756e5f757365726e616d657c733a363a227561646d696e223b616b756e5f656d61696c7c733a31353a2261646d696e40676d61696c2e636f6d223b616b756e5f69734163746976657c733a313a2231223b616b756e5f696d6167657c733a34333a222f7075626c69632f75706c6f6164732f757365722f757365725f3232303632363130353635392e6a706567223b616b756e5f7265616c4e616d657c733a31333a2241646d696e6973747261746f72223b616b756e5f696447726f75707c733a313a2231223b616b756e5f67726f75704465736372697074696f6e7c733a31333a2241646d696e6973747261746f72223b616b756e5f6e616d61496e7374616e73697c733a32323a224954534b205253542064722e20536f657072616f656e223b616b756e5f616c696173496e7374616e73697c733a343a224954534b223b616b756e5f74686e416e67676172616e7c733a393a22323032322d32303233223b6e5f7472616e73616b73697c733a31343a22524e323032323131303130303133223b),
	('phbra96424fs73uba4gsgvbfmrmdgr2e', '125.166.12.208', 1667272691, _binary 0x5f5f63695f6c6173745f726567656e65726174657c693a313636373237313933313b63617074636861776f72647c733a363a22203431353720223b616b756e5f7573657249647c733a313a2231223b616b756e5f757365726e616d657c733a363a227561646d696e223b616b756e5f656d61696c7c733a31353a2261646d696e40676d61696c2e636f6d223b616b756e5f69734163746976657c733a313a2231223b616b756e5f696d6167657c733a34333a222f7075626c69632f75706c6f6164732f757365722f757365725f3232303632363130353635392e6a706567223b616b756e5f7265616c4e616d657c733a31333a2241646d696e6973747261746f72223b616b756e5f696447726f75707c733a313a2231223b616b756e5f67726f75704465736372697074696f6e7c733a31333a2241646d696e6973747261746f72223b616b756e5f6e616d61496e7374616e73697c733a32323a224954534b205253542064722e20536f657072616f656e223b616b756e5f616c696173496e7374616e73697c733a343a224954534b223b616b756e5f74686e416e67676172616e7c733a393a22323032322d32303233223b6e5f7472616e73616b73697c733a31343a225259323032323131303130303031223b747275657c733a33353a225472616e73616b73692070656d62617961722070697574616e6720626572686173696c223b5f5f63695f766172737c613a313a7b733a343a2274727565223b733a333a226e6577223b7d),
	('qbbfk5d6s6gqcbv9c1fjs0h5emked58r', '125.166.3.132', 1667272695, _binary 0x5f5f63695f6c6173745f726567656e65726174657c693a313636373237323639353b63617074636861776f72647c733a363a22203431353720223b616b756e5f7573657249647c733a313a2231223b616b756e5f757365726e616d657c733a363a227561646d696e223b616b756e5f656d61696c7c733a31353a2261646d696e40676d61696c2e636f6d223b616b756e5f69734163746976657c733a313a2231223b616b756e5f696d6167657c733a34333a222f7075626c69632f75706c6f6164732f757365722f757365725f3232303632363130353635392e6a706567223b616b756e5f7265616c4e616d657c733a31333a2241646d696e6973747261746f72223b616b756e5f696447726f75707c733a313a2231223b616b756e5f67726f75704465736372697074696f6e7c733a31333a2241646d696e6973747261746f72223b616b756e5f6e616d61496e7374616e73697c733a32323a224954534b205253542064722e20536f657072616f656e223b616b756e5f616c696173496e7374616e73697c733a343a224954534b223b616b756e5f74686e416e67676172616e7c733a393a22323032322d32303233223b6e5f7472616e73616b73697c733a31343a225259323032323131303130303031223b747275657c733a33353a225472616e73616b73692070656d62617961722070697574616e6720626572686173696c223b5f5f63695f766172737c613a313a7b733a343a2274727565223b733a333a226f6c64223b7d),
	('hvv1gt3q7a38psct41cggp0nm4j2bi6r', '125.166.12.208', 1667272782, _binary 0x5f5f63695f6c6173745f726567656e65726174657c693a313636373237323639353b63617074636861776f72647c733a363a22203431353720223b616b756e5f7573657249647c733a313a2231223b616b756e5f757365726e616d657c733a363a227561646d696e223b616b756e5f656d61696c7c733a31353a2261646d696e40676d61696c2e636f6d223b616b756e5f69734163746976657c733a313a2231223b616b756e5f696d6167657c733a34333a222f7075626c69632f75706c6f6164732f757365722f757365725f3232303632363130353635392e6a706567223b616b756e5f7265616c4e616d657c733a31333a2241646d696e6973747261746f72223b616b756e5f696447726f75707c733a313a2231223b616b756e5f67726f75704465736372697074696f6e7c733a31333a2241646d696e6973747261746f72223b616b756e5f6e616d61496e7374616e73697c733a32323a224954534b205253542064722e20536f657072616f656e223b616b756e5f616c696173496e7374616e73697c733a343a224954534b223b616b756e5f74686e416e67676172616e7c733a393a22323032322d32303233223b6e5f7472616e73616b73697c733a31343a225259323032323131303130303032223b747275657c733a33353a225472616e73616b73692070656d62617961722070697574616e6720626572686173696c223b5f5f63695f766172737c613a313a7b733a343a2274727565223b733a333a226e6577223b7d),
	('erqkjr8fs65n4egtcm2984hq9oa0ka1q', '125.166.12.208', 1667273324, _binary 0x5f5f63695f6c6173745f726567656e65726174657c693a313636373237333332323b63617074636861776f72647c733a363a22203431353720223b616b756e5f7573657249647c733a313a2231223b616b756e5f757365726e616d657c733a363a227561646d696e223b616b756e5f656d61696c7c733a31353a2261646d696e40676d61696c2e636f6d223b616b756e5f69734163746976657c733a313a2231223b616b756e5f696d6167657c733a34333a222f7075626c69632f75706c6f6164732f757365722f757365725f3232303632363130353635392e6a706567223b616b756e5f7265616c4e616d657c733a31333a2241646d696e6973747261746f72223b616b756e5f696447726f75707c733a313a2231223b616b756e5f67726f75704465736372697074696f6e7c733a31333a2241646d696e6973747261746f72223b616b756e5f6e616d61496e7374616e73697c733a32323a224954534b205253542064722e20536f657072616f656e223b616b756e5f616c696173496e7374616e73697c733a343a224954534b223b616b756e5f74686e416e67676172616e7c733a393a22323032322d32303233223b6e5f7472616e73616b73697c733a31343a225259323032323131303130303032223b747275657c733a33353a225472616e73616b73692070656d62617961722070697574616e6720626572686173696c223b5f5f63695f766172737c613a313a7b733a343a2274727565223b733a333a226f6c64223b7d),
	('u7otajd63t61c2qt74anur558q840see', '125.166.12.208', 1667273608, _binary 0x5f5f63695f6c6173745f726567656e65726174657c693a313636373237333332343b63617074636861776f72647c733a363a22203431353720223b616b756e5f7573657249647c733a313a2231223b616b756e5f757365726e616d657c733a363a227561646d696e223b616b756e5f656d61696c7c733a31353a2261646d696e40676d61696c2e636f6d223b616b756e5f69734163746976657c733a313a2231223b616b756e5f696d6167657c733a34333a222f7075626c69632f75706c6f6164732f757365722f757365725f3232303632363130353635392e6a706567223b616b756e5f7265616c4e616d657c733a31333a2241646d696e6973747261746f72223b616b756e5f696447726f75707c733a313a2231223b616b756e5f67726f75704465736372697074696f6e7c733a31333a2241646d696e6973747261746f72223b616b756e5f6e616d61496e7374616e73697c733a32323a224954534b205253542064722e20536f657072616f656e223b616b756e5f616c696173496e7374616e73697c733a343a224954534b223b616b756e5f74686e416e67676172616e7c733a393a22323032322d32303233223b6e5f7472616e73616b73697c733a31343a225259323032323131303130303033223b),
	('743q10foifibe9kpqoe7540u205eq7ph', '125.166.12.208', 1667276250, _binary 0x5f5f63695f6c6173745f726567656e65726174657c693a313636373237363036373b63617074636861776f72647c733a363a22203438333420223b616b756e5f7573657249647c733a313a2231223b616b756e5f757365726e616d657c733a363a227561646d696e223b616b756e5f656d61696c7c733a31353a2261646d696e40676d61696c2e636f6d223b616b756e5f69734163746976657c733a313a2231223b616b756e5f696d6167657c733a34333a222f7075626c69632f75706c6f6164732f757365722f757365725f3232303632363130353635392e6a706567223b616b756e5f7265616c4e616d657c733a31333a2241646d696e6973747261746f72223b616b756e5f696447726f75707c733a313a2231223b616b756e5f67726f75704465736372697074696f6e7c733a31333a2241646d696e6973747261746f72223b616b756e5f6e616d61496e7374616e73697c733a32323a224954534b205253542064722e20536f657072616f656e223b616b756e5f616c696173496e7374616e73697c733a343a224954534b223b616b756e5f74686e416e67676172616e7c733a393a22323032322d32303233223b6e5f7472616e73616b73697c733a31343a224354323032323131303130303037223b),
	('cdvoq2rhrmolj11o1udspfj1g1shvrfh', '125.166.12.208', 1667276916, _binary 0x5f5f63695f6c6173745f726567656e65726174657c693a313636373237363631313b63617074636861776f72647c733a363a22203438333420223b616b756e5f7573657249647c733a313a2231223b616b756e5f757365726e616d657c733a363a227561646d696e223b616b756e5f656d61696c7c733a31353a2261646d696e40676d61696c2e636f6d223b616b756e5f69734163746976657c733a313a2231223b616b756e5f696d6167657c733a34333a222f7075626c69632f75706c6f6164732f757365722f757365725f3232303632363130353635392e6a706567223b616b756e5f7265616c4e616d657c733a31333a2241646d696e6973747261746f72223b616b756e5f696447726f75707c733a313a2231223b616b756e5f67726f75704465736372697074696f6e7c733a31333a2241646d696e6973747261746f72223b616b756e5f6e616d61496e7374616e73697c733a32323a224954534b205253542064722e20536f657072616f656e223b616b756e5f616c696173496e7374616e73697c733a343a224954534b223b616b756e5f74686e416e67676172616e7c733a393a22323032322d32303233223b6e5f7472616e73616b73697c733a31343a225354323032323131303130303133223b),
	('1g0onrmudtd3lk7gfiget29uqnumfb6b', '125.166.12.208', 1667276920, _binary 0x5f5f63695f6c6173745f726567656e65726174657c693a313636373237363931383b63617074636861776f72647c733a363a22203438333420223b616b756e5f7573657249647c733a313a2231223b616b756e5f757365726e616d657c733a363a227561646d696e223b616b756e5f656d61696c7c733a31353a2261646d696e40676d61696c2e636f6d223b616b756e5f69734163746976657c733a313a2231223b616b756e5f696d6167657c733a34333a222f7075626c69632f75706c6f6164732f757365722f757365725f3232303632363130353635392e6a706567223b616b756e5f7265616c4e616d657c733a31333a2241646d696e6973747261746f72223b616b756e5f696447726f75707c733a313a2231223b616b756e5f67726f75704465736372697074696f6e7c733a31333a2241646d696e6973747261746f72223b616b756e5f6e616d61496e7374616e73697c733a32323a224954534b205253542064722e20536f657072616f656e223b616b756e5f616c696173496e7374616e73697c733a343a224954534b223b616b756e5f74686e416e67676172616e7c733a393a22323032322d32303233223b6e5f7472616e73616b73697c733a31343a225354323032323131303130303133223b),
	('ee7furlc1mtc6a3mgrqttqhsobor039k', '125.166.3.132', 1667277351, _binary 0x5f5f63695f6c6173745f726567656e65726174657c693a313636373237363932303b63617074636861776f72647c733a363a22203438333420223b616b756e5f7573657249647c733a313a2231223b616b756e5f757365726e616d657c733a363a227561646d696e223b616b756e5f656d61696c7c733a31353a2261646d696e40676d61696c2e636f6d223b616b756e5f69734163746976657c733a313a2231223b616b756e5f696d6167657c733a34333a222f7075626c69632f75706c6f6164732f757365722f757365725f3232303632363130353635392e6a706567223b616b756e5f7265616c4e616d657c733a31333a2241646d696e6973747261746f72223b616b756e5f696447726f75707c733a313a2231223b616b756e5f67726f75704465736372697074696f6e7c733a31333a2241646d696e6973747261746f72223b616b756e5f6e616d61496e7374616e73697c733a32323a224954534b205253542064722e20536f657072616f656e223b616b756e5f616c696173496e7374616e73697c733a343a224954534b223b616b756e5f74686e416e67676172616e7c733a393a22323032322d32303233223b6e5f7472616e73616b73697c733a31343a225259323032323131303130303035223b),
	('5mat2h42enfu1suaurc148ddkuhsbpbh', '50.54.135.35', 1667296384, _binary 0x5f5f63695f6c6173745f726567656e65726174657c693a313636373239363338343b),
	('u8gfnmr3pjdb76nilje6kugqa96640tu', '205.210.31.181', 1667327180, _binary 0x5f5f63695f6c6173745f726567656e65726174657c693a313636373332373138303b),
	('f8ou90cgiqq5r9t0tao8epboogsk5peg', '209.141.36.112', 1667361584, _binary 0x5f5f63695f6c6173745f726567656e65726174657c693a313636373336313538343b),
	('8phqbc7v79qs9b9tdf0fmii5nbf4su3u', '::1', 1667415407, _binary 0x5f5f63695f6c6173745f726567656e65726174657c693a313636373431353135323b63617074636861776f72647c733a363a22203431393620223b616b756e5f7573657249647c733a313a2231223b616b756e5f757365726e616d657c733a363a227561646d696e223b616b756e5f656d61696c7c733a31353a2261646d696e40676d61696c2e636f6d223b616b756e5f69734163746976657c733a313a2231223b616b756e5f696d6167657c733a34333a222f7075626c69632f75706c6f6164732f757365722f757365725f3232303632363130353635392e6a706567223b616b756e5f7265616c4e616d657c733a31333a2241646d696e6973747261746f72223b616b756e5f696447726f75707c733a313a2231223b616b756e5f67726f75704465736372697074696f6e7c733a31333a2241646d696e6973747261746f72223b616b756e5f6e616d61496e7374616e73697c733a32323a224954534b205253542064722e20536f657072616f656e223b616b756e5f616c696173496e7374616e73697c733a343a224954534b223b616b756e5f74686e416e67676172616e7c733a393a22323032322d32303233223b),
	('aplhoqsl660ludkb7bpu33b77jo7pvrl', '::1', 1667419131, _binary 0x5f5f63695f6c6173745f726567656e65726174657c693a313636373431393133313b63617074636861776f72647c733a363a22203132383120223b616b756e5f7573657249647c733a313a2231223b616b756e5f757365726e616d657c733a363a227561646d696e223b616b756e5f656d61696c7c733a31353a2261646d696e40676d61696c2e636f6d223b616b756e5f69734163746976657c733a313a2231223b616b756e5f696d6167657c733a34333a222f7075626c69632f75706c6f6164732f757365722f757365725f3232303632363130353635392e6a706567223b616b756e5f7265616c4e616d657c733a31333a2241646d696e6973747261746f72223b616b756e5f696447726f75707c733a313a2231223b616b756e5f67726f75704465736372697074696f6e7c733a31333a2241646d696e6973747261746f72223b616b756e5f6e616d61496e7374616e73697c733a32323a224954534b205253542064722e20536f657072616f656e223b616b756e5f616c696173496e7374616e73697c733a343a224954534b223b616b756e5f74686e416e67676172616e7c733a393a22323032322d32303233223b),
	('si61djltrb2j5t2gfvorlmgnsh3imfr1', '::1', 1667419512, _binary 0x5f5f63695f6c6173745f726567656e65726174657c693a313636373431393531323b63617074636861776f72647c733a363a22203132383120223b616b756e5f7573657249647c733a313a2231223b616b756e5f757365726e616d657c733a363a227561646d696e223b616b756e5f656d61696c7c733a31353a2261646d696e40676d61696c2e636f6d223b616b756e5f69734163746976657c733a313a2231223b616b756e5f696d6167657c733a34333a222f7075626c69632f75706c6f6164732f757365722f757365725f3232303632363130353635392e6a706567223b616b756e5f7265616c4e616d657c733a31333a2241646d696e6973747261746f72223b616b756e5f696447726f75707c733a313a2231223b616b756e5f67726f75704465736372697074696f6e7c733a31333a2241646d696e6973747261746f72223b616b756e5f6e616d61496e7374616e73697c733a32323a224954534b205253542064722e20536f657072616f656e223b616b756e5f616c696173496e7374616e73697c733a343a224954534b223b616b756e5f74686e416e67676172616e7c733a393a22323032322d32303233223b),
	('63isb2jqf115dphi2o9oh87krspr57lh', '::1', 1667419513, _binary 0x5f5f63695f6c6173745f726567656e65726174657c693a313636373431393531323b63617074636861776f72647c733a363a22203132383120223b616b756e5f7573657249647c733a313a2231223b616b756e5f757365726e616d657c733a363a227561646d696e223b616b756e5f656d61696c7c733a31353a2261646d696e40676d61696c2e636f6d223b616b756e5f69734163746976657c733a313a2231223b616b756e5f696d6167657c733a34333a222f7075626c69632f75706c6f6164732f757365722f757365725f3232303632363130353635392e6a706567223b616b756e5f7265616c4e616d657c733a31333a2241646d696e6973747261746f72223b616b756e5f696447726f75707c733a313a2231223b616b756e5f67726f75704465736372697074696f6e7c733a31333a2241646d696e6973747261746f72223b616b756e5f6e616d61496e7374616e73697c733a32323a224954534b205253542064722e20536f657072616f656e223b616b756e5f616c696173496e7374616e73697c733a343a224954534b223b616b756e5f74686e416e67676172616e7c733a393a22323032322d32303233223b),
	('4egr1e3jst3d82qpdo53vjoplnfll79a', '::1', 1667427876, _binary 0x5f5f63695f6c6173745f726567656e65726174657c693a313636373432373837303b63617074636861776f72647c733a363a22203332373620223b),
	('57ln7t86oggvsji1rvj49vsn09nv1nph', '180.248.19.132', 1667436335, _binary 0x5f5f63695f6c6173745f726567656e65726174657c693a313636373433363333343b63617074636861776f72647c733a363a22203130373620223b),
	('bse5qfc06opqbe9sfk6ernkdlfrm73vg', '180.248.19.132', 1667437361, _binary 0x5f5f63695f6c6173745f726567656e65726174657c693a313636373433373037313b63617074636861776f72647c733a363a22203433323720223b616b756e5f7573657249647c733a313a2231223b616b756e5f757365726e616d657c733a363a227561646d696e223b616b756e5f656d61696c7c733a31353a2261646d696e40676d61696c2e636f6d223b616b756e5f69734163746976657c733a313a2231223b616b756e5f696d6167657c733a34333a222f7075626c69632f75706c6f6164732f757365722f757365725f3232303632363130353635392e6a706567223b616b756e5f7265616c4e616d657c733a31333a2241646d696e6973747261746f72223b616b756e5f696447726f75707c733a313a2231223b616b756e5f67726f75704465736372697074696f6e7c733a31333a2241646d696e6973747261746f72223b616b756e5f6e616d61496e7374616e73697c733a32323a224954534b205253542064722e20536f657072616f656e223b616b756e5f616c696173496e7374616e73697c733a343a224954534b223b616b756e5f74686e416e67676172616e7c733a393a22323032322d32303233223b),
	('omlurceasa2n1vsrn7ik66oqbv2m2i7v', '34.254.186.1', 1667437087, _binary 0x5f5f63695f6c6173745f726567656e65726174657c693a313636373433373038373b),
	('sn3o6a56nngsb6kb6hgiimlf94icjnqe', '180.248.19.132', 1667443448, _binary 0x5f5f63695f6c6173745f726567656e65726174657c693a313636373434333231353b63617074636861776f72647c733a363a22203438373820223b),
	('ofji3ptnkr4hkckl3q6g1790budsfo1i', '180.248.19.132', 1667444009, _binary 0x5f5f63695f6c6173745f726567656e65726174657c693a313636373434333633343b63617074636861776f72647c733a363a22203438373820223b616b756e5f7573657249647c733a313a2231223b616b756e5f757365726e616d657c733a363a227561646d696e223b616b756e5f656d61696c7c733a31353a2261646d696e40676d61696c2e636f6d223b616b756e5f69734163746976657c733a313a2231223b616b756e5f696d6167657c733a34333a222f7075626c69632f75706c6f6164732f757365722f757365725f3232303632363130353635392e6a706567223b616b756e5f7265616c4e616d657c733a31333a2241646d696e6973747261746f72223b616b756e5f696447726f75707c733a313a2231223b616b756e5f67726f75704465736372697074696f6e7c733a31333a2241646d696e6973747261746f72223b616b756e5f6e616d61496e7374616e73697c733a32323a224954534b205253542064722e20536f657072616f656e223b616b756e5f616c696173496e7374616e73697c733a343a224954534b223b616b756e5f74686e416e67676172616e7c733a393a22323032322d32303233223b),
	('05i1tm9jdaojlhs0brm5mc7ni4h4q3qh', '180.248.19.132', 1667443710, _binary 0x5f5f63695f6c6173745f726567656e65726174657c693a313636373434333731303b),
	('admftvah5bkrdtk027l2o943tkg0jph7', '180.248.19.132', 1667444041, _binary 0x5f5f63695f6c6173745f726567656e65726174657c693a313636373434333731303b63617074636861776f72647c733a363a22203434343120223b616b756e5f7573657249647c733a313a2231223b616b756e5f757365726e616d657c733a363a227561646d696e223b616b756e5f656d61696c7c733a31353a2261646d696e40676d61696c2e636f6d223b616b756e5f69734163746976657c733a313a2231223b616b756e5f696d6167657c733a34333a222f7075626c69632f75706c6f6164732f757365722f757365725f3232303632363130353635392e6a706567223b616b756e5f7265616c4e616d657c733a31333a2241646d696e6973747261746f72223b616b756e5f696447726f75707c733a313a2231223b616b756e5f67726f75704465736372697074696f6e7c733a31333a2241646d696e6973747261746f72223b616b756e5f6e616d61496e7374616e73697c733a32323a224954534b205253542064722e20536f657072616f656e223b616b756e5f616c696173496e7374616e73697c733a343a224954534b223b616b756e5f74686e416e67676172616e7c733a393a22323032322d32303233223b6e5f7472616e73616b73697c733a31343a22524e323032323131303330303136223b747275657c733a32363a225472616e73616b73692070697574616e6720626572686173696c223b5f5f63695f766172737c613a313a7b733a343a2274727565223b733a333a226e6577223b7d),
	('j1ulbiu1s6ud3lsv1lgcj60prf5pkl5m', '180.248.19.132', 1667444010, _binary 0x5f5f63695f6c6173745f726567656e65726174657c693a313636373434343031303b63617074636861776f72647c733a363a22203438373820223b616b756e5f7573657249647c733a313a2231223b616b756e5f757365726e616d657c733a363a227561646d696e223b616b756e5f656d61696c7c733a31353a2261646d696e40676d61696c2e636f6d223b616b756e5f69734163746976657c733a313a2231223b616b756e5f696d6167657c733a34333a222f7075626c69632f75706c6f6164732f757365722f757365725f3232303632363130353635392e6a706567223b616b756e5f7265616c4e616d657c733a31333a2241646d696e6973747261746f72223b616b756e5f696447726f75707c733a313a2231223b616b756e5f67726f75704465736372697074696f6e7c733a31333a2241646d696e6973747261746f72223b616b756e5f6e616d61496e7374616e73697c733a32323a224954534b205253542064722e20536f657072616f656e223b616b756e5f616c696173496e7374616e73697c733a343a224954534b223b616b756e5f74686e416e67676172616e7c733a393a22323032322d32303233223b),
	('upoqhstihb90fak11dp9kg89i861pq5d', '180.248.19.132', 1667444349, _binary 0x5f5f63695f6c6173745f726567656e65726174657c693a313636373434343031303b63617074636861776f72647c733a363a22203438373820223b616b756e5f7573657249647c733a313a2231223b616b756e5f757365726e616d657c733a363a227561646d696e223b616b756e5f656d61696c7c733a31353a2261646d696e40676d61696c2e636f6d223b616b756e5f69734163746976657c733a313a2231223b616b756e5f696d6167657c733a34333a222f7075626c69632f75706c6f6164732f757365722f757365725f3232303632363130353635392e6a706567223b616b756e5f7265616c4e616d657c733a31333a2241646d696e6973747261746f72223b616b756e5f696447726f75707c733a313a2231223b616b756e5f67726f75704465736372697074696f6e7c733a31333a2241646d696e6973747261746f72223b616b756e5f6e616d61496e7374616e73697c733a32323a224954534b205253542064722e20536f657072616f656e223b616b756e5f616c696173496e7374616e73697c733a343a224954534b223b616b756e5f74686e416e67676172616e7c733a393a22323032322d32303233223b747275657c733a32323a22426172616e6720626572686173696c20646975626168223b5f5f63695f766172737c613a313a7b733a343a2274727565223b733a333a226e6577223b7d),
	('hp20tr2vm480kc8l2lbt7u3kum5i08a9', '180.248.19.132', 1667444045, _binary 0x5f5f63695f6c6173745f726567656e65726174657c693a313636373434343034333b63617074636861776f72647c733a363a22203434343120223b616b756e5f7573657249647c733a313a2231223b616b756e5f757365726e616d657c733a363a227561646d696e223b616b756e5f656d61696c7c733a31353a2261646d696e40676d61696c2e636f6d223b616b756e5f69734163746976657c733a313a2231223b616b756e5f696d6167657c733a34333a222f7075626c69632f75706c6f6164732f757365722f757365725f3232303632363130353635392e6a706567223b616b756e5f7265616c4e616d657c733a31333a2241646d696e6973747261746f72223b616b756e5f696447726f75707c733a313a2231223b616b756e5f67726f75704465736372697074696f6e7c733a31333a2241646d696e6973747261746f72223b616b756e5f6e616d61496e7374616e73697c733a32323a224954534b205253542064722e20536f657072616f656e223b616b756e5f616c696173496e7374616e73697c733a343a224954534b223b616b756e5f74686e416e67676172616e7c733a393a22323032322d32303233223b6e5f7472616e73616b73697c733a31343a22524e323032323131303330303136223b747275657c733a32363a225472616e73616b73692070697574616e6720626572686173696c223b5f5f63695f766172737c613a313a7b733a343a2274727565223b733a333a226f6c64223b7d),
	('n4lu0sc7dt0e5p4u3fqcuf6vcffnot1f', '180.248.19.132', 1667444269, _binary 0x5f5f63695f6c6173745f726567656e65726174657c693a313636373434343034363b63617074636861776f72647c733a363a22203434343120223b616b756e5f7573657249647c733a313a2231223b616b756e5f757365726e616d657c733a363a227561646d696e223b616b756e5f656d61696c7c733a31353a2261646d696e40676d61696c2e636f6d223b616b756e5f69734163746976657c733a313a2231223b616b756e5f696d6167657c733a34333a222f7075626c69632f75706c6f6164732f757365722f757365725f3232303632363130353635392e6a706567223b616b756e5f7265616c4e616d657c733a31333a2241646d696e6973747261746f72223b616b756e5f696447726f75707c733a313a2231223b616b756e5f67726f75704465736372697074696f6e7c733a31333a2241646d696e6973747261746f72223b616b756e5f6e616d61496e7374616e73697c733a32323a224954534b205253542064722e20536f657072616f656e223b616b756e5f616c696173496e7374616e73697c733a343a224954534b223b616b756e5f74686e416e67676172616e7c733a393a22323032322d32303233223b6e5f7472616e73616b73697c733a31343a22524e323032323131303330303136223b),
	('mkiqmdtvsearo5inrl2ep3ng303ldjpq', '180.248.19.132', 1667444675, _binary 0x5f5f63695f6c6173745f726567656e65726174657c693a313636373434343337393b63617074636861776f72647c733a363a22203434343120223b616b756e5f7573657249647c733a313a2231223b616b756e5f757365726e616d657c733a363a227561646d696e223b616b756e5f656d61696c7c733a31353a2261646d696e40676d61696c2e636f6d223b616b756e5f69734163746976657c733a313a2231223b616b756e5f696d6167657c733a34333a222f7075626c69632f75706c6f6164732f757365722f757365725f3232303632363130353635392e6a706567223b616b756e5f7265616c4e616d657c733a31333a2241646d696e6973747261746f72223b616b756e5f696447726f75707c733a313a2231223b616b756e5f67726f75704465736372697074696f6e7c733a31333a2241646d696e6973747261746f72223b616b756e5f6e616d61496e7374616e73697c733a32323a224954534b205253542064722e20536f657072616f656e223b616b756e5f616c696173496e7374616e73697c733a343a224954534b223b616b756e5f74686e416e67676172616e7c733a393a22323032322d32303233223b6e5f7472616e73616b73697c733a31343a22424d323032323131303330303635223b),
	('hh189hki2ceo096sk10a10vmis0h0753', '180.248.19.132', 1667445844, _binary 0x5f5f63695f6c6173745f726567656e65726174657c693a313636373434343435323b63617074636861776f72647c733a363a22203438373820223b616b756e5f7573657249647c733a313a2231223b616b756e5f757365726e616d657c733a363a227561646d696e223b616b756e5f656d61696c7c733a31353a2261646d696e40676d61696c2e636f6d223b616b756e5f69734163746976657c733a313a2231223b616b756e5f696d6167657c733a34333a222f7075626c69632f75706c6f6164732f757365722f757365725f3232303632363130353635392e6a706567223b616b756e5f7265616c4e616d657c733a31333a2241646d696e6973747261746f72223b616b756e5f696447726f75707c733a313a2231223b616b756e5f67726f75704465736372697074696f6e7c733a31333a2241646d696e6973747261746f72223b616b756e5f6e616d61496e7374616e73697c733a32323a224954534b205253542064722e20536f657072616f656e223b616b756e5f616c696173496e7374616e73697c733a343a224954534b223b616b756e5f74686e416e67676172616e7c733a393a22323032322d32303233223b),
	('po026gogp60u43916i3t6mm1vese4tnv', '180.248.19.132', 1667444734, _binary 0x5f5f63695f6c6173745f726567656e65726174657c693a313636373434343733343b63617074636861776f72647c733a363a22203434343120223b616b756e5f7573657249647c733a313a2231223b616b756e5f757365726e616d657c733a363a227561646d696e223b616b756e5f656d61696c7c733a31353a2261646d696e40676d61696c2e636f6d223b616b756e5f69734163746976657c733a313a2231223b616b756e5f696d6167657c733a34333a222f7075626c69632f75706c6f6164732f757365722f757365725f3232303632363130353635392e6a706567223b616b756e5f7265616c4e616d657c733a31333a2241646d696e6973747261746f72223b616b756e5f696447726f75707c733a313a2231223b616b756e5f67726f75704465736372697074696f6e7c733a31333a2241646d696e6973747261746f72223b616b756e5f6e616d61496e7374616e73697c733a32323a224954534b205253542064722e20536f657072616f656e223b616b756e5f616c696173496e7374616e73697c733a343a224954534b223b616b756e5f74686e416e67676172616e7c733a393a22323032322d32303233223b6e5f7472616e73616b73697c733a31343a22424d323032323131303330303635223b),
	('u7fc52p018jjs4298e6071j37nvalh5p', '180.248.19.132', 1667445167, _binary 0x5f5f63695f6c6173745f726567656e65726174657c693a313636373434343737363b63617074636861776f72647c733a363a22203434343120223b616b756e5f7573657249647c733a313a2231223b616b756e5f757365726e616d657c733a363a227561646d696e223b616b756e5f656d61696c7c733a31353a2261646d696e40676d61696c2e636f6d223b616b756e5f69734163746976657c733a313a2231223b616b756e5f696d6167657c733a34333a222f7075626c69632f75706c6f6164732f757365722f757365725f3232303632363130353635392e6a706567223b616b756e5f7265616c4e616d657c733a31333a2241646d696e6973747261746f72223b616b756e5f696447726f75707c733a313a2231223b616b756e5f67726f75704465736372697074696f6e7c733a31333a2241646d696e6973747261746f72223b616b756e5f6e616d61496e7374616e73697c733a32323a224954534b205253542064722e20536f657072616f656e223b616b756e5f616c696173496e7374616e73697c733a343a224954534b223b616b756e5f74686e416e67676172616e7c733a393a22323032322d32303233223b6e5f7472616e73616b73697c733a31343a22424d323032323131303330303734223b747275657c733a32323a224461746120426572686173696c20646973696d70616e223b5f5f63695f766172737c613a313a7b733a343a2274727565223b733a333a226e6577223b7d),
	('kkn7ri5ln3nau6u90ekva2udbrmoduf7', '180.248.19.132', 1667445409, _binary 0x5f5f63695f6c6173745f726567656e65726174657c693a313636373434353137313b63617074636861776f72647c733a363a22203434343120223b616b756e5f7573657249647c733a313a2231223b616b756e5f757365726e616d657c733a363a227561646d696e223b616b756e5f656d61696c7c733a31353a2261646d696e40676d61696c2e636f6d223b616b756e5f69734163746976657c733a313a2231223b616b756e5f696d6167657c733a34333a222f7075626c69632f75706c6f6164732f757365722f757365725f3232303632363130353635392e6a706567223b616b756e5f7265616c4e616d657c733a31333a2241646d696e6973747261746f72223b616b756e5f696447726f75707c733a313a2231223b616b756e5f67726f75704465736372697074696f6e7c733a31333a2241646d696e6973747261746f72223b616b756e5f6e616d61496e7374616e73697c733a32323a224954534b205253542064722e20536f657072616f656e223b616b756e5f616c696173496e7374616e73697c733a343a224954534b223b616b756e5f74686e416e67676172616e7c733a393a22323032322d32303233223b6e5f7472616e73616b73697c733a31343a224b4d323032323131303330303737223b),
	('b2csjfm3avhsmgg72l5cmb01rth4e84r', '182.4.132.38', 1667445894, _binary 0x5f5f63695f6c6173745f726567656e65726174657c693a313636373434353437383b63617074636861776f72647c733a363a22203434343120223b616b756e5f7573657249647c733a313a2231223b616b756e5f757365726e616d657c733a363a227561646d696e223b616b756e5f656d61696c7c733a31353a2261646d696e40676d61696c2e636f6d223b616b756e5f69734163746976657c733a313a2231223b616b756e5f696d6167657c733a34333a222f7075626c69632f75706c6f6164732f757365722f757365725f3232303632363130353635392e6a706567223b616b756e5f7265616c4e616d657c733a31333a2241646d696e6973747261746f72223b616b756e5f696447726f75707c733a313a2231223b616b756e5f67726f75704465736372697074696f6e7c733a31333a2241646d696e6973747261746f72223b616b756e5f6e616d61496e7374616e73697c733a32323a224954534b205253542064722e20536f657072616f656e223b616b756e5f616c696173496e7374616e73697c733a343a224954534b223b616b756e5f74686e416e67676172616e7c733a393a22323032322d32303233223b6e5f7472616e73616b73697c733a31343a22424b323032323131303330303739223b747275657c733a32323a224461746120426572686173696c20646973696d70616e223b5f5f63695f766172737c613a313a7b733a343a2274727565223b733a333a226e6577223b7d),
	('k9kh1b6t8m8bg1rgjeb94pcp7muhfd96', '180.248.19.132', 1667446165, _binary 0x5f5f63695f6c6173745f726567656e65726174657c693a313636373434353837323b63617074636861776f72647c733a363a22203438373820223b616b756e5f7573657249647c733a313a2231223b616b756e5f757365726e616d657c733a363a227561646d696e223b616b756e5f656d61696c7c733a31353a2261646d696e40676d61696c2e636f6d223b616b756e5f69734163746976657c733a313a2231223b616b756e5f696d6167657c733a34333a222f7075626c69632f75706c6f6164732f757365722f757365725f3232303632363130353635392e6a706567223b616b756e5f7265616c4e616d657c733a31333a2241646d696e6973747261746f72223b616b756e5f696447726f75707c733a313a2231223b616b756e5f67726f75704465736372697074696f6e7c733a31333a2241646d696e6973747261746f72223b616b756e5f6e616d61496e7374616e73697c733a32323a224954534b205253542064722e20536f657072616f656e223b616b756e5f616c696173496e7374616e73697c733a343a224954534b223b616b756e5f74686e416e67676172616e7c733a393a22323032322d32303233223b),
	('eu90vvrmc9jh1pmpu232eupof3fv7ds6', '182.4.132.38', 1667445895, _binary 0x5f5f63695f6c6173745f726567656e65726174657c693a313636373434353839353b63617074636861776f72647c733a363a22203434343120223b616b756e5f7573657249647c733a313a2231223b616b756e5f757365726e616d657c733a363a227561646d696e223b616b756e5f656d61696c7c733a31353a2261646d696e40676d61696c2e636f6d223b616b756e5f69734163746976657c733a313a2231223b616b756e5f696d6167657c733a34333a222f7075626c69632f75706c6f6164732f757365722f757365725f3232303632363130353635392e6a706567223b616b756e5f7265616c4e616d657c733a31333a2241646d696e6973747261746f72223b616b756e5f696447726f75707c733a313a2231223b616b756e5f67726f75704465736372697074696f6e7c733a31333a2241646d696e6973747261746f72223b616b756e5f6e616d61496e7374616e73697c733a32323a224954534b205253542064722e20536f657072616f656e223b616b756e5f616c696173496e7374616e73697c733a343a224954534b223b616b756e5f74686e416e67676172616e7c733a393a22323032322d32303233223b6e5f7472616e73616b73697c733a31343a22424b323032323131303330303739223b747275657c733a32323a224461746120426572686173696c20646973696d70616e223b5f5f63695f766172737c613a313a7b733a343a2274727565223b733a333a226f6c64223b7d),
	('0oqvhsu720u7eeroo5mu3fivjhcb9gvu', '182.4.132.38', 1667446156, _binary 0x5f5f63695f6c6173745f726567656e65726174657c693a313636373434353839353b63617074636861776f72647c733a363a22203434343120223b616b756e5f7573657249647c733a313a2231223b616b756e5f757365726e616d657c733a363a227561646d696e223b616b756e5f656d61696c7c733a31353a2261646d696e40676d61696c2e636f6d223b616b756e5f69734163746976657c733a313a2231223b616b756e5f696d6167657c733a34333a222f7075626c69632f75706c6f6164732f757365722f757365725f3232303632363130353635392e6a706567223b616b756e5f7265616c4e616d657c733a31333a2241646d696e6973747261746f72223b616b756e5f696447726f75707c733a313a2231223b616b756e5f67726f75704465736372697074696f6e7c733a31333a2241646d696e6973747261746f72223b616b756e5f6e616d61496e7374616e73697c733a32323a224954534b205253542064722e20536f657072616f656e223b616b756e5f616c696173496e7374616e73697c733a343a224954534b223b616b756e5f74686e416e67676172616e7c733a393a22323032322d32303233223b6e5f7472616e73616b73697c733a31343a22424b323032323131303330303739223b),
	('fvhjfbi4mv0fc3n5uh0es2ron9600dl7', '180.248.19.132', 1667446525, _binary 0x5f5f63695f6c6173745f726567656e65726174657c693a313636373434363137333b63617074636861776f72647c733a363a22203438373820223b616b756e5f7573657249647c733a313a2231223b616b756e5f757365726e616d657c733a363a227561646d696e223b616b756e5f656d61696c7c733a31353a2261646d696e40676d61696c2e636f6d223b616b756e5f69734163746976657c733a313a2231223b616b756e5f696d6167657c733a34333a222f7075626c69632f75706c6f6164732f757365722f757365725f3232303632363130353635392e6a706567223b616b756e5f7265616c4e616d657c733a31333a2241646d696e6973747261746f72223b616b756e5f696447726f75707c733a313a2231223b616b756e5f67726f75704465736372697074696f6e7c733a31333a2241646d696e6973747261746f72223b616b756e5f6e616d61496e7374616e73697c733a32323a224954534b205253542064722e20536f657072616f656e223b616b756e5f616c696173496e7374616e73697c733a343a224954534b223b616b756e5f74686e416e67676172616e7c733a393a22323032322d32303233223b6e5f7472616e73616b73697c733a31343a225054323032323131303330303034223b),
	('0jnl4ap0u89rmemcjq3gdlihgdl23tg0', '182.4.132.38', 1667446196, _binary 0x5f5f63695f6c6173745f726567656e65726174657c693a313636373434363139363b63617074636861776f72647c733a363a22203434343120223b616b756e5f7573657249647c733a313a2231223b616b756e5f757365726e616d657c733a363a227561646d696e223b616b756e5f656d61696c7c733a31353a2261646d696e40676d61696c2e636f6d223b616b756e5f69734163746976657c733a313a2231223b616b756e5f696d6167657c733a34333a222f7075626c69632f75706c6f6164732f757365722f757365725f3232303632363130353635392e6a706567223b616b756e5f7265616c4e616d657c733a31333a2241646d696e6973747261746f72223b616b756e5f696447726f75707c733a313a2231223b616b756e5f67726f75704465736372697074696f6e7c733a31333a2241646d696e6973747261746f72223b616b756e5f6e616d61496e7374616e73697c733a32323a224954534b205253542064722e20536f657072616f656e223b616b756e5f616c696173496e7374616e73697c733a343a224954534b223b616b756e5f74686e416e67676172616e7c733a393a22323032322d32303233223b6e5f7472616e73616b73697c733a31343a22424b323032323131303330303739223b747275657c733a32323a224461746120626572686173696c20646973696d70616e223b5f5f63695f766172737c613a313a7b733a343a2274727565223b733a333a226f6c64223b7d),
	('b8grkn1b9dk090eterecmideu6nia37j', '182.4.132.38', 1667446196, _binary 0x5f5f63695f6c6173745f726567656e65726174657c693a313636373434363139363b63617074636861776f72647c733a363a22203434343120223b616b756e5f7573657249647c733a313a2231223b616b756e5f757365726e616d657c733a363a227561646d696e223b616b756e5f656d61696c7c733a31353a2261646d696e40676d61696c2e636f6d223b616b756e5f69734163746976657c733a313a2231223b616b756e5f696d6167657c733a34333a222f7075626c69632f75706c6f6164732f757365722f757365725f3232303632363130353635392e6a706567223b616b756e5f7265616c4e616d657c733a31333a2241646d696e6973747261746f72223b616b756e5f696447726f75707c733a313a2231223b616b756e5f67726f75704465736372697074696f6e7c733a31333a2241646d696e6973747261746f72223b616b756e5f6e616d61496e7374616e73697c733a32323a224954534b205253542064722e20536f657072616f656e223b616b756e5f616c696173496e7374616e73697c733a343a224954534b223b616b756e5f74686e416e67676172616e7c733a393a22323032322d32303233223b6e5f7472616e73616b73697c733a31343a22424b323032323131303330303739223b),
	('3uhigesaut3cd33h2a3nfj0829p4tno6', '180.248.19.132', 1667446530, _binary 0x5f5f63695f6c6173745f726567656e65726174657c693a313636373434363532373b63617074636861776f72647c733a363a22203438373820223b616b756e5f7573657249647c733a313a2231223b616b756e5f757365726e616d657c733a363a227561646d696e223b616b756e5f656d61696c7c733a31353a2261646d696e40676d61696c2e636f6d223b616b756e5f69734163746976657c733a313a2231223b616b756e5f696d6167657c733a34333a222f7075626c69632f75706c6f6164732f757365722f757365725f3232303632363130353635392e6a706567223b616b756e5f7265616c4e616d657c733a31333a2241646d696e6973747261746f72223b616b756e5f696447726f75707c733a313a2231223b616b756e5f67726f75704465736372697074696f6e7c733a31333a2241646d696e6973747261746f72223b616b756e5f6e616d61496e7374616e73697c733a32323a224954534b205253542064722e20536f657072616f656e223b616b756e5f616c696173496e7374616e73697c733a343a224954534b223b616b756e5f74686e416e67676172616e7c733a393a22323032322d32303233223b6e5f7472616e73616b73697c733a31343a225054323032323131303330303034223b),
	('nsm0tuhfmmi7fa9n1t0jia70eiq723it', '180.248.19.132', 1667446653, _binary 0x5f5f63695f6c6173745f726567656e65726174657c693a313636373434363533303b63617074636861776f72647c733a363a22203438373820223b616b756e5f7573657249647c733a313a2231223b616b756e5f757365726e616d657c733a363a227561646d696e223b616b756e5f656d61696c7c733a31353a2261646d696e40676d61696c2e636f6d223b616b756e5f69734163746976657c733a313a2231223b616b756e5f696d6167657c733a34333a222f7075626c69632f75706c6f6164732f757365722f757365725f3232303632363130353635392e6a706567223b616b756e5f7265616c4e616d657c733a31333a2241646d696e6973747261746f72223b616b756e5f696447726f75707c733a313a2231223b616b756e5f67726f75704465736372697074696f6e7c733a31333a2241646d696e6973747261746f72223b616b756e5f6e616d61496e7374616e73697c733a32323a224954534b205253542064722e20536f657072616f656e223b616b756e5f616c696173496e7374616e73697c733a343a224954534b223b616b756e5f74686e416e67676172616e7c733a393a22323032322d32303233223b6e5f7472616e73616b73697c733a31343a225054323032323131303330303036223b),
	('dbtij5hsf33ls9ptap83bev5uppdtr3i', '180.248.19.132', 1667446737, _binary 0x5f5f63695f6c6173745f726567656e65726174657c693a313636373434363539333b63617074636861776f72647c733a363a22203236343520223b616b756e5f7573657249647c733a313a2231223b616b756e5f757365726e616d657c733a363a227561646d696e223b616b756e5f656d61696c7c733a31353a2261646d696e40676d61696c2e636f6d223b616b756e5f69734163746976657c733a313a2231223b616b756e5f696d6167657c733a34333a222f7075626c69632f75706c6f6164732f757365722f757365725f3232303632363130353635392e6a706567223b616b756e5f7265616c4e616d657c733a31333a2241646d696e6973747261746f72223b616b756e5f696447726f75707c733a313a2231223b616b756e5f67726f75704465736372697074696f6e7c733a31333a2241646d696e6973747261746f72223b616b756e5f6e616d61496e7374616e73697c733a32323a224954534b205253542064722e20536f657072616f656e223b616b756e5f616c696173496e7374616e73697c733a343a224954534b223b616b756e5f74686e416e67676172616e7c733a393a22323032322d32303233223b),
	('oi4ofqr61aqhjrf2a6qaitabgoo0ujr3', '180.248.19.132', 1667447272, _binary 0x5f5f63695f6c6173745f726567656e65726174657c693a313636373434363934363b63617074636861776f72647c733a363a22203438373820223b616b756e5f7573657249647c733a313a2231223b616b756e5f757365726e616d657c733a363a227561646d696e223b616b756e5f656d61696c7c733a31353a2261646d696e40676d61696c2e636f6d223b616b756e5f69734163746976657c733a313a2231223b616b756e5f696d6167657c733a34333a222f7075626c69632f75706c6f6164732f757365722f757365725f3232303632363130353635392e6a706567223b616b756e5f7265616c4e616d657c733a31333a2241646d696e6973747261746f72223b616b756e5f696447726f75707c733a313a2231223b616b756e5f67726f75704465736372697074696f6e7c733a31333a2241646d696e6973747261746f72223b616b756e5f6e616d61496e7374616e73697c733a32323a224954534b205253542064722e20536f657072616f656e223b616b756e5f616c696173496e7374616e73697c733a343a224954534b223b616b756e5f74686e416e67676172616e7c733a393a22323032322d32303233223b6e5f7472616e73616b73697c733a31343a225054323032323131303330303036223b),
	('m3ulbni0qc5tsnpj5cjjm3vik04dttar', '182.4.132.38', 1667447357, _binary 0x5f5f63695f6c6173745f726567656e65726174657c693a313636373434373035353b63617074636861776f72647c733a363a22203434343120223b616b756e5f7573657249647c733a313a2231223b616b756e5f757365726e616d657c733a363a227561646d696e223b616b756e5f656d61696c7c733a31353a2261646d696e40676d61696c2e636f6d223b616b756e5f69734163746976657c733a313a2231223b616b756e5f696d6167657c733a34333a222f7075626c69632f75706c6f6164732f757365722f757365725f3232303632363130353635392e6a706567223b616b756e5f7265616c4e616d657c733a31333a2241646d696e6973747261746f72223b616b756e5f696447726f75707c733a313a2231223b616b756e5f67726f75704465736372697074696f6e7c733a31333a2241646d696e6973747261746f72223b616b756e5f6e616d61496e7374616e73697c733a32323a224954534b205253542064722e20536f657072616f656e223b616b756e5f616c696173496e7374616e73697c733a343a224954534b223b616b756e5f74686e416e67676172616e7c733a393a22323032322d32303233223b6e5f7472616e73616b73697c733a31343a22424b323032323131303330303739223b),
	('vqjogtuqi7uta5jvmsbq0sa4opeo1e04', '180.248.19.132', 1667448116, _binary 0x5f5f63695f6c6173745f726567656e65726174657c693a313636373434373539333b63617074636861776f72647c733a363a22203438373820223b616b756e5f7573657249647c733a313a2231223b616b756e5f757365726e616d657c733a363a227561646d696e223b616b756e5f656d61696c7c733a31353a2261646d696e40676d61696c2e636f6d223b616b756e5f69734163746976657c733a313a2231223b616b756e5f696d6167657c733a34333a222f7075626c69632f75706c6f6164732f757365722f757365725f3232303632363130353635392e6a706567223b616b756e5f7265616c4e616d657c733a31333a2241646d696e6973747261746f72223b616b756e5f696447726f75707c733a313a2231223b616b756e5f67726f75704465736372697074696f6e7c733a31333a2241646d696e6973747261746f72223b616b756e5f6e616d61496e7374616e73697c733a32323a224954534b205253542064722e20536f657072616f656e223b616b756e5f616c696173496e7374616e73697c733a343a224954534b223b616b756e5f74686e416e67676172616e7c733a393a22323032322d32303233223b6e5f7472616e73616b73697c733a31343a225054323032323131303330303036223b747275657c733a32323a224461746120626572686173696c20646973696d70616e223b5f5f63695f766172737c613a313a7b733a343a2274727565223b733a333a226e6577223b7d),
	('j97o6hatj7e8hh5e1vglup1qeu429ka3', '180.248.19.132', 1667448411, _binary 0x5f5f63695f6c6173745f726567656e65726174657c693a313636373434383131383b63617074636861776f72647c733a363a22203438373820223b616b756e5f7573657249647c733a313a2231223b616b756e5f757365726e616d657c733a363a227561646d696e223b616b756e5f656d61696c7c733a31353a2261646d696e40676d61696c2e636f6d223b616b756e5f69734163746976657c733a313a2231223b616b756e5f696d6167657c733a34333a222f7075626c69632f75706c6f6164732f757365722f757365725f3232303632363130353635392e6a706567223b616b756e5f7265616c4e616d657c733a31333a2241646d696e6973747261746f72223b616b756e5f696447726f75707c733a313a2231223b616b756e5f67726f75704465736372697074696f6e7c733a31333a2241646d696e6973747261746f72223b616b756e5f6e616d61496e7374616e73697c733a32323a224954534b205253542064722e20536f657072616f656e223b616b756e5f616c696173496e7374616e73697c733a343a224954534b223b616b756e5f74686e416e67676172616e7c733a393a22323032322d32303233223b6e5f7472616e73616b73697c733a31343a225054323032323131303330303036223b),
	('c5l21nnoc62l383nfg7klhd6so70ks1f', '180.248.19.132', 1667448682, _binary 0x5f5f63695f6c6173745f726567656e65726174657c693a313636373434383631323b63617074636861776f72647c733a363a22203438373820223b616b756e5f7573657249647c733a313a2231223b616b756e5f757365726e616d657c733a363a227561646d696e223b616b756e5f656d61696c7c733a31353a2261646d696e40676d61696c2e636f6d223b616b756e5f69734163746976657c733a313a2231223b616b756e5f696d6167657c733a34333a222f7075626c69632f75706c6f6164732f757365722f757365725f3232303632363130353635392e6a706567223b616b756e5f7265616c4e616d657c733a31333a2241646d696e6973747261746f72223b616b756e5f696447726f75707c733a313a2231223b616b756e5f67726f75704465736372697074696f6e7c733a31333a2241646d696e6973747261746f72223b616b756e5f6e616d61496e7374616e73697c733a32323a224954534b205253542064722e20536f657072616f656e223b616b756e5f616c696173496e7374616e73697c733a343a224954534b223b616b756e5f74686e416e67676172616e7c733a393a22323032322d32303233223b6e5f7472616e73616b73697c733a31343a22504e323032323131303330303036223b),
	('99p19l2l6ktpgudelnhodj0f79d4mefq', '180.248.19.132', 1667449243, _binary 0x5f5f63695f6c6173745f726567656e65726174657c693a313636373434393231383b63617074636861776f72647c733a363a22203236343520223b616b756e5f7573657249647c733a313a2231223b616b756e5f757365726e616d657c733a363a227561646d696e223b616b756e5f656d61696c7c733a31353a2261646d696e40676d61696c2e636f6d223b616b756e5f69734163746976657c733a313a2231223b616b756e5f696d6167657c733a34333a222f7075626c69632f75706c6f6164732f757365722f757365725f3232303632363130353635392e6a706567223b616b756e5f7265616c4e616d657c733a31333a2241646d696e6973747261746f72223b616b756e5f696447726f75707c733a313a2231223b616b756e5f67726f75704465736372697074696f6e7c733a31333a2241646d696e6973747261746f72223b616b756e5f6e616d61496e7374616e73697c733a32323a224954534b205253542064722e20536f657072616f656e223b616b756e5f616c696173496e7374616e73697c733a343a224954534b223b616b756e5f74686e416e67676172616e7c733a393a22323032322d32303233223b),
	('ukoectmb5jqhs9bd3s6jlh00hg9g090j', '180.248.19.132', 1667449892, _binary 0x5f5f63695f6c6173745f726567656e65726174657c693a313636373434393633383b63617074636861776f72647c733a363a22203434343120223b616b756e5f7573657249647c733a313a2231223b616b756e5f757365726e616d657c733a363a227561646d696e223b616b756e5f656d61696c7c733a31353a2261646d696e40676d61696c2e636f6d223b616b756e5f69734163746976657c733a313a2231223b616b756e5f696d6167657c733a34333a222f7075626c69632f75706c6f6164732f757365722f757365725f3232303632363130353635392e6a706567223b616b756e5f7265616c4e616d657c733a31333a2241646d696e6973747261746f72223b616b756e5f696447726f75707c733a313a2231223b616b756e5f67726f75704465736372697074696f6e7c733a31333a2241646d696e6973747261746f72223b616b756e5f6e616d61496e7374616e73697c733a32323a224954534b205253542064722e20536f657072616f656e223b616b756e5f616c696173496e7374616e73697c733a343a224954534b223b616b756e5f74686e416e67676172616e7c733a393a22323032322d32303233223b6e5f7472616e73616b73697c733a31343a224b4d323032323131303330303830223b747275657c733a32313a224461746120626572686173696c2064696861707573223b5f5f63695f766172737c613a313a7b733a343a2274727565223b733a333a226f6c64223b7d),
	('28gi1h6tdmgudgaajoelb7uvgmb0b6uf', '180.248.19.132', 1667450024, _binary 0x5f5f63695f6c6173745f726567656e65726174657c693a313636373434393830393b63617074636861776f72647c733a363a22203438373820223b616b756e5f7573657249647c733a313a2231223b616b756e5f757365726e616d657c733a363a227561646d696e223b616b756e5f656d61696c7c733a31353a2261646d696e40676d61696c2e636f6d223b616b756e5f69734163746976657c733a313a2231223b616b756e5f696d6167657c733a34333a222f7075626c69632f75706c6f6164732f757365722f757365725f3232303632363130353635392e6a706567223b616b756e5f7265616c4e616d657c733a31333a2241646d696e6973747261746f72223b616b756e5f696447726f75707c733a313a2231223b616b756e5f67726f75704465736372697074696f6e7c733a31333a2241646d696e6973747261746f72223b616b756e5f6e616d61496e7374616e73697c733a32323a224954534b205253542064722e20536f657072616f656e223b616b756e5f616c696173496e7374616e73697c733a343a224954534b223b616b756e5f74686e416e67676172616e7c733a393a22323032322d32303233223b6e5f7472616e73616b73697c733a31343a22504e323032323131303330303036223b66616c73657c733a33323a2244617461204b6f646520426172616e672054656c616820546572646166746172223b5f5f63695f766172737c613a313a7b733a353a2266616c7365223b733a333a226f6c64223b7d),
	('2fuumtktmblh77kdr4443cvp5r0ovlrq', '180.248.19.132', 1667450081, _binary 0x5f5f63695f6c6173745f726567656e65726174657c693a313636373434393934353b63617074636861776f72647c733a363a22203434343120223b616b756e5f7573657249647c733a313a2231223b616b756e5f757365726e616d657c733a363a227561646d696e223b616b756e5f656d61696c7c733a31353a2261646d696e40676d61696c2e636f6d223b616b756e5f69734163746976657c733a313a2231223b616b756e5f696d6167657c733a34333a222f7075626c69632f75706c6f6164732f757365722f757365725f3232303632363130353635392e6a706567223b616b756e5f7265616c4e616d657c733a31333a2241646d696e6973747261746f72223b616b756e5f696447726f75707c733a313a2231223b616b756e5f67726f75704465736372697074696f6e7c733a31333a2241646d696e6973747261746f72223b616b756e5f6e616d61496e7374616e73697c733a32323a224954534b205253542064722e20536f657072616f656e223b616b756e5f616c696173496e7374616e73697c733a343a224954534b223b616b756e5f74686e416e67676172616e7c733a393a22323032322d32303233223b6e5f7472616e73616b73697c733a31343a224b4d323032323131303330303830223b),
	('aqc5tcqqvntj3r6v2cfglcfc93ttd8pl', '180.248.19.132', 1667450586, _binary 0x5f5f63695f6c6173745f726567656e65726174657c693a313636373435303237333b63617074636861776f72647c733a363a22203438373820223b616b756e5f7573657249647c733a313a2231223b616b756e5f757365726e616d657c733a363a227561646d696e223b616b756e5f656d61696c7c733a31353a2261646d696e40676d61696c2e636f6d223b616b756e5f69734163746976657c733a313a2231223b616b756e5f696d6167657c733a34333a222f7075626c69632f75706c6f6164732f757365722f757365725f3232303632363130353635392e6a706567223b616b756e5f7265616c4e616d657c733a31333a2241646d696e6973747261746f72223b616b756e5f696447726f75707c733a313a2231223b616b756e5f67726f75704465736372697074696f6e7c733a31333a2241646d696e6973747261746f72223b616b756e5f6e616d61496e7374616e73697c733a32323a224954534b205253542064722e20536f657072616f656e223b616b756e5f616c696173496e7374616e73697c733a343a224954534b223b616b756e5f74686e416e67676172616e7c733a393a22323032322d32303233223b6e5f7472616e73616b73697c733a31343a22504e323032323131303330303036223b747275657c733a32343a22426172616e6720626572686173696c20646973696d70616e223b5f5f63695f766172737c613a313a7b733a343a2274727565223b733a333a226e6577223b7d),
	('qdbd0c4gpq2bams1bcjnvd9c0bh5n8r3', '180.248.19.132', 1667450894, _binary 0x5f5f63695f6c6173745f726567656e65726174657c693a313636373435303538383b63617074636861776f72647c733a363a22203438373820223b616b756e5f7573657249647c733a313a2231223b616b756e5f757365726e616d657c733a363a227561646d696e223b616b756e5f656d61696c7c733a31353a2261646d696e40676d61696c2e636f6d223b616b756e5f69734163746976657c733a313a2231223b616b756e5f696d6167657c733a34333a222f7075626c69632f75706c6f6164732f757365722f757365725f3232303632363130353635392e6a706567223b616b756e5f7265616c4e616d657c733a31333a2241646d696e6973747261746f72223b616b756e5f696447726f75707c733a313a2231223b616b756e5f67726f75704465736372697074696f6e7c733a31333a2241646d696e6973747261746f72223b616b756e5f6e616d61496e7374616e73697c733a32323a224954534b205253542064722e20536f657072616f656e223b616b756e5f616c696173496e7374616e73697c733a343a224954534b223b616b756e5f74686e416e67676172616e7c733a393a22323032322d32303233223b6e5f7472616e73616b73697c733a31343a225054323032323131303330303037223b),
	('t9rpar235k7t857r83hn0k6j9if5f5te', '180.248.19.132', 1667450897, _binary 0x5f5f63695f6c6173745f726567656e65726174657c693a313636373435303839353b63617074636861776f72647c733a363a22203438373820223b616b756e5f7573657249647c733a313a2231223b616b756e5f757365726e616d657c733a363a227561646d696e223b616b756e5f656d61696c7c733a31353a2261646d696e40676d61696c2e636f6d223b616b756e5f69734163746976657c733a313a2231223b616b756e5f696d6167657c733a34333a222f7075626c69632f75706c6f6164732f757365722f757365725f3232303632363130353635392e6a706567223b616b756e5f7265616c4e616d657c733a31333a2241646d696e6973747261746f72223b616b756e5f696447726f75707c733a313a2231223b616b756e5f67726f75704465736372697074696f6e7c733a31333a2241646d696e6973747261746f72223b616b756e5f6e616d61496e7374616e73697c733a32323a224954534b205253542064722e20536f657072616f656e223b616b756e5f616c696173496e7374616e73697c733a343a224954534b223b616b756e5f74686e416e67676172616e7c733a393a22323032322d32303233223b6e5f7472616e73616b73697c733a31343a225054323032323131303330303037223b),
	('k8lde12h0pif46cogtboqq7nj94ahbhh', '180.248.19.132', 1667451109, _binary 0x5f5f63695f6c6173745f726567656e65726174657c693a313636373435303839373b63617074636861776f72647c733a363a22203438373820223b616b756e5f7573657249647c733a313a2231223b616b756e5f757365726e616d657c733a363a227561646d696e223b616b756e5f656d61696c7c733a31353a2261646d696e40676d61696c2e636f6d223b616b756e5f69734163746976657c733a313a2231223b616b756e5f696d6167657c733a34333a222f7075626c69632f75706c6f6164732f757365722f757365725f3232303632363130353635392e6a706567223b616b756e5f7265616c4e616d657c733a31333a2241646d696e6973747261746f72223b616b756e5f696447726f75707c733a313a2231223b616b756e5f67726f75704465736372697074696f6e7c733a31333a2241646d696e6973747261746f72223b616b756e5f6e616d61496e7374616e73697c733a32323a224954534b205253542064722e20536f657072616f656e223b616b756e5f616c696173496e7374616e73697c733a343a224954534b223b616b756e5f74686e416e67676172616e7c733a393a22323032322d32303233223b6e5f7472616e73616b73697c733a31343a225054323032323131303330303037223b747275657c733a32323a22426172616e6720626572686173696c20646975626168223b5f5f63695f766172737c613a313a7b733a343a2274727565223b733a333a226e6577223b7d),
	('d0m1doqfbmn8naiuv8p0krmst27ogsgs', '180.248.19.132', 1667451639, _binary 0x5f5f63695f6c6173745f726567656e65726174657c693a313636373435313235383b63617074636861776f72647c733a363a22203438373820223b616b756e5f7573657249647c733a313a2231223b616b756e5f757365726e616d657c733a363a227561646d696e223b616b756e5f656d61696c7c733a31353a2261646d696e40676d61696c2e636f6d223b616b756e5f69734163746976657c733a313a2231223b616b756e5f696d6167657c733a34333a222f7075626c69632f75706c6f6164732f757365722f757365725f3232303632363130353635392e6a706567223b616b756e5f7265616c4e616d657c733a31333a2241646d696e6973747261746f72223b616b756e5f696447726f75707c733a313a2231223b616b756e5f67726f75704465736372697074696f6e7c733a31333a2241646d696e6973747261746f72223b616b756e5f6e616d61496e7374616e73697c733a32323a224954534b205253542064722e20536f657072616f656e223b616b756e5f616c696173496e7374616e73697c733a343a224954534b223b616b756e5f74686e416e67676172616e7c733a393a22323032322d32303233223b6e5f7472616e73616b73697c733a31343a225054323032323131303330303038223b),
	('psrpojb2u545q6ub696k2cegl207fs8u', '180.248.19.132', 1667451639, _binary 0x5f5f63695f6c6173745f726567656e65726174657c693a313636373435313633393b63617074636861776f72647c733a363a22203438373820223b616b756e5f7573657249647c733a313a2231223b616b756e5f757365726e616d657c733a363a227561646d696e223b616b756e5f656d61696c7c733a31353a2261646d696e40676d61696c2e636f6d223b616b756e5f69734163746976657c733a313a2231223b616b756e5f696d6167657c733a34333a222f7075626c69632f75706c6f6164732f757365722f757365725f3232303632363130353635392e6a706567223b616b756e5f7265616c4e616d657c733a31333a2241646d696e6973747261746f72223b616b756e5f696447726f75707c733a313a2231223b616b756e5f67726f75704465736372697074696f6e7c733a31333a2241646d696e6973747261746f72223b616b756e5f6e616d61496e7374616e73697c733a32323a224954534b205253542064722e20536f657072616f656e223b616b756e5f616c696173496e7374616e73697c733a343a224954534b223b616b756e5f74686e416e67676172616e7c733a393a22323032322d32303233223b6e5f7472616e73616b73697c733a31343a225054323032323131303330303038223b),
	('5k3bh0usf0escgrd3sn7h5jeab0mv85m', '180.248.19.132', 1667452075, _binary 0x5f5f63695f6c6173745f726567656e65726174657c693a313636373435313633393b63617074636861776f72647c733a363a22203438373820223b616b756e5f7573657249647c733a313a2231223b616b756e5f757365726e616d657c733a363a227561646d696e223b616b756e5f656d61696c7c733a31353a2261646d696e40676d61696c2e636f6d223b616b756e5f69734163746976657c733a313a2231223b616b756e5f696d6167657c733a34333a222f7075626c69632f75706c6f6164732f757365722f757365725f3232303632363130353635392e6a706567223b616b756e5f7265616c4e616d657c733a31333a2241646d696e6973747261746f72223b616b756e5f696447726f75707c733a313a2231223b616b756e5f67726f75704465736372697074696f6e7c733a31333a2241646d696e6973747261746f72223b616b756e5f6e616d61496e7374616e73697c733a32323a224954534b205253542064722e20536f657072616f656e223b616b756e5f616c696173496e7374616e73697c733a343a224954534b223b616b756e5f74686e416e67676172616e7c733a393a22323032322d32303233223b6e5f7472616e73616b73697c733a31343a225054323032323131303330303038223b747275657c733a32323a224461746120626572686173696c20646973696d70616e223b5f5f63695f766172737c613a313a7b733a343a2274727565223b733a333a226e6577223b7d),
	('4b7m14s82e8pud3rod6c494bt0fn4s0h', '180.248.19.132', 1667452563, _binary 0x5f5f63695f6c6173745f726567656e65726174657c693a313636373435323037373b63617074636861776f72647c733a363a22203438373820223b616b756e5f7573657249647c733a313a2231223b616b756e5f757365726e616d657c733a363a227561646d696e223b616b756e5f656d61696c7c733a31353a2261646d696e40676d61696c2e636f6d223b616b756e5f69734163746976657c733a313a2231223b616b756e5f696d6167657c733a34333a222f7075626c69632f75706c6f6164732f757365722f757365725f3232303632363130353635392e6a706567223b616b756e5f7265616c4e616d657c733a31333a2241646d696e6973747261746f72223b616b756e5f696447726f75707c733a313a2231223b616b756e5f67726f75704465736372697074696f6e7c733a31333a2241646d696e6973747261746f72223b616b756e5f6e616d61496e7374616e73697c733a32323a224954534b205253542064722e20536f657072616f656e223b616b756e5f616c696173496e7374616e73697c733a343a224954534b223b616b756e5f74686e416e67676172616e7c733a393a22323032322d32303233223b6e5f7472616e73616b73697c733a31343a225054323032323131303330303038223b747275657c733a32323a224461746120626572686173696c20646973696d70616e223b5f5f63695f766172737c613a313a7b733a343a2274727565223b733a333a226e6577223b7d),
	('ltgoak1fhgfghcafnldo2ae7d73emu6e', '180.248.19.132', 1667452569, _binary 0x5f5f63695f6c6173745f726567656e65726174657c693a313636373435323536343b63617074636861776f72647c733a363a22203438373820223b616b756e5f7573657249647c733a313a2231223b616b756e5f757365726e616d657c733a363a227561646d696e223b616b756e5f656d61696c7c733a31353a2261646d696e40676d61696c2e636f6d223b616b756e5f69734163746976657c733a313a2231223b616b756e5f696d6167657c733a34333a222f7075626c69632f75706c6f6164732f757365722f757365725f3232303632363130353635392e6a706567223b616b756e5f7265616c4e616d657c733a31333a2241646d696e6973747261746f72223b616b756e5f696447726f75707c733a313a2231223b616b756e5f67726f75704465736372697074696f6e7c733a31333a2241646d696e6973747261746f72223b616b756e5f6e616d61496e7374616e73697c733a32323a224954534b205253542064722e20536f657072616f656e223b616b756e5f616c696173496e7374616e73697c733a343a224954534b223b616b756e5f74686e416e67676172616e7c733a393a22323032322d32303233223b6e5f7472616e73616b73697c733a31343a225054323032323131303330303038223b747275657c733a32343a224461746120626572686173696c2064697065726261727569223b5f5f63695f766172737c613a313a7b733a343a2274727565223b733a333a226f6c64223b7d),
	('7p4cjdvmpmsq8kf4q7nnuccsh3lodgpk', '125.163.128.74', 1667461637, _binary 0x5f5f63695f6c6173745f726567656e65726174657c693a313636373436313332323b63617074636861776f72647c733a363a22203438333920223b616b756e5f7573657249647c733a313a2231223b616b756e5f757365726e616d657c733a363a227561646d696e223b616b756e5f656d61696c7c733a31353a2261646d696e40676d61696c2e636f6d223b616b756e5f69734163746976657c733a313a2231223b616b756e5f696d6167657c733a34333a222f7075626c69632f75706c6f6164732f757365722f757365725f3232303632363130353635392e6a706567223b616b756e5f7265616c4e616d657c733a31333a2241646d696e6973747261746f72223b616b756e5f696447726f75707c733a313a2231223b616b756e5f67726f75704465736372697074696f6e7c733a31333a2241646d696e6973747261746f72223b616b756e5f6e616d61496e7374616e73697c733a32323a224954534b205253542064722e20536f657072616f656e223b616b756e5f616c696173496e7374616e73697c733a343a224954534b223b616b756e5f74686e416e67676172616e7c733a393a22323032322d32303233223b6e5f7472616e73616b73697c733a31343a225054323032323131303330303039223b),
	('mblc87i5n1o4fr5qdnljr798np6ct7o4', '125.163.128.74', 1667461643, _binary 0x5f5f63695f6c6173745f726567656e65726174657c693a313636373436313634303b63617074636861776f72647c733a363a22203438333920223b616b756e5f7573657249647c733a313a2231223b616b756e5f757365726e616d657c733a363a227561646d696e223b616b756e5f656d61696c7c733a31353a2261646d696e40676d61696c2e636f6d223b616b756e5f69734163746976657c733a313a2231223b616b756e5f696d6167657c733a34333a222f7075626c69632f75706c6f6164732f757365722f757365725f3232303632363130353635392e6a706567223b616b756e5f7265616c4e616d657c733a31333a2241646d696e6973747261746f72223b616b756e5f696447726f75707c733a313a2231223b616b756e5f67726f75704465736372697074696f6e7c733a31333a2241646d696e6973747261746f72223b616b756e5f6e616d61496e7374616e73697c733a32323a224954534b205253542064722e20536f657072616f656e223b616b756e5f616c696173496e7374616e73697c733a343a224954534b223b616b756e5f74686e416e67676172616e7c733a393a22323032322d32303233223b6e5f7472616e73616b73697c733a31343a225054323032323131303330303039223b),
	('3glm2vdj68tgl76femap0m0036l44ks7', '125.163.128.74', 1667461991, _binary 0x5f5f63695f6c6173745f726567656e65726174657c693a313636373436313634333b63617074636861776f72647c733a363a22203438333920223b616b756e5f7573657249647c733a313a2231223b616b756e5f757365726e616d657c733a363a227561646d696e223b616b756e5f656d61696c7c733a31353a2261646d696e40676d61696c2e636f6d223b616b756e5f69734163746976657c733a313a2231223b616b756e5f696d6167657c733a34333a222f7075626c69632f75706c6f6164732f757365722f757365725f3232303632363130353635392e6a706567223b616b756e5f7265616c4e616d657c733a31333a2241646d696e6973747261746f72223b616b756e5f696447726f75707c733a313a2231223b616b756e5f67726f75704465736372697074696f6e7c733a31333a2241646d696e6973747261746f72223b616b756e5f6e616d61496e7374616e73697c733a32323a224954534b205253542064722e20536f657072616f656e223b616b756e5f616c696173496e7374616e73697c733a343a224954534b223b616b756e5f74686e416e67676172616e7c733a393a22323032322d32303233223b6e5f7472616e73616b73697c733a31343a225054323032323131303330303130223b),
	('pmtdqu4luum030o201ahh1i0cmn8rk6r', '125.163.128.74', 1667461995, _binary 0x5f5f63695f6c6173745f726567656e65726174657c693a313636373436313939333b63617074636861776f72647c733a363a22203438333920223b616b756e5f7573657249647c733a313a2231223b616b756e5f757365726e616d657c733a363a227561646d696e223b616b756e5f656d61696c7c733a31353a2261646d696e40676d61696c2e636f6d223b616b756e5f69734163746976657c733a313a2231223b616b756e5f696d6167657c733a34333a222f7075626c69632f75706c6f6164732f757365722f757365725f3232303632363130353635392e6a706567223b616b756e5f7265616c4e616d657c733a31333a2241646d696e6973747261746f72223b616b756e5f696447726f75707c733a313a2231223b616b756e5f67726f75704465736372697074696f6e7c733a31333a2241646d696e6973747261746f72223b616b756e5f6e616d61496e7374616e73697c733a32323a224954534b205253542064722e20536f657072616f656e223b616b756e5f616c696173496e7374616e73697c733a343a224954534b223b616b756e5f74686e416e67676172616e7c733a393a22323032322d32303233223b6e5f7472616e73616b73697c733a31343a225054323032323131303330303130223b),
	('mf66ddpjja3hb6qqgq1q23u6dt54n4h9', '125.163.128.74', 1667462311, _binary 0x5f5f63695f6c6173745f726567656e65726174657c693a313636373436313939353b63617074636861776f72647c733a363a22203438333920223b616b756e5f7573657249647c733a313a2231223b616b756e5f757365726e616d657c733a363a227561646d696e223b616b756e5f656d61696c7c733a31353a2261646d696e40676d61696c2e636f6d223b616b756e5f69734163746976657c733a313a2231223b616b756e5f696d6167657c733a34333a222f7075626c69632f75706c6f6164732f757365722f757365725f3232303632363130353635392e6a706567223b616b756e5f7265616c4e616d657c733a31333a2241646d696e6973747261746f72223b616b756e5f696447726f75707c733a313a2231223b616b756e5f67726f75704465736372697074696f6e7c733a31333a2241646d696e6973747261746f72223b616b756e5f6e616d61496e7374616e73697c733a32323a224954534b205253542064722e20536f657072616f656e223b616b756e5f616c696173496e7374616e73697c733a343a224954534b223b616b756e5f74686e416e67676172616e7c733a393a22323032322d32303233223b6e5f7472616e73616b73697c733a31343a225054323032323131303330303131223b747275657c733a32323a224461746120626572686173696c20646973696d70616e223b5f5f63695f766172737c613a313a7b733a343a2274727565223b733a333a226e6577223b7d),
	('nbkj4r943c92pl7ouoaidgjfgre9aub1', '125.163.128.74', 1667462838, _binary 0x5f5f63695f6c6173745f726567656e65726174657c693a313636373436323331323b63617074636861776f72647c733a363a22203438333920223b616b756e5f7573657249647c733a313a2231223b616b756e5f757365726e616d657c733a363a227561646d696e223b616b756e5f656d61696c7c733a31353a2261646d696e40676d61696c2e636f6d223b616b756e5f69734163746976657c733a313a2231223b616b756e5f696d6167657c733a34333a222f7075626c69632f75706c6f6164732f757365722f757365725f3232303632363130353635392e6a706567223b616b756e5f7265616c4e616d657c733a31333a2241646d696e6973747261746f72223b616b756e5f696447726f75707c733a313a2231223b616b756e5f67726f75704465736372697074696f6e7c733a31333a2241646d696e6973747261746f72223b616b756e5f6e616d61496e7374616e73697c733a32323a224954534b205253542064722e20536f657072616f656e223b616b756e5f616c696173496e7374616e73697c733a343a224954534b223b616b756e5f74686e416e67676172616e7c733a393a22323032322d32303233223b6e5f7472616e73616b73697c733a31343a225054323032323131303330303131223b747275657c733a32343a224461746120626572686173696c2064697065726261727569223b5f5f63695f766172737c613a313a7b733a343a2274727565223b733a333a226e6577223b7d),
	('m2drtpvcto4730ii1i7gdrthghpbkl4d', '125.163.128.74', 1667463181, _binary 0x5f5f63695f6c6173745f726567656e65726174657c693a313636373436323834303b63617074636861776f72647c733a363a22203438333920223b616b756e5f7573657249647c733a313a2231223b616b756e5f757365726e616d657c733a363a227561646d696e223b616b756e5f656d61696c7c733a31353a2261646d696e40676d61696c2e636f6d223b616b756e5f69734163746976657c733a313a2231223b616b756e5f696d6167657c733a34333a222f7075626c69632f75706c6f6164732f757365722f757365725f3232303632363130353635392e6a706567223b616b756e5f7265616c4e616d657c733a31333a2241646d696e6973747261746f72223b616b756e5f696447726f75707c733a313a2231223b616b756e5f67726f75704465736372697074696f6e7c733a31333a2241646d696e6973747261746f72223b616b756e5f6e616d61496e7374616e73697c733a32323a224954534b205253542064722e20536f657072616f656e223b616b756e5f616c696173496e7374616e73697c733a343a224954534b223b616b756e5f74686e416e67676172616e7c733a393a22323032322d32303233223b6e5f7472616e73616b73697c733a31343a225054323032323131303330303131223b747275657c733a32323a224461746120626572686173696c20646973696d70616e223b5f5f63695f766172737c613a313a7b733a343a2274727565223b733a333a226e6577223b7d),
	('hml6e6mq9tdd7lo5lo25dehluv3pgs4r', '125.163.128.74', 1667463331, _binary 0x5f5f63695f6c6173745f726567656e65726174657c693a313636373436333138353b63617074636861776f72647c733a363a22203438333920223b616b756e5f7573657249647c733a313a2231223b616b756e5f757365726e616d657c733a363a227561646d696e223b616b756e5f656d61696c7c733a31353a2261646d696e40676d61696c2e636f6d223b616b756e5f69734163746976657c733a313a2231223b616b756e5f696d6167657c733a34333a222f7075626c69632f75706c6f6164732f757365722f757365725f3232303632363130353635392e6a706567223b616b756e5f7265616c4e616d657c733a31333a2241646d696e6973747261746f72223b616b756e5f696447726f75707c733a313a2231223b616b756e5f67726f75704465736372697074696f6e7c733a31333a2241646d696e6973747261746f72223b616b756e5f6e616d61496e7374616e73697c733a32323a224954534b205253542064722e20536f657072616f656e223b616b756e5f616c696173496e7374616e73697c733a343a224954534b223b616b756e5f74686e416e67676172616e7c733a393a22323032322d32303233223b6e5f7472616e73616b73697c733a31343a225054323032323131303330303131223b6572726f727c733a34373a224552524f523a3a20446174612070656d61736f6b20746572736562757420737564616820646967756e616b616e2120223b5f5f63695f766172737c613a313a7b733a353a226572726f72223b733a333a226f6c64223b7d),
	('5td95nk1366bgkajdihb91mjgnb3ghc7', '125.163.128.74', 1667464409, _binary 0x5f5f63695f6c6173745f726567656e65726174657c693a313636373436343135363b63617074636861776f72647c733a363a22203438333920223b616b756e5f7573657249647c733a313a2231223b616b756e5f757365726e616d657c733a363a227561646d696e223b616b756e5f656d61696c7c733a31353a2261646d696e40676d61696c2e636f6d223b616b756e5f69734163746976657c733a313a2231223b616b756e5f696d6167657c733a34333a222f7075626c69632f75706c6f6164732f757365722f757365725f3232303632363130353635392e6a706567223b616b756e5f7265616c4e616d657c733a31333a2241646d696e6973747261746f72223b616b756e5f696447726f75707c733a313a2231223b616b756e5f67726f75704465736372697074696f6e7c733a31333a2241646d696e6973747261746f72223b616b756e5f6e616d61496e7374616e73697c733a32323a224954534b205253542064722e20536f657072616f656e223b616b756e5f616c696173496e7374616e73697c733a343a224954534b223b616b756e5f74686e416e67676172616e7c733a393a22323032322d32303233223b6e5f7472616e73616b73697c733a31343a225054323032323131303330303131223b),
	('uvrmqkft9sv0l0s3au8bdpsi2oi5ackg', '125.163.128.74', 1667464644, _binary 0x5f5f63695f6c6173745f726567656e65726174657c693a313636373436343535333b63617074636861776f72647c733a363a22203438333920223b616b756e5f7573657249647c733a313a2231223b616b756e5f757365726e616d657c733a363a227561646d696e223b616b756e5f656d61696c7c733a31353a2261646d696e40676d61696c2e636f6d223b616b756e5f69734163746976657c733a313a2231223b616b756e5f696d6167657c733a34333a222f7075626c69632f75706c6f6164732f757365722f757365725f3232303632363130353635392e6a706567223b616b756e5f7265616c4e616d657c733a31333a2241646d696e6973747261746f72223b616b756e5f696447726f75707c733a313a2231223b616b756e5f67726f75704465736372697074696f6e7c733a31333a2241646d696e6973747261746f72223b616b756e5f6e616d61496e7374616e73697c733a32323a224954534b205253542064722e20536f657072616f656e223b616b756e5f616c696173496e7374616e73697c733a343a224954534b223b616b756e5f74686e416e67676172616e7c733a393a22323032322d32303233223b6e5f7472616e73616b73697c733a31343a225054323032323131303330303131223b),
	('e7hd2h1egmpg4opn09gnh6h7j8nblfm7', '125.163.128.74', 1667464931, _binary 0x5f5f63695f6c6173745f726567656e65726174657c693a313636373436343933313b63617074636861776f72647c733a363a22203438333920223b616b756e5f7573657249647c733a313a2231223b616b756e5f757365726e616d657c733a363a227561646d696e223b616b756e5f656d61696c7c733a31353a2261646d696e40676d61696c2e636f6d223b616b756e5f69734163746976657c733a313a2231223b616b756e5f696d6167657c733a34333a222f7075626c69632f75706c6f6164732f757365722f757365725f3232303632363130353635392e6a706567223b616b756e5f7265616c4e616d657c733a31333a2241646d696e6973747261746f72223b616b756e5f696447726f75707c733a313a2231223b616b756e5f67726f75704465736372697074696f6e7c733a31333a2241646d696e6973747261746f72223b616b756e5f6e616d61496e7374616e73697c733a32323a224954534b205253542064722e20536f657072616f656e223b616b756e5f616c696173496e7374616e73697c733a343a224954534b223b616b756e5f74686e416e67676172616e7c733a393a22323032322d32303233223b6e5f7472616e73616b73697c733a31343a225054323032323131303330303131223b),
	('8jl88dcilp1vh516ffktv5fvjvab8ujr', '125.163.128.74', 1667468741, _binary 0x5f5f63695f6c6173745f726567656e65726174657c693a313636373436383734313b),
	('geeckc6qks46ftb70ucalb80o2er0nbe', '125.163.128.74', 1667469057, _binary 0x5f5f63695f6c6173745f726567656e65726174657c693a313636373436383734313b63617074636861776f72647c733a363a22203339323420223b616b756e5f7573657249647c733a313a2231223b616b756e5f757365726e616d657c733a363a227561646d696e223b616b756e5f656d61696c7c733a31353a2261646d696e40676d61696c2e636f6d223b616b756e5f69734163746976657c733a313a2231223b616b756e5f696d6167657c733a34333a222f7075626c69632f75706c6f6164732f757365722f757365725f3232303632363130353635392e6a706567223b616b756e5f7265616c4e616d657c733a31333a2241646d696e6973747261746f72223b616b756e5f696447726f75707c733a313a2231223b616b756e5f67726f75704465736372697074696f6e7c733a31333a2241646d696e6973747261746f72223b616b756e5f6e616d61496e7374616e73697c733a32323a224954534b205253542064722e20536f657072616f656e223b616b756e5f616c696173496e7374616e73697c733a343a224954534b223b616b756e5f74686e416e67676172616e7c733a393a22323032322d32303233223b),
	('okpsop8h5gf3ksag22prs0ftvgbi7crj', '125.163.128.74', 1667469083, _binary 0x5f5f63695f6c6173745f726567656e65726174657c693a313636373436393036393b63617074636861776f72647c733a363a22203339323420223b616b756e5f7573657249647c733a313a2231223b616b756e5f757365726e616d657c733a363a227561646d696e223b616b756e5f656d61696c7c733a31353a2261646d696e40676d61696c2e636f6d223b616b756e5f69734163746976657c733a313a2231223b616b756e5f696d6167657c733a34333a222f7075626c69632f75706c6f6164732f757365722f757365725f3232303632363130353635392e6a706567223b616b756e5f7265616c4e616d657c733a31333a2241646d696e6973747261746f72223b616b756e5f696447726f75707c733a313a2231223b616b756e5f67726f75704465736372697074696f6e7c733a31333a2241646d696e6973747261746f72223b616b756e5f6e616d61496e7374616e73697c733a32323a224954534b205253542064722e20536f657072616f656e223b616b756e5f616c696173496e7374616e73697c733a343a224954534b223b616b756e5f74686e416e67676172616e7c733a393a22323032322d32303233223b),
	('c5kimudq1rvsp9ne5j4pr811ra316i7f', '84.239.49.44', 1667521947, _binary 0x5f5f63695f6c6173745f726567656e65726174657c693a313636373532313738303b63617074636861776f72647c733a363a22203231333520223b616b756e5f7573657249647c733a313a2231223b616b756e5f757365726e616d657c733a363a227561646d696e223b616b756e5f656d61696c7c733a31353a2261646d696e40676d61696c2e636f6d223b616b756e5f69734163746976657c733a313a2231223b616b756e5f696d6167657c733a34333a222f7075626c69632f75706c6f6164732f757365722f757365725f3232303632363130353635392e6a706567223b616b756e5f7265616c4e616d657c733a31333a2241646d696e6973747261746f72223b616b756e5f696447726f75707c733a313a2231223b616b756e5f67726f75704465736372697074696f6e7c733a31333a2241646d696e6973747261746f72223b616b756e5f6e616d61496e7374616e73697c733a32323a224954534b205253542064722e20536f657072616f656e223b616b756e5f616c696173496e7374616e73697c733a343a224954534b223b616b756e5f74686e416e67676172616e7c733a393a22323032322d32303233223b),
	('5bsboodtkinp7lgv8lhorde7alp6731v', '125.163.128.74', 1667523014, _binary 0x5f5f63695f6c6173745f726567656e65726174657c693a313636373532323930393b63617074636861776f72647c733a363a22203239303420223b616b756e5f7573657249647c733a313a2231223b616b756e5f757365726e616d657c733a363a227561646d696e223b616b756e5f656d61696c7c733a31353a2261646d696e40676d61696c2e636f6d223b616b756e5f69734163746976657c733a313a2231223b616b756e5f696d6167657c733a34333a222f7075626c69632f75706c6f6164732f757365722f757365725f3232303632363130353635392e6a706567223b616b756e5f7265616c4e616d657c733a31333a2241646d696e6973747261746f72223b616b756e5f696447726f75707c733a313a2231223b616b756e5f67726f75704465736372697074696f6e7c733a31333a2241646d696e6973747261746f72223b616b756e5f6e616d61496e7374616e73697c733a32323a224954534b205253542064722e20536f657072616f656e223b616b756e5f616c696173496e7374616e73697c733a343a224954534b223b616b756e5f74686e416e67676172616e7c733a393a22323032322d32303233223b),
	('ms0qjevg7unrneogitclohghn2n874qt', '125.163.128.74', 1667523251, _binary 0x5f5f63695f6c6173745f726567656e65726174657c693a313636373532323931393b63617074636861776f72647c733a363a22203438343620223b616b756e5f7573657249647c733a313a2231223b616b756e5f757365726e616d657c733a363a227561646d696e223b616b756e5f656d61696c7c733a31353a2261646d696e40676d61696c2e636f6d223b616b756e5f69734163746976657c733a313a2231223b616b756e5f696d6167657c733a34333a222f7075626c69632f75706c6f6164732f757365722f757365725f3232303632363130353635392e6a706567223b616b756e5f7265616c4e616d657c733a31333a2241646d696e6973747261746f72223b616b756e5f696447726f75707c733a313a2231223b616b756e5f67726f75704465736372697074696f6e7c733a31333a2241646d696e6973747261746f72223b616b756e5f6e616d61496e7374616e73697c733a32323a224954534b205253542064722e20536f657072616f656e223b616b756e5f616c696173496e7374616e73697c733a343a224954534b223b616b756e5f74686e416e67676172616e7c733a393a22323032322d32303233223b),
	('lf2s919nm19pvpcb8o0aho2141ucfrrb', '125.163.128.74', 1667523107, _binary 0x5f5f63695f6c6173745f726567656e65726174657c693a313636373532323937313b63617074636861776f72647c733a363a22203131373420223b616b756e5f7573657249647c733a313a2231223b616b756e5f757365726e616d657c733a363a227561646d696e223b616b756e5f656d61696c7c733a31353a2261646d696e40676d61696c2e636f6d223b616b756e5f69734163746976657c733a313a2231223b616b756e5f696d6167657c733a34333a222f7075626c69632f75706c6f6164732f757365722f757365725f3232303632363130353635392e6a706567223b616b756e5f7265616c4e616d657c733a31333a2241646d696e6973747261746f72223b616b756e5f696447726f75707c733a313a2231223b616b756e5f67726f75704465736372697074696f6e7c733a31333a2241646d696e6973747261746f72223b616b756e5f6e616d61496e7374616e73697c733a32323a224954534b205253542064722e20536f657072616f656e223b616b756e5f616c696173496e7374616e73697c733a343a224954534b223b616b756e5f74686e416e67676172616e7c733a393a22323032322d32303233223b),
	('b1emlml0ia1kfh3rdsduap0b65if6h8h', '125.163.128.74', 1667523626, _binary 0x5f5f63695f6c6173745f726567656e65726174657c693a313636373532333330333b63617074636861776f72647c733a363a22203438343620223b616b756e5f7573657249647c733a313a2231223b616b756e5f757365726e616d657c733a363a227561646d696e223b616b756e5f656d61696c7c733a31353a2261646d696e40676d61696c2e636f6d223b616b756e5f69734163746976657c733a313a2231223b616b756e5f696d6167657c733a34333a222f7075626c69632f75706c6f6164732f757365722f757365725f3232303632363130353635392e6a706567223b616b756e5f7265616c4e616d657c733a31333a2241646d696e6973747261746f72223b616b756e5f696447726f75707c733a313a2231223b616b756e5f67726f75704465736372697074696f6e7c733a31333a2241646d696e6973747261746f72223b616b756e5f6e616d61496e7374616e73697c733a32323a224954534b205253542064722e20536f657072616f656e223b616b756e5f616c696173496e7374616e73697c733a343a224954534b223b616b756e5f74686e416e67676172616e7c733a393a22323032322d32303233223b747275657c733a32353a225472616e73616b736920687574616e6720626572686173696c223b5f5f63695f766172737c613a313a7b733a343a2274727565223b733a333a226e6577223b7d6e5f7472616e73616b73697c733a31343a22504e323032323131303430303132223b),
	('8f2rqid8hnvugni45n21mt8hp5piqp7m', '125.163.128.74', 1667523630, _binary 0x5f5f63695f6c6173745f726567656e65726174657c693a313636373532333632383b63617074636861776f72647c733a363a22203438343620223b616b756e5f7573657249647c733a313a2231223b616b756e5f757365726e616d657c733a363a227561646d696e223b616b756e5f656d61696c7c733a31353a2261646d696e40676d61696c2e636f6d223b616b756e5f69734163746976657c733a313a2231223b616b756e5f696d6167657c733a34333a222f7075626c69632f75706c6f6164732f757365722f757365725f3232303632363130353635392e6a706567223b616b756e5f7265616c4e616d657c733a31333a2241646d696e6973747261746f72223b616b756e5f696447726f75707c733a313a2231223b616b756e5f67726f75704465736372697074696f6e7c733a31333a2241646d696e6973747261746f72223b616b756e5f6e616d61496e7374616e73697c733a32323a224954534b205253542064722e20536f657072616f656e223b616b756e5f616c696173496e7374616e73697c733a343a224954534b223b616b756e5f74686e416e67676172616e7c733a393a22323032322d32303233223b747275657c733a32353a225472616e73616b736920687574616e6720626572686173696c223b5f5f63695f766172737c613a313a7b733a343a2274727565223b733a333a226f6c64223b7d6e5f7472616e73616b73697c733a31343a22504e323032323131303430303132223b),
	('b1f6tmgdtves5g56sqtq1atttl3f2hqp', '125.163.128.74', 1667523926, _binary 0x5f5f63695f6c6173745f726567656e65726174657c693a313636373532333633303b63617074636861776f72647c733a363a22203438343620223b616b756e5f7573657249647c733a313a2231223b616b756e5f757365726e616d657c733a363a227561646d696e223b616b756e5f656d61696c7c733a31353a2261646d696e40676d61696c2e636f6d223b616b756e5f69734163746976657c733a313a2231223b616b756e5f696d6167657c733a34333a222f7075626c69632f75706c6f6164732f757365722f757365725f3232303632363130353635392e6a706567223b616b756e5f7265616c4e616d657c733a31333a2241646d696e6973747261746f72223b616b756e5f696447726f75707c733a313a2231223b616b756e5f67726f75704465736372697074696f6e7c733a31333a2241646d696e6973747261746f72223b616b756e5f6e616d61496e7374616e73697c733a32323a224954534b205253542064722e20536f657072616f656e223b616b756e5f616c696173496e7374616e73697c733a343a224954534b223b616b756e5f74686e416e67676172616e7c733a393a22323032322d32303233223b6e5f7472616e73616b73697c733a31343a225059323032323131303430303035223b),
	('faeihq6h8rug5qio8q0s80naavlil9mr', '125.163.128.74', 1667524983, _binary 0x5f5f63695f6c6173745f726567656e65726174657c693a313636373532343937333b63617074636861776f72647c733a363a22203239303420223b616b756e5f7573657249647c733a313a2231223b616b756e5f757365726e616d657c733a363a227561646d696e223b616b756e5f656d61696c7c733a31353a2261646d696e40676d61696c2e636f6d223b616b756e5f69734163746976657c733a313a2231223b616b756e5f696d6167657c733a34333a222f7075626c69632f75706c6f6164732f757365722f757365725f3232303632363130353635392e6a706567223b616b756e5f7265616c4e616d657c733a31333a2241646d696e6973747261746f72223b616b756e5f696447726f75707c733a313a2231223b616b756e5f67726f75704465736372697074696f6e7c733a31333a2241646d696e6973747261746f72223b616b756e5f6e616d61496e7374616e73697c733a32323a224954534b205253542064722e20536f657072616f656e223b616b756e5f616c696173496e7374616e73697c733a343a224954534b223b616b756e5f74686e416e67676172616e7c733a393a22323032322d32303233223b),
	('250bq5n5j9nouj7nml3klneqmfdhui6v', '::1', 1669941325, _binary 0x5f5f63695f6c6173745f726567656e65726174657c693a313636393934313332343b63617074636861776f72647c4e3b),
	('l0u8dna9eu85qsfqvmam09vvqdk2dto2', '::1', 1669941766, _binary 0x5f5f63695f6c6173745f726567656e65726174657c693a313636393934313736363b63617074636861776f72647c733a363a22203434343520223b616b756e5f7573657249647c733a313a2231223b616b756e5f757365726e616d657c733a363a227561646d696e223b616b756e5f656d61696c7c733a31353a2261646d696e40676d61696c2e636f6d223b616b756e5f69734163746976657c733a313a2231223b616b756e5f696d6167657c733a34333a222f7075626c69632f75706c6f6164732f757365722f757365725f3232303632363130353635392e6a706567223b616b756e5f7265616c4e616d657c733a31333a2241646d696e6973747261746f72223b616b756e5f696447726f75707c733a313a2231223b616b756e5f67726f75704465736372697074696f6e7c733a31333a2241646d696e6973747261746f72223b616b756e5f6e616d61496e7374616e73697c733a32323a224954534b205253542064722e20536f657072616f656e223b616b756e5f616c696173496e7374616e73697c733a343a224954534b223b616b756e5f74686e416e67676172616e7c733a393a22323032322d32303233223b),
	('iq6ao03up5kup85695il4vt9flbrttfp', '::1', 1669942054, _binary 0x5f5f63695f6c6173745f726567656e65726174657c693a313636393934313736363b63617074636861776f72647c733a363a22203434343520223b616b756e5f7573657249647c733a313a2231223b616b756e5f757365726e616d657c733a363a227561646d696e223b616b756e5f656d61696c7c733a31353a2261646d696e40676d61696c2e636f6d223b616b756e5f69734163746976657c733a313a2231223b616b756e5f696d6167657c733a34333a222f7075626c69632f75706c6f6164732f757365722f757365725f3232303632363130353635392e6a706567223b616b756e5f7265616c4e616d657c733a31333a2241646d696e6973747261746f72223b616b756e5f696447726f75707c733a313a2231223b616b756e5f67726f75704465736372697074696f6e7c733a31333a2241646d696e6973747261746f72223b616b756e5f6e616d61496e7374616e73697c733a32323a224954534b205253542064722e20536f657072616f656e223b616b756e5f616c696173496e7374616e73697c733a343a224954534b223b616b756e5f74686e416e67676172616e7c733a393a22323032322d32303233223b),
	('tjr60kd69g3fepesjvmmeg1csmqd84m7', '::1', 1669942506, _binary 0x5f5f63695f6c6173745f726567656e65726174657c693a313636393934323530363b63617074636861776f72647c733a363a22203135303120223b616b756e5f7573657249647c733a313a2231223b616b756e5f757365726e616d657c733a363a227561646d696e223b616b756e5f656d61696c7c733a31353a2261646d696e40676d61696c2e636f6d223b616b756e5f69734163746976657c733a313a2231223b616b756e5f696d6167657c733a34333a222f7075626c69632f75706c6f6164732f757365722f757365725f3232303632363130353635392e6a706567223b616b756e5f7265616c4e616d657c733a31333a2241646d696e6973747261746f72223b616b756e5f696447726f75707c733a313a2231223b616b756e5f67726f75704465736372697074696f6e7c733a31333a2241646d696e6973747261746f72223b616b756e5f6e616d61496e7374616e73697c733a32323a224954534b205253542064722e20536f657072616f656e223b616b756e5f616c696173496e7374616e73697c733a343a224954534b223b616b756e5f74686e416e67676172616e7c733a393a22323032322d32303233223b),
	('todpkbgfr8h459lt5hel1joohnvvn5fu', '::1', 1669942723, _binary 0x5f5f63695f6c6173745f726567656e65726174657c693a313636393934323530363b63617074636861776f72647c733a363a22203135303120223b616b756e5f7573657249647c733a313a2231223b616b756e5f757365726e616d657c733a363a227561646d696e223b616b756e5f656d61696c7c733a31353a2261646d696e40676d61696c2e636f6d223b616b756e5f69734163746976657c733a313a2231223b616b756e5f696d6167657c733a34333a222f7075626c69632f75706c6f6164732f757365722f757365725f3232303632363130353635392e6a706567223b616b756e5f7265616c4e616d657c733a31333a2241646d696e6973747261746f72223b616b756e5f696447726f75707c733a313a2231223b616b756e5f67726f75704465736372697074696f6e7c733a31333a2241646d696e6973747261746f72223b616b756e5f6e616d61496e7374616e73697c733a32323a224954534b205253542064722e20536f657072616f656e223b616b756e5f616c696173496e7374616e73697c733a343a224954534b223b616b756e5f74686e416e67676172616e7c733a393a22323032322d32303233223b),
	('56o9gdi52q0gbjnj7hr5dfta25p145e9', '::1', 1669943101, _binary 0x5f5f63695f6c6173745f726567656e65726174657c693a313636393934323934323b63617074636861776f72647c733a363a22203431393620223b616b756e5f7573657249647c733a313a2231223b616b756e5f757365726e616d657c733a363a227561646d696e223b616b756e5f656d61696c7c733a31353a2261646d696e40676d61696c2e636f6d223b616b756e5f69734163746976657c733a313a2231223b616b756e5f696d6167657c733a34333a222f7075626c69632f75706c6f6164732f757365722f757365725f3232303632363130353635392e6a706567223b616b756e5f7265616c4e616d657c733a31333a2241646d696e6973747261746f72223b616b756e5f696447726f75707c733a313a2231223b616b756e5f67726f75704465736372697074696f6e7c733a31333a2241646d696e6973747261746f72223b616b756e5f6e616d61496e7374616e73697c733a31303a2253616a61646120417070223b616b756e5f616c696173496e7374616e73697c733a363a2253616a616461223b616b756e5f74686e416e67676172616e7c733a393a22323032322d32303233223b),
	('91abe2vkov7ome0bmh96mcmrtv9lea3p', '::1', 1669943105, _binary 0x5f5f63695f6c6173745f726567656e65726174657c693a313636393934333130353b),
	('2tteaenvfpcqh6iqkk6566as87gtq764', '::1', 1669943222, _binary 0x5f5f63695f6c6173745f726567656e65726174657c693a313636393934333135363b63617074636861776f72647c733a363a22203333353920223b616b756e5f7573657249647c733a313a2231223b616b756e5f757365726e616d657c733a363a227561646d696e223b616b756e5f656d61696c7c733a31353a2261646d696e40676d61696c2e636f6d223b616b756e5f69734163746976657c733a313a2231223b616b756e5f696d6167657c733a34333a222f7075626c69632f75706c6f6164732f757365722f757365725f3232303632363130353635392e6a706567223b616b756e5f7265616c4e616d657c733a31333a2241646d696e6973747261746f72223b616b756e5f696447726f75707c733a313a2231223b616b756e5f67726f75704465736372697074696f6e7c733a31333a2241646d696e6973747261746f72223b616b756e5f6e616d61496e7374616e73697c733a31303a2253616a61646120417070223b616b756e5f616c696173496e7374616e73697c733a363a2253616a616461223b616b756e5f74686e416e67676172616e7c733a393a22323032322d32303233223b747275657c733a32333a22456469742070657275736161686e20626572686173696c223b5f5f63695f766172737c613a313a7b733a343a2274727565223b733a333a226f6c64223b7d);

-- membuang struktur untuk table keuangansajada.bank
DROP TABLE IF EXISTS `bank`;
CREATE TABLE IF NOT EXISTS `bank` (
  `n_bank` int(11) NOT NULL AUTO_INCREMENT,
  `akun` varchar(15) NOT NULL,
  `nama` varchar(20) NOT NULL,
  `norek` varchar(30) DEFAULT NULL,
  `pemilik` varchar(50) DEFAULT NULL,
  `alamat` text,
  `telepon` varchar(15) DEFAULT NULL,
  `is_active` enum('1','0') DEFAULT '1',
  `created_by` int(11) DEFAULT NULL,
  `created_at` timestamp NULL DEFAULT CURRENT_TIMESTAMP,
  `updated_by` int(11) DEFAULT NULL,
  `updated_at` timestamp NULL DEFAULT NULL ON UPDATE CURRENT_TIMESTAMP,
  PRIMARY KEY (`n_bank`)
) ENGINE=InnoDB AUTO_INCREMENT=20 DEFAULT CHARSET=utf8;

-- Membuang data untuk tabel keuangansajada.bank: ~8 rows (lebih kurang)
DELETE FROM `bank`;
INSERT INTO `bank` (`n_bank`, `akun`, `nama`, `norek`, `pemilik`, `alamat`, `telepon`, `is_active`, `created_by`, `created_at`, `updated_by`, `updated_at`) VALUES
	(1, '1003', 'PENDAPATAN UKT', '-', '-', 'MALANG', '', '1', 1, '2022-06-14 06:10:38', NULL, '2022-10-28 07:26:44'),
	(3, '1003', 'TESTING BRI OKE', '1312432425', 'PAKDHE', 'MALANG KOTA BARU', '0852222222222', '1', 1, '2022-10-24 02:32:01', 1, '2022-11-02 18:54:55'),
	(5, '1003', 'Testing BRI1', '000125471454', 'Vivay', 'Jakartaaa', '081245474568', '1', 1, '2022-10-24 03:31:47', NULL, '2022-10-28 07:26:36'),
	(8, '1003', 'Testing BRI', '000125471454', 'Testing Pakdhe', 'Malang Kota', '081245474568', '1', 1, '2022-10-24 03:32:53', NULL, '2022-10-28 07:26:39'),
	(12, '1002', 'BNI Test', '22222222222222', 'Test ya', 'Malang', '222222222222222', '1', 1, '2022-10-28 08:26:22', 1, '2022-10-28 08:34:13'),
	(13, '4002', 'Mandiri', '46467320627', 'zaa', 'Gresik', '0321456789', '1', 1, '2022-10-28 08:38:36', NULL, NULL),
	(14, '1002', 'Bank Jago', '82736490934', 'BangJago', 'Testing Bank', '298734697234', '1', 1, '2022-10-31 04:50:43', NULL, NULL),
	(17, '1003', 'banktesting', '1', 'Chausar Tribe Juara', 'selatan jaya', '1111', '1', 1, '2022-11-03 03:28:36', NULL, NULL);

-- membuang struktur untuk table keuangansajada.barang
DROP TABLE IF EXISTS `barang`;
CREATE TABLE IF NOT EXISTS `barang` (
  `n_barang` varchar(15) NOT NULL,
  `barcode` varchar(50) DEFAULT NULL,
  `akun_hpp` varchar(15) NOT NULL,
  `akun_persediaan` varchar(15) NOT NULL,
  `akun_pendapatan` varchar(15) NOT NULL,
  `nama` varchar(50) NOT NULL,
  `harga_pokok` double(15,2) DEFAULT '0.00',
  `harga_beli` double(15,2) DEFAULT '0.00',
  `harga_jual1` double(15,2) DEFAULT '0.00',
  `harga_jual2` double(15,2) DEFAULT '0.00',
  `harga_jual3` double(15,2) DEFAULT '0.00',
  `stock_awal` int(11) NOT NULL DEFAULT '0',
  `stock_gudang` int(11) DEFAULT NULL,
  `stock_etalase` int(11) DEFAULT NULL,
  `stock_min` int(11) DEFAULT NULL,
  `n_unit` varchar(20) DEFAULT NULL,
  `b_unit` varchar(20) DEFAULT NULL,
  `konversi_unit` decimal(15,2) DEFAULT '0.00',
  `n_grup` varchar(15) DEFAULT NULL,
  `diskon` decimal(15,2) DEFAULT '0.00',
  `keterangan1` varchar(255) DEFAULT NULL,
  `keterangan2` varchar(255) DEFAULT NULL,
  `keterangan3` varchar(255) DEFAULT NULL,
  `is_active` enum('1','0') DEFAULT '1',
  `created_by` int(11) DEFAULT NULL,
  `created_at` timestamp NULL DEFAULT CURRENT_TIMESTAMP,
  `updated_by` int(11) DEFAULT NULL,
  `updated_at` timestamp NULL DEFAULT NULL ON UPDATE CURRENT_TIMESTAMP,
  PRIMARY KEY (`n_barang`),
  KEY `FK_barang_barang_grup` (`n_grup`),
  CONSTRAINT `FK_barang_barang_grup` FOREIGN KEY (`n_grup`) REFERENCES `barang_grup` (`n_grup`) ON UPDATE CASCADE
) ENGINE=InnoDB DEFAULT CHARSET=utf8;

-- Membuang data untuk tabel keuangansajada.barang: ~15 rows (lebih kurang)
DELETE FROM `barang`;
INSERT INTO `barang` (`n_barang`, `barcode`, `akun_hpp`, `akun_persediaan`, `akun_pendapatan`, `nama`, `harga_pokok`, `harga_beli`, `harga_jual1`, `harga_jual2`, `harga_jual3`, `stock_awal`, `stock_gudang`, `stock_etalase`, `stock_min`, `n_unit`, `b_unit`, `konversi_unit`, `n_grup`, `diskon`, `keterangan1`, `keterangan2`, `keterangan3`, `is_active`, `created_by`, `created_at`, `updated_by`, `updated_at`) VALUES
	('0001', '-', '6001', '1601', '4906', '', 1000.00, 100.00, 1000.00, 0.00, 0.00, 1260, 1537, 0, 0, 'PCS', 'PCS', 1.00, '03.001', 0.00, '-', '-', '-', '1', NULL, '2022-06-14 06:11:26', 1, '2022-10-28 07:51:23'),
	('0002', '9960063201117', '6001', '1601', '4906', 'TEH BOTOL SOSRO KOTAK 200 ML', 4419.19, 4.00, 6.00, 5500.00, 5000.00, 463, 395, 10, 10, 'PCS', 'PCS', 1.00, '02.001', 0.00, 'R12D', 'WINGS', '0314', '1', NULL, '2022-06-14 06:11:26', 1, '2022-11-04 00:49:58'),
	('0003', '767867778', '6001', '1601', '4906', 'AIR MINUM KLIR', 300.00, 300.00, 500.00, 0.00, 0.00, 610, 539, 50, 0, 'PCS', 'PCS', 1.00, '02.001', 0.00, 'R10', 'INDOFOOD', '080914', '1', NULL, '2022-06-14 06:11:26', 1, '2022-11-03 03:36:48'),
	('0004', '-', '6001', '1601', '4906', 'TEH KOTAK PAKET (ISI 3)', 10000.00, 10000.00, 12000.00, 0.00, 0.00, 192, 212, 2, 0, 'PCS', 'PCS', 1.00, '02.001', 0.00, '-', '-', '-', '1', NULL, '2022-06-14 06:11:26', 1, '2022-11-03 07:47:17'),
	('0005', '-', '6001', '1601', '4906', 'INDOMIE KARTON', 38202.88, 4.00, 65.00, 0.00, 0.00, 120, 162, 0, 0, 'PCS', 'PCS', 1.00, '03.001', 0.00, '-', '-', '-', '1', NULL, '2022-06-14 06:11:26', 1, '2022-11-04 00:50:16'),
	('0006', '-', '6001', '1601', '4906', 'INDOMIE GORENG', 2092.96, 2200.00, 2500.00, 0.00, 0.00, 280, 280, 0, 0, 'PCS', 'PCS', 1.00, '03.001', 0.00, '-', '-', '-', '1', NULL, '2022-06-14 06:11:26', 1, '2022-11-03 07:54:47'),
	('1.00001', '-', '6001', '1308', '4906', 'Testing Mitra', 0.00, 0.00, 0.00, 0.00, 0.00, 0, 0, 0, 0, 'PCS', 'PCS', 1.00, '05.001', 0.00, NULL, NULL, NULL, '1', 1, '2022-11-03 02:53:21', NULL, NULL),
	('1.00002', '-', '6001', '1308', '4906', 'Testing Mitra', 0.00, 0.00, 0.00, 0.00, 0.00, 0, 0, 0, 0, 'PCS', 'PCS', 1.00, '05.001', 0.00, NULL, NULL, NULL, '1', 1, '2022-11-03 02:53:39', 1, '2022-11-04 00:50:06'),
	('1.00003', NULL, '', '', '', '', 0.00, 0.00, 0.00, 0.00, 0.00, 0, 0, 0, 0, 'PCS', 'PCS', 1.00, '05.001', 0.00, NULL, NULL, NULL, '1', 1, '2022-11-03 02:55:44', 1, '2022-11-03 02:59:09'),
	('21.00005', NULL, '6001', '', '4906', '', 0.00, 0.00, NULL, 0.00, 0.00, 0, 0, 5, 5, 'PCS', 'PCS', 20.00, '02.001', 0.00, NULL, NULL, NULL, '1', 1, '2022-10-25 08:53:43', 1, '2022-11-03 04:51:49'),
	('21.00006', NULL, '6001', '1601', '4906', '', 0.00, 0.00, 0.00, 0.00, 0.00, 0, 0, 200, 200, 'PCS', 'PCS', 1.00, '02.001', 0.00, NULL, NULL, NULL, '1', 1, '2022-11-03 02:49:18', 1, '2022-11-03 04:30:52'),
	('21.00007', '12344', '6001', '1601', '4906', 'Mie Rendang Rendang', 2347.83, 10000.00, 5000.00, 0.00, 0.00, 0, 23, 0, 15, 'PCS', 'PCS', 1.00, '02.001', 0.00, NULL, NULL, NULL, '1', 1, '2022-11-03 03:29:04', 1, '2022-11-03 07:53:11'),
	('21.00008', '-', '6001', '1601', '4906', 'TESTING 0 DIDEPAN', 8900.00, 8900.00, 50000.00, 0.00, 0.00, 0, 100, 0, 590, 'PCS', 'PCS', 1.00, '02.001', 0.00, NULL, NULL, NULL, '1', 1, '2022-11-03 04:45:27', 1, '2022-11-03 05:00:39'),
	('31.00007', '-', '6001', '1601', '4906', 'Testing Kode', 0.00, 0.00, 0.00, 0.00, 0.00, 0, 0, 0, 500, 'PCS', 'PCS', 1.00, '03.001', 0.00, NULL, NULL, NULL, '1', 1, '2022-11-03 02:52:06', 1, '2022-11-03 04:47:32'),
	('31.00008', '-', '6001', '1601', '4906', 'TESTING LUSIN', 240000.00, 240000.00, 60000.00, 0.00, 0.00, 0, 240, 0, 500, 'PCS', 'LUSIN', 12.00, '03.001', 0.00, NULL, NULL, NULL, '1', 1, '2022-11-03 04:43:06', 1, '2022-11-03 05:00:39');

-- membuang struktur untuk table keuangansajada.barang_grup
DROP TABLE IF EXISTS `barang_grup`;
CREATE TABLE IF NOT EXISTS `barang_grup` (
  `n_grup` varchar(15) NOT NULL,
  `grup` varchar(50) DEFAULT NULL,
  `departement` varchar(50) DEFAULT NULL,
  `akun_hpp` varchar(15) DEFAULT NULL,
  `akun_persediaan` varchar(15) DEFAULT NULL,
  `akun_pendapatan` varchar(15) DEFAULT NULL,
  `margin_grup` int(11) DEFAULT NULL,
  `margin_departement` int(11) DEFAULT NULL,
  `kode` varchar(3) DEFAULT NULL,
  `is_active` enum('1','0') DEFAULT '1',
  `created_by` int(11) DEFAULT NULL,
  `created_at` timestamp NULL DEFAULT CURRENT_TIMESTAMP,
  `updated_by` int(11) DEFAULT NULL,
  `updated_at` timestamp NULL DEFAULT NULL ON UPDATE CURRENT_TIMESTAMP,
  PRIMARY KEY (`n_grup`)
) ENGINE=InnoDB DEFAULT CHARSET=utf8;

-- Membuang data untuk tabel keuangansajada.barang_grup: ~9 rows (lebih kurang)
DELETE FROM `barang_grup`;
INSERT INTO `barang_grup` (`n_grup`, `grup`, `departement`, `akun_hpp`, `akun_persediaan`, `akun_pendapatan`, `margin_grup`, `margin_departement`, `kode`, `is_active`, `created_by`, `created_at`, `updated_by`, `updated_at`) VALUES
	('01', 'MAKANAN', NULL, NULL, NULL, NULL, 0, 0, NULL, '1', NULL, '2022-06-14 06:11:36', 1, '2022-06-27 07:29:48'),
	('02', 'MINUMAN', NULL, NULL, NULL, NULL, 0, 0, NULL, '1', NULL, '2022-06-14 06:11:36', NULL, NULL),
	('02.001', '02', 'LANTAI TENGAH', '6001', '1601', '4906', 0, 0, '21', '1', NULL, '2022-06-14 06:11:36', 1, '2022-10-28 07:25:56'),
	('03', 'SEMBAKO', NULL, NULL, NULL, NULL, 0, 0, NULL, '1', NULL, '2022-06-14 06:11:36', NULL, NULL),
	('03.001', '03', 'LANTAI BAWAH', '6001', '1601', '4906', 0, 0, '31', '1', NULL, '2022-06-14 06:11:36', NULL, '2022-10-28 07:25:57'),
	('04', 'PERANGKAT', NULL, NULL, NULL, NULL, NULL, NULL, NULL, '1', 1, '2022-06-27 07:30:16', NULL, NULL),
	('05', 'Testing', NULL, NULL, NULL, NULL, NULL, NULL, NULL, '1', 1, '2022-10-28 08:08:06', NULL, NULL),
	('05.001', '05', 'Test departemen', '6001', '1308', '4906', NULL, 0, '1', '1', 1, '2022-10-28 08:09:26', NULL, NULL),
	('1', 'TEST BROH', NULL, NULL, NULL, NULL, NULL, NULL, NULL, '1', 1, '2022-11-03 03:02:52', NULL, NULL);

-- membuang struktur untuk table keuangansajada.coa
DROP TABLE IF EXISTS `coa`;
CREATE TABLE IF NOT EXISTS `coa` (
  `akun` varchar(4) NOT NULL,
  `nama` varchar(255) NOT NULL,
  `grup` varchar(255) DEFAULT NULL,
  `subgrup` varchar(255) DEFAULT NULL,
  `detail` varchar(255) DEFAULT NULL,
  `debet` double(15,2) DEFAULT '0.00',
  `kredit` double(15,2) DEFAULT '0.00',
  `saldo` double(15,2) DEFAULT '0.00',
  `link` varchar(15) DEFAULT NULL,
  `debet_link` double(15,2) DEFAULT '0.00',
  `kredit_link` double(15,2) DEFAULT '0.00',
  `saldo_link` double(15,2) DEFAULT '0.00',
  `is_active` enum('1','0') DEFAULT '1',
  `created_by` int(11) DEFAULT NULL,
  `created_at` timestamp NULL DEFAULT CURRENT_TIMESTAMP,
  `updated_by` int(11) DEFAULT NULL,
  `updated_at` timestamp NULL DEFAULT NULL ON UPDATE CURRENT_TIMESTAMP,
  PRIMARY KEY (`akun`)
) ENGINE=InnoDB DEFAULT CHARSET=utf8;

-- Membuang data untuk tabel keuangansajada.coa: ~164 rows (lebih kurang)
DELETE FROM `coa`;
INSERT INTO `coa` (`akun`, `nama`, `grup`, `subgrup`, `detail`, `debet`, `kredit`, `saldo`, `link`, `debet_link`, `kredit_link`, `saldo_link`, `is_active`, `created_by`, `created_at`, `updated_by`, `updated_at`) VALUES
	('1001', 'KAS', 'AKTIVA', 'KAS & SETARA KAS', 'Kas & Setara Kas', 0.00, 0.00, 0.00, '1001', 0.00, 0.00, 0.00, '1', 1, '2022-09-02 07:48:13', NULL, NULL),
	('1002', 'PT BANK NASIONAL INDONESIA TBK - 0106472861', 'AKTIVA', 'KAS & SETARA KAS', 'Kas & Setara Kas', 0.00, 0.00, 0.00, '1002', 0.00, 0.00, 0.00, '1', 1, '2022-09-02 07:48:13', NULL, NULL),
	('1003', 'PT BANK RAKYAT INDONESIA TBK - 117501000204305', 'AKTIVA', 'KAS & SETARA KAS', 'Kas & Setara Kas', 0.00, 0.00, 0.00, '1003', 0.00, 0.00, 0.00, '1', 1, '2022-09-02 07:48:13', NULL, NULL),
	('1004', 'DEPOSITO BANK', 'AKTIVA', 'KAS & SETARA KAS', 'Kas & Setara Kas', 0.00, 0.00, 0.00, '1004', 0.00, 0.00, 0.00, '1', 1, '2022-09-02 07:48:13', NULL, NULL),
	('1101', 'PIUTANG MAHASISWA', 'AKTIVA', 'PIUTANG ', 'Piutang Mahasiswa', 0.00, 0.00, 0.00, '1101', 0.00, 0.00, 0.00, '1', 1, '2022-09-02 07:48:13', NULL, '2022-10-28 01:49:02'),
	('1102', 'UANG MUKA PEMBELIAN', 'AKTIVA', 'PIUTANG', 'Uang Muka Pembelian', 0.00, 0.00, 0.00, '1102', 0.00, 0.00, 0.00, '1', NULL, '2022-10-28 01:49:02', NULL, NULL),
	('1201', 'BEBAN DIBAYAR DIMUKA', 'AKTIVA', 'BEBAN DIBAYAR DIMUKA', 'Beban Dibayar Dimuka', 0.00, 0.00, 0.00, '1201', 0.00, 0.00, 0.00, '1', 1, '2022-09-02 07:48:13', NULL, NULL),
	('1301', 'TANAH', 'AKTIVA', 'ASET TETAP', 'Aset Tetap', 0.00, 0.00, 0.00, '1301', 0.00, 0.00, 0.00, '1', 1, '2022-09-02 07:48:13', NULL, NULL),
	('1302', 'BANGUNAN', 'AKTIVA', 'ASET TETAP', 'Aset Tetap', 0.00, 0.00, 0.00, '1302', 0.00, 0.00, 0.00, '1', 1, '2022-09-02 07:48:13', NULL, NULL),
	('1303', 'INVENTARIS KANTOR', 'AKTIVA', 'ASET TETAP', 'Aset Tetap', 0.00, 0.00, 0.00, '1303', 0.00, 0.00, 0.00, '1', 1, '2022-09-02 07:48:13', NULL, NULL),
	('1304', 'KENDARAAN', 'AKTIVA', 'ASET TETAP', 'Aset Tetap', 0.00, 0.00, 0.00, '1304', 0.00, 0.00, 0.00, '1', 1, '2022-09-02 07:48:13', NULL, NULL),
	('1305', 'BUKU PERPUSTAKAAN', 'AKTIVA', 'ASET TETAP', 'Aset Tetap', 0.00, 0.00, 0.00, '1305', 0.00, 0.00, 0.00, '1', 1, '2022-09-02 07:48:13', NULL, NULL),
	('1307', 'LABORATORIUM', 'AKTIVA', 'ASET TETAP', 'Aset Tetap', 0.00, 0.00, 0.00, '1307', 0.00, 0.00, 0.00, '1', 1, '2022-09-02 07:48:13', NULL, '2022-10-31 01:59:38'),
	('1308', 'PERALATAN', 'AKTIVA', 'ASET TETAP', 'Aset Tetap', 0.00, 0.00, 0.00, '1308', 0.00, 0.00, 0.00, '1', 1, '2022-09-02 07:48:13', NULL, NULL),
	('1401', 'AKUMULASI PENYUSUTAN BANGUNAN', 'AKTIVA', 'AKUMULASI PENYUSUTAN', 'Aset Tetap', 0.00, 0.00, 0.00, '1401', 0.00, 0.00, 0.00, '1', 1, '2022-09-02 07:48:13', NULL, '2022-10-31 01:59:40'),
	('1402', 'AKUMULASI PENYUSUTAN INVENTARIS KANTOR', 'AKTIVA', 'AKUMULASI PENYUSUTAN', 'Akumulasi Penyusutan', 0.00, 0.00, 0.00, '1402', 0.00, 0.00, 0.00, '1', 1, '2022-09-02 07:48:13', NULL, NULL),
	('1403', 'AKUMULASI PENYUSUTAN KENDARAAN', 'AKTIVA', 'AKUMULASI PENYUSUTAN', 'Akumulasi Penyusutan', 0.00, 0.00, 0.00, '1403', 0.00, 0.00, 0.00, '1', 1, '2022-09-02 07:48:13', NULL, NULL),
	('1404', 'AKUMULASI PENYUSUTAN BUKU PERPUSTAKAAN', 'AKTIVA', 'AKUMULASI PENYUSUTAN', 'Akumulasi Penyusutan', 0.00, 0.00, 0.00, '1404', 0.00, 0.00, 0.00, '1', 1, '2022-09-02 07:48:13', NULL, NULL),
	('1405', 'AKUMULASI PENYUSUTAN ELEKTRONIK', 'AKTIVA', 'AKUMULASI PENYUSUTAN', 'Akumulasi Penyusutan', 0.00, 0.00, 0.00, '1405', 0.00, 0.00, 0.00, '1', 1, '2022-09-02 07:48:13', NULL, NULL),
	('1406', 'AKUMULASI PENYUSUTAN LABORATORIUM', 'AKTIVA', 'AKUMULASI PENYUSUTAN', 'Akumulasi Penyusutan', 0.00, 0.00, 0.00, '1406', 0.00, 0.00, 0.00, '1', 1, '2022-09-02 07:48:13', NULL, NULL),
	('1407', 'AKUMULASI PENYUSUTAN PERALATAN', 'AKTIVA', 'AKUMULASI PENYUSUTAN', 'Akumulasi Penyusutan', 0.00, 0.00, 0.00, '1407', 0.00, 0.00, 0.00, '1', 1, '2022-09-02 07:48:13', NULL, NULL),
	('1501', 'ASET LAIN-LAIN', 'AKTIVA', 'ASET LAIN-LAIN', 'Aset Lain-Lain', 0.00, 0.00, 0.00, '1501', 0.00, 0.00, 0.00, '1', 1, '2022-09-02 07:48:13', NULL, NULL),
	('1551', 'Testing Akun Aktiva', 'AKTIVA', 'ASET TETAP', 'testing', 0.00, 0.00, 0.00, 'test', 0.00, 0.00, 0.00, '1', NULL, '2022-10-28 03:15:29', NULL, NULL),
	('1601', 'PERSEDIAAN BARANG', 'PERSEDIAAN', 'PERSEDIAAN', 'PERSEDIAAN BARANG', 0.00, 0.00, 0.00, '1601', 0.00, 0.00, 0.00, '1', NULL, '2022-10-28 01:00:28', NULL, '2022-10-28 07:17:50'),
	('1602', 'PERSEDIAAN LAIN-LAIN', 'PERSEDIAAN', 'PERSEDIAAN', 'PERSEDIAAN LAIN-LAIN', 0.00, 0.00, 0.00, '1601', 0.00, 0.00, 0.00, '1', NULL, '2022-10-28 07:18:24', NULL, NULL),
	('2001', 'PENDAPATAN DITERIMA DIMUKA', 'HUTANG', 'UTANG JANGKA PENDEK', 'Utang Jangka Pendek', 0.00, 0.00, 0.00, '2001', 0.00, 0.00, 0.00, '1', 1, '2022-09-02 07:48:13', NULL, NULL),
	('2101', 'BEBAN YANG MASIH HARUS DIBAYAR', 'HUTANG', 'BEBAN YANG MASIH HARUS DIBAYAR', 'Beban Yang Masih Harus Dibayar', 0.00, 0.00, 0.00, '2101', 0.00, 0.00, 0.00, '1', 1, '2022-09-02 07:48:13', NULL, NULL),
	('2201', 'UTANG PAJAK', 'HUTANG', 'UTANG', 'Utang Pajak', 0.00, 0.00, 0.00, '2201', 0.00, 0.00, 0.00, '1', 1, '2022-09-02 07:48:13', NULL, '2022-10-28 01:51:16'),
	('2202', 'UTANG BANK', 'HUTANG', 'UTANG', 'Utang Bank', 0.00, 0.00, 0.00, '2202', 0.00, 0.00, 0.00, '1', NULL, '2022-10-28 01:45:18', NULL, '2022-10-28 01:51:20'),
	('2203', 'UANG MUKA PENJUALAN', 'HUTANG', 'UTANG', 'Uang Muka Penjualan', 0.00, 0.00, 0.00, '2203', 0.00, 0.00, 0.00, '1', NULL, '2022-10-28 01:50:59', NULL, NULL),
	('2301', 'PPN PENJUALAN', 'HUTANG', 'PPN PENJUALAN', 'PPN PENJUALAN', 0.00, 0.00, 0.00, '2301', 0.00, 0.00, 0.00, '1', NULL, '2022-10-28 01:22:46', NULL, NULL),
	('2998', 'Testing akun aktiva lagi', 'HUTANG', 'BEBAN YANG MASIH HARUS DIBAYAR', NULL, 0.00, 0.00, 0.00, '2998', 0.00, 0.00, 0.00, '1', NULL, '2022-10-31 03:09:03', NULL, NULL),
	('3001', 'ASET NETO AWAL', 'MODAL', 'ASET NETO', 'Aset Neto', 0.00, 0.00, 0.00, '3001', 0.00, 0.00, 0.00, '1', 1, '2022-09-02 07:48:13', NULL, NULL),
	('3101', 'LABA RUGI TAHUN BERJALAN', 'MODAL', 'LABA RUGI TAHUIN BERJALAN', 'Laba rugi tahun berjalan', 0.00, 0.00, 0.00, '3101', 0.00, 0.00, 0.00, '1', NULL, '2022-09-05 01:57:13', NULL, '2022-09-05 03:18:53'),
	('4001', 'PENDAPATAN DANA PEMBANGUNAN PENDIDIKAN', 'PENDAPATAN', 'PENDAPATAN OPERASIONAL', 'Pendapatan Operasional', 0.00, 0.00, 0.00, '4001', 0.00, 0.00, 0.00, '1', 1, '2022-09-02 07:48:13', NULL, NULL),
	('4002', 'PENDAPATAN PENDAFTARAN MAHASISWA BARU', 'PENDAPATAN', 'PENDAPATAN OPERASIONAL', 'Pendapatan Operasional', 0.00, 0.00, 0.00, '4002', 0.00, 0.00, 0.00, '1', 1, '2022-09-02 07:48:13', NULL, NULL),
	('4003', 'PENDAPATAN HEREGISTRASI', 'PENDAPATAN', 'PENDAPATAN OPERASIONAL', 'Pendapatan Operasional', 0.00, 0.00, 0.00, '4003', 0.00, 0.00, 0.00, '1', 1, '2022-09-02 07:48:13', NULL, NULL),
	('4004', 'PENDAPATAN SUMBANGAN PEMBINAAN PENDIDIKAN', 'PENDAPATAN', 'PENDAPATAN OPERASIONAL', 'Pendapatan Operasional', 0.00, 0.00, 0.00, '4004', 0.00, 0.00, 0.00, '1', 1, '2022-09-02 07:48:13', NULL, NULL),
	('4005', 'PENDAPATAN PRAKTEK KLINIK/LAPANGAN', 'PENDAPATAN', 'PENDAPATAN OPERASIONAL', 'Pendapatan Operasional', 0.00, 0.00, 0.00, '4005', 0.00, 0.00, 0.00, '1', 1, '2022-09-02 07:48:13', NULL, NULL),
	('4006', 'PENDAPATAN DANA KESEHATAN', 'PENDAPATAN', 'PENDAPATAN OPERASIONAL', 'Pendapatan Operasional', 0.00, 0.00, 0.00, '4006', 0.00, 0.00, 0.00, '1', 1, '2022-09-02 07:48:13', NULL, NULL),
	('4007', 'PENDAPATAN PERAWATAN PERPUSTAKAAN', 'PENDAPATAN', 'PENDAPATAN OPERASIONAL', 'Pendapatan Operasional', 0.00, 0.00, 0.00, '4007', 0.00, 0.00, 0.00, '1', 1, '2022-09-02 07:48:13', NULL, NULL),
	('4008', 'PENDAPATAN PERAWATAN LABORATORIUM', 'PENDAPATAN', 'PENDAPATAN OPERASIONAL', 'Pendapatan Operasional', 0.00, 0.00, 0.00, '4008', 0.00, 0.00, 0.00, '1', 1, '2022-09-02 07:48:13', NULL, NULL),
	('4009', 'PENDAPATAN IURAN HIMPUNAN MAHASISWA', 'PENDAPATAN', 'PENDAPATAN OPERASIONAL', 'Pendapatan Operasional', 0.00, 0.00, 0.00, '4009', 0.00, 0.00, 0.00, '1', 1, '2022-09-02 07:48:13', NULL, NULL),
	('4010', 'PENDAPATAN KURSUS BAHASA INGGRIS', 'PENDAPATAN', 'PENDAPATAN OPERASIONAL', 'Pendapatan Operasional', 0.00, 0.00, 0.00, '4010', 0.00, 0.00, 0.00, '1', 1, '2022-09-02 07:48:13', NULL, NULL),
	('4011', 'PENDAPATAN PENGENALAN PROGRAM STUDI', 'PENDAPATAN', 'PENDAPATAN OPERASIONAL', 'Pendapatan Operasional', 0.00, 0.00, 0.00, '4011', 0.00, 0.00, 0.00, '1', 1, '2022-09-02 07:48:13', NULL, NULL),
	('4012', 'PENDAPATAN UJIAN AKHIR PROGRAM', 'PENDAPATAN', 'PENDAPATAN OPERASIONAL', 'Pendapatan Operasional', 0.00, 0.00, 0.00, '4012', 0.00, 0.00, 0.00, '1', 1, '2022-09-02 07:48:13', NULL, NULL),
	('4013', 'PENDAPATAN WISUDA', 'PENDAPATAN', 'PENDAPATAN OPERASIONAL', 'Pendapatan Operasional', 0.00, 0.00, 0.00, '4013', 0.00, 0.00, 0.00, '1', 1, '2022-09-02 07:48:13', NULL, NULL),
	('4014', 'PENDAPATAN SERAGAM', 'PENDAPATAN', 'PENDAPATAN OPERASIONAL', 'Pendapatan Operasional', 0.00, 0.00, 0.00, '4014', 0.00, 0.00, 0.00, '1', 1, '2022-09-02 07:48:13', NULL, NULL),
	('4015', 'PENDAPATAN MAHASISWA', 'PENDAPATAN', 'PENDAPATAN OPERASIONAL', 'Pendapatan Operasional', 0.00, 0.00, 0.00, '4015', 0.00, 0.00, 0.00, '1', 1, '2022-09-02 07:48:13', NULL, NULL),
	('4016', 'PENDAPATAN KEMITRAAN', 'PENDAPATAN', 'PENDAPATAN OPERASIONAL', 'Pendapatan Operasional', 0.00, 0.00, 0.00, '4016', 0.00, 0.00, 0.00, '1', 1, '2022-09-02 07:48:13', NULL, NULL),
	('4017', 'PENDAPATAN MATRIKULASI', 'PENDAPATAN', 'PENDAPATAN OPERASIONAL', 'Pendapatan Operasional', 0.00, 0.00, 0.00, '4017', 0.00, 0.00, 0.00, '1', 1, '2022-09-02 07:48:13', NULL, NULL),
	('4101', 'ONGKOS KIRIM PENJUALAN', 'PENDAPATAN', 'PENDAPATAN LAIN-LAIN', 'Pendapatan Lain-Lain', 0.00, 0.00, 0.00, '4101', 0.00, 0.00, 0.00, '1', 1, '2022-10-28 01:27:07', NULL, '2022-10-28 01:27:15'),
	('4901', 'PENDAPATAN SUMBANGAN SUKARELA', 'PENDAPATAN', 'PENDAPATAN LAIN-LAIN', 'Pendapatan Lain-Lain', 0.00, 0.00, NULL, '4901', 0.00, 0.00, 0.00, '1', 1, '2022-09-02 07:48:13', NULL, NULL),
	('4902', 'PENDAPATAN BANK', 'PENDAPATAN', 'PENDAPATAN LAIN-LAIN', 'Pendapatan Lain-Lain', 0.00, 0.00, NULL, '4902', 0.00, 0.00, 0.00, '1', 1, '2022-09-02 07:48:13', NULL, NULL),
	('4903', 'PENDAPATAN BUNGA DEPOSITO', 'PENDAPATAN', 'PENDAPATAN LAIN-LAIN', 'Pendapatan Lain-Lain', 0.00, 0.00, NULL, '4903', 0.00, 0.00, 0.00, '1', 1, '2022-09-02 07:48:13', NULL, NULL),
	('4904', 'PENDAPATAN KANTIN', 'PENDAPATAN', 'PENDAPATAN LAIN-LAIN', 'Pendapatan Lain-Lain', 0.00, 0.00, NULL, '4904', 0.00, 0.00, 0.00, '1', 1, '2022-09-02 07:48:13', NULL, NULL),
	('4905', 'PENDAPATAN HIBAH PENELITIAN', 'PENDAPATAN', 'PENDAPATAN LAIN-LAIN', 'Pendapatan Lain-Lain', 0.00, 0.00, NULL, '4905', 0.00, 0.00, 0.00, '1', 1, '2022-09-02 07:48:13', NULL, NULL),
	('4906', 'PENDAPATAN PENERIMAAN LAIN-LAIN', 'PENDAPATAN', 'PENDAPATAN LAIN-LAIN', 'Pendapatan Lain-Lain', 0.00, 0.00, NULL, '4906', 0.00, 0.00, 0.00, '1', 1, '2022-09-02 07:48:13', NULL, NULL),
	('5001', 'BEBAN OPERASIONAL STAF PENGELOLA DAN YAYASAN', 'BEBAN', 'BEBAN UMUM & ADMINISTRASI', 'Beban Umum & Administrasi', 0.00, 0.00, 0.00, '5001', 0.00, 0.00, 0.00, '1', 1, '2022-09-02 07:48:13', NULL, NULL),
	('5002', 'BEBAN PERJALANAN DINAS/TRANSPORT', 'BEBAN', 'BEBAN UMUM & ADMINISTRASI', 'Beban Umum & Administrasi', 0.00, 0.00, 0.00, '5002', 0.00, 0.00, 0.00, '1', 1, '2022-09-02 07:48:13', NULL, NULL),
	('5003', 'BEBAN AKOMODASI PERKONAS/RAKER/LOKAKARYA', 'BEBAN', 'BEBAN UMUM & ADMINISTRASI', 'Beban Umum & Administrasi', 0.00, 0.00, 0.00, '5003', 0.00, 0.00, 0.00, '1', 1, '2022-09-02 07:48:13', NULL, NULL),
	('5004', 'BEBAN BAHAN BAKAR DAN PELUMAS', 'BEBAN', 'BEBAN UMUM & ADMINISTRASI', 'Beban Umum & Administrasi', 0.00, 0.00, 0.00, '5004', 0.00, 0.00, 0.00, '1', 1, '2022-09-02 07:48:13', NULL, NULL),
	('5005', 'BEBAN RAPAT DAN PERTEMUAN', 'BEBAN', 'BEBAN UMUM & ADMINISTRASI', 'Beban Umum & Administrasi', 0.00, 0.00, 0.00, '5005', 0.00, 0.00, 0.00, '1', 1, '2022-09-02 07:48:13', NULL, NULL),
	('5006', 'BEBAN ALAT TULIS KANTOR DAN ADMINISTRASI', 'BEBAN', 'BEBAN UMUM & ADMINISTRASI', 'Beban Umum & Administrasi', 0.00, 0.00, 0.00, '5006', 0.00, 0.00, 0.00, '1', 1, '2022-09-02 07:48:13', NULL, NULL),
	('5007', 'BEBAN PEMBUATAN BARANG CETAKAN', 'BEBAN', 'BEBAN UMUM & ADMINISTRASI', 'Beban Umum & Administrasi', 0.00, 0.00, 0.00, '5007', 0.00, 0.00, 0.00, '1', 1, '2022-09-02 07:48:13', NULL, NULL),
	('5008', 'BEBAN MATERAI DAN BENDA POS', 'BEBAN', 'BEBAN UMUM & ADMINISTRASI', 'Beban Umum & Administrasi', 0.00, 0.00, 0.00, '5008', 0.00, 0.00, 0.00, '1', 1, '2022-09-02 07:48:13', NULL, NULL),
	('5009', 'BEBAN PROMOSI', 'BEBAN', 'BEBAN UMUM & ADMINISTRASI', 'Beban Umum & Administrasi', 0.00, 0.00, 0.00, '5009', 0.00, 0.00, 0.00, '1', 1, '2022-09-02 07:48:13', NULL, NULL),
	('5010', 'BEBAN LABORATORIUM', 'BEBAN', 'BEBAN UMUM & ADMINISTRASI', 'Beban Umum & Administrasi', 0.00, 0.00, 0.00, '5010', 0.00, 0.00, 0.00, '1', 1, '2022-09-02 07:48:13', NULL, NULL),
	('5011', 'BEBAN LANGGANAN JURNAL ILMIAH, MAJALAH, DAN KORAN', 'BEBAN', 'BEBAN UMUM & ADMINISTRASI', 'Beban Umum & Administrasi', 0.00, 0.00, 0.00, '5011', 0.00, 0.00, 0.00, '1', 1, '2022-09-02 07:48:13', NULL, NULL),
	('5012', 'BEBAN LANGGANAN INTERNET', 'BEBAN', 'BEBAN UMUM & ADMINISTRASI', 'Beban Umum & Administrasi', 0.00, 0.00, 0.00, '5012', 0.00, 0.00, 0.00, '1', 1, '2022-09-02 07:48:13', NULL, NULL),
	('5013', 'BEBAN PENYUSUTAN BANGUNAN', 'BEBAN', 'BEBAN UMUM & ADMINISTRASI', 'Beban Umum & Administrasi', 0.00, 0.00, 0.00, '5013', 0.00, 0.00, 0.00, '1', 1, '2022-09-02 07:48:13', NULL, NULL),
	('5014', 'BEBAN PENYUSUTAN KENDARAAN', 'BEBAN', 'BEBAN UMUM & ADMINISTRASI', 'Beban Umum & Administrasi', 0.00, 0.00, 0.00, '5014', 0.00, 0.00, 0.00, '1', 1, '2022-09-02 07:48:13', NULL, NULL),
	('5015', 'BEBAN PENYUSUTAN BUKU PERPUSTAKAAN', 'BEBAN', 'BEBAN UMUM & ADMINISTRASI', 'Beban Umum & Administrasi', 0.00, 0.00, 0.00, '5015', 0.00, 0.00, 0.00, '1', 1, '2022-09-02 07:48:13', NULL, NULL),
	('5016', 'BEBAN PENYUSUTAN ELEKTRONIK', 'BEBAN', 'BEBAN UMUM & ADMINISTRASI', 'Beban Umum & Administrasi', 0.00, 0.00, 0.00, '5016', 0.00, 0.00, 0.00, '1', 1, '2022-09-02 07:48:13', NULL, NULL),
	('5017', 'BEBAN PENYUSUTAN LABORATORIUM', 'BEBAN', 'BEBAN UMUM & ADMINISTRASI', 'Beban Umum & Administrasi', 0.00, 0.00, 0.00, '5017', 0.00, 0.00, 0.00, '1', 1, '2022-09-02 07:48:13', NULL, NULL),
	('5018', 'BEBAN PENYUSUTAN PERALATAN', 'BEBAN', 'BEBAN UMUM & ADMINISTRASI', 'Beban Umum & Administrasi', 0.00, 0.00, 0.00, '5018', 0.00, 0.00, 0.00, '1', 1, '2022-09-02 07:48:13', NULL, NULL),
	('5019', 'BEBAN PERAWATAN GEDUNG', 'BEBAN', 'BEBAN UMUM & ADMINISTRASI', 'Beban Umum & Administrasi', 0.00, 0.00, NULL, '5019', 0.00, 0.00, 0.00, '1', 1, '2022-09-02 07:48:13', NULL, NULL),
	('5020', 'BEBAN PERAWATAN TAMAN', 'BEBAN', 'BEBAN UMUM & ADMINISTRASI', 'Beban Umum & Administrasi', 0.00, 0.00, NULL, '5020', 0.00, 0.00, 0.00, '1', 1, '2022-09-02 07:48:13', NULL, NULL),
	('5021', 'BEBAN PERAWATAN BERKALA', 'BEBAN', 'BEBAN UMUM & ADMINISTRASI', 'Beban Umum & Administrasi', 0.00, 0.00, NULL, '5021', 0.00, 0.00, 0.00, '1', 1, '2022-09-02 07:48:13', NULL, NULL),
	('5022', 'BEBAN HEREGISTRASI SURAT KENDARAAN', 'BEBAN', 'BEBAN UMUM & ADMINISTRASI', 'Beban Umum & Administrasi', 0.00, 0.00, NULL, '5022', 0.00, 0.00, 0.00, '1', 1, '2022-09-02 07:48:13', NULL, NULL),
	('5023', 'BEBAN PERAWATAN PERALATAN KANTOR', 'BEBAN', 'BEBAN UMUM & ADMINISTRASI', 'Beban Umum & Administrasi', 0.00, 0.00, NULL, '5023', 0.00, 0.00, 0.00, '1', 1, '2022-09-02 07:48:13', NULL, NULL),
	('5024', 'BEBAN PERAWATAN KOMPUTER, JARINGAN INTERNET, DAN TELEPON', 'BEBAN', 'BEBAN UMUM & ADMINISTRASI', 'Beban Umum & Administrasi', 0.00, 0.00, NULL, '5024', 0.00, 0.00, 0.00, '1', 1, '2022-09-02 07:48:13', NULL, NULL),
	('5025', 'BEBAN PERAWATAN MEBELER', 'BEBAN', 'BEBAN UMUM & ADMINISTRASI', 'Beban Umum & Administrasi', 0.00, 0.00, NULL, '5025', 0.00, 0.00, 0.00, '1', 1, '2022-09-02 07:48:13', NULL, NULL),
	('5026', 'BEBAN PERAWATAN INSTALASI LISTRIK/AIR/AC', 'BEBAN', 'BEBAN UMUM & ADMINISTRASI', 'Beban Umum & Administrasi', 0.00, 0.00, NULL, '5026', 0.00, 0.00, 0.00, '1', 1, '2022-09-02 07:48:13', NULL, NULL),
	('5027', 'BEBAN INSTALASI LISTRIK', 'BEBAN', 'BEBAN UMUM & ADMINISTRASI', 'Beban Umum & Administrasi', 0.00, 0.00, NULL, '5027', 0.00, 0.00, 0.00, '1', 1, '2022-09-02 07:48:13', NULL, NULL),
	('5028', 'BEBAN INSTALASI TELEPON', 'BEBAN', 'BEBAN UMUM & ADMINISTRASI', 'Beban Umum & Administrasi', 0.00, 0.00, NULL, '5028', 0.00, 0.00, 0.00, '1', 1, '2022-09-02 07:48:13', NULL, NULL),
	('5029', 'BEBAN INSTALASI AIR', 'BEBAN', 'BEBAN UMUM & ADMINISTRASI', 'Beban Umum & Administrasi', 0.00, 0.00, NULL, '5029', 0.00, 0.00, 0.00, '1', 1, '2022-09-02 07:48:13', NULL, NULL),
	('5030', 'BEBAN KUNJUNGAN TAMU DAN AKOMODASI', 'BEBAN', 'BEBAN UMUM & ADMINISTRASI', 'Beban Umum & Administrasi', 0.00, 0.00, NULL, '5030', 0.00, 0.00, 0.00, '1', 1, '2022-09-02 07:48:13', NULL, NULL),
	('5031', 'BEBAN PEMERIKSAAN KEUANGAN', 'BEBAN', 'BEBAN UMUM & ADMINISTRASI', 'Beban Umum & Administrasi', 0.00, 0.00, NULL, '5031', 0.00, 0.00, 0.00, '1', 1, '2022-09-02 07:48:13', NULL, NULL),
	('5032', 'BEBAN DUKUNGAN PEMERIKSAAN/WASRIK', 'BEBAN', 'BEBAN UMUM & ADMINISTRASI', 'Beban Umum & Administrasi', 0.00, 0.00, NULL, '5032', 0.00, 0.00, 0.00, '1', 1, '2022-09-02 07:48:13', NULL, NULL),
	('5101', 'BEBAN GAJI DAN TUNJANGAN PEGAWAI TETAP DOSEN', 'BEBAN', 'BEBAN KEPENDIDIKAN & KEPESERTADIDIKAN HONOR DAN INSENTIF', 'Beban Kependidikan & Kepesertadidikan Honor Dan Insentif', 0.00, 0.00, NULL, '5101', 0.00, 0.00, 0.00, '1', 1, '2022-09-02 07:48:13', NULL, NULL),
	('5102', 'BEBAN GAJI DAN TUNJANGAN PEGAWAI TETAP KEPENDIDIKAN', 'BEBAN', 'BEBAN KEPENDIDIKAN & KEPESERTADIDIKAN HONOR DAN INSENTIF', 'Beban Kependidikan & Kepesertadidikan Honor Dan Insentif', 0.00, 0.00, NULL, '5102', 0.00, 0.00, 0.00, '1', 1, '2022-09-02 07:48:13', NULL, NULL),
	('5103', 'BEBAN GAJI DAN TUNJANGAN PEGAWAI TETAP PENGEMUDI', 'BEBAN', 'BEBAN KEPENDIDIKAN & KEPESERTADIDIKAN HONOR DAN INSENTIF', 'Beban Kependidikan & Kepesertadidikan Honor Dan Insentif', 0.00, 0.00, NULL, '5103', 0.00, 0.00, 0.00, '1', 1, '2022-09-02 07:48:13', NULL, NULL),
	('5104', 'BEBAN HOME BASE NIDN/NIDK', 'BEBAN', 'BEBAN KEPENDIDIKAN & KEPESERTADIDIKAN HONOR DAN INSENTIF', 'Beban Kependidikan & Kepesertadidikan Honor Dan Insentif', 0.00, 0.00, NULL, '5104', 0.00, 0.00, 0.00, '1', 1, '2022-09-02 07:48:13', NULL, NULL),
	('5105', 'BEBAN INSENTIF STAF ORGANK', 'BEBAN', 'BEBAN KEPENDIDIKAN & KEPESERTADIDIKAN HONOR DAN INSENTIF', 'Beban Kependidikan & Kepesertadidikan Honor Dan Insentif', 0.00, 0.00, NULL, '5105', 0.00, 0.00, 0.00, '1', 1, '2022-09-02 07:48:13', NULL, NULL),
	('5106', 'BEBAN HONOR DAN TUNJANGAN TENAGA PURNAWIRAWAN', 'BEBAN', 'BEBAN KEPENDIDIKAN & KEPESERTADIDIKAN HONOR DAN INSENTIF', 'Beban Kependidikan & Kepesertadidikan Honor Dan Insentif', 0.00, 0.00, NULL, '5106', 0.00, 0.00, 0.00, '1', 1, '2022-09-02 07:48:13', NULL, NULL),
	('5107', 'BEBAN INSENTIF TIM PENGAWAS', 'BEBAN', 'BEBAN KEPENDIDIKAN & KEPESERTADIDIKAN HONOR DAN INSENTIF', 'Beban Kependidikan & Kepesertadidikan Honor Dan Insentif', 0.00, 0.00, NULL, '5107', 0.00, 0.00, 0.00, '1', 1, '2022-09-02 07:48:13', NULL, NULL),
	('5108', 'BEBAN TUNJANGAN LAINNYA', 'BEBAN', 'BEBAN KEPENDIDIKAN & KEPESERTADIDIKAN HONOR DAN INSENTIF', 'Beban Kependidikan & Kepesertadidikan Honor Dan Insentif', 0.00, 0.00, NULL, '5108', 0.00, 0.00, 0.00, '1', 1, '2022-09-02 07:48:13', NULL, NULL),
	('5109', 'BEBAN HONOR DOSEN TIDAK TETAP', 'BEBAN', 'BEBAN KEPENDIDIKAN & KEPESERTADIDIKAN HONOR DAN INSENTIF', 'Beban Kependidikan & Kepesertadidikan Honor Dan Insentif', 0.00, 0.00, NULL, '5109', 0.00, 0.00, 0.00, '1', 1, '2022-09-02 07:48:13', NULL, NULL),
	('5110', 'BEBAN INSENTIF PEMBUATAN SOAL', 'BEBAN', 'BEBAN KEPENDIDIKAN & KEPESERTADIDIKAN HONOR DAN INSENTIF', 'Beban Kependidikan & Kepesertadidikan Honor Dan Insentif', 0.00, 0.00, NULL, '5110', 0.00, 0.00, 0.00, '1', 1, '2022-09-02 07:48:13', NULL, NULL),
	('5111', 'BEBAN HONOR PEMBIMBING PRAKTEK/CI', 'BEBAN', 'BEBAN KEPENDIDIKAN & KEPESERTADIDIKAN HONOR DAN INSENTIF', 'Beban Kependidikan & Kepesertadidikan Honor Dan Insentif', 0.00, 0.00, NULL, '5111', 0.00, 0.00, 0.00, '1', 1, '2022-09-02 07:48:13', NULL, NULL),
	('5112', 'BEBAN TUNJANGAN HARI RAYA', 'BEBAN', 'BEBAN KEPENDIDIKAN & KEPESERTADIDIKAN HONOR DAN INSENTIF', 'Beban Kependidikan & Kepesertadidikan Honor Dan Insentif', 0.00, 0.00, NULL, '5112', 0.00, 0.00, 0.00, '1', 1, '2022-09-02 07:48:13', NULL, NULL),
	('5201', 'BEBAN PEMBAYARAN KLAIM RUJUAN ASURANSI KESEHATAN MAHASISWA', 'BEBAN', 'BEBAN KEPENDIDIKAN & KEPESERTADIDIKAN KESEHATAN DAN KESEJAHTERAAN', 'Beban Kependidikan & Kepesertadidikan Kesehatan Dan Kesejahteraan', 0.00, 0.00, NULL, '5201', 0.00, 0.00, 0.00, '1', 1, '2022-09-02 07:48:13', NULL, NULL),
	('5202', 'BEBAN BANTUAN MUSIBAH MAHASISWA DAN STAF', 'BEBAN', 'BEBAN KEPENDIDIKAN & KEPESERTADIDIKAN KESEHATAN DAN KESEJAHTERAAN', 'Beban Kependidikan & Kepesertadidikan Kesehatan Dan Kesejahteraan', 0.00, 0.00, NULL, '5202', 0.00, 0.00, 0.00, '1', 1, '2022-09-02 07:48:13', NULL, NULL),
	('5203', 'BEBAN BANTUAN ACARA CEREMONIAL STAF DAN DOSEN', 'BEBAN', 'BEBAN KEPENDIDIKAN & KEPESERTADIDIKAN KESEHATAN DAN KESEJAHTERAAN', 'Beban Kependidikan & Kepesertadidikan Kesehatan Dan Kesejahteraan', 0.00, 0.00, NULL, '5203', 0.00, 0.00, 0.00, '1', 1, '2022-09-02 07:48:13', NULL, NULL),
	('5204', 'BEBAN DIES NATALIS', 'BEBAN', 'BEBAN KEPENDIDIKAN & KEPESERTADIDIKAN KESEHATAN DAN KESEJAHTERAAN', 'Beban Kependidikan & Kepesertadidikan Kesehatan Dan Kesejahteraan', 0.00, 0.00, NULL, '5204', 0.00, 0.00, 0.00, '1', 1, '2022-09-02 07:48:13', NULL, NULL),
	('5205', 'BEBAN BANTUAN SERAGAM KERJA', 'BEBAN', 'BEBAN KEPENDIDIKAN & KEPESERTADIDIKAN KESEHATAN DAN KESEJAHTERAAN', 'Beban Kependidikan & Kepesertadidikan Kesehatan Dan Kesejahteraan', 0.00, 0.00, NULL, '5205', 0.00, 0.00, 0.00, '1', 1, '2022-09-02 07:48:13', NULL, NULL),
	('5206', 'BEBAN UANG JAGA/PIKET', 'BEBAN', 'BEBAN KEPENDIDIKAN & KEPESERTADIDIKAN KESEHATAN DAN KESEJAHTERAAN', 'Beban Kependidikan & Kepesertadidikan Kesehatan Dan Kesejahteraan', 0.00, 0.00, NULL, '5206', 0.00, 0.00, 0.00, '1', 1, '2022-09-02 07:48:13', NULL, NULL),
	('5207', 'BEBAN BEASISWA MAHASISWA BERPRESTASI', 'BEBAN', 'BEBAN KEPENDIDIKAN & KEPESERTADIDIKAN KESEHATAN DAN KESEJAHTERAAN', 'Beban Kependidikan & Kepesertadidikan Kesehatan Dan Kesejahteraan', 0.00, 0.00, NULL, '5207', 0.00, 0.00, 0.00, '1', 1, '2022-09-02 07:48:13', NULL, NULL),
	('5301', 'BEBAN IURAN APTISI', 'BEBAN', 'BEBAN KEPENDIDIKAN & KEPESERTADIDIKAN ADMINISTRASI AKADEMIK', 'Beban Kependidikan & Kepesertadidikan Administrasi Akademik', 0.00, 0.00, NULL, '5301', 0.00, 0.00, 0.00, '1', 1, '2022-09-02 07:48:13', NULL, NULL),
	('5302', 'BEBAN IURAN ORGANISASI PROFESI (PPNI/IBI)', 'BEBAN', 'BEBAN KEPENDIDIKAN & KEPESERTADIDIKAN ADMINISTRASI AKADEMIK', 'Beban Kependidikan & Kepesertadidikan Administrasi Akademik', 0.00, 0.00, NULL, '5302', 0.00, 0.00, 0.00, '1', 1, '2022-09-02 07:48:13', NULL, NULL),
	('5303', 'BEBAN PEMBUATAN SERAGAM', 'BEBAN', 'BEBAN KEPENDIDIKAN & KEPESERTADIDIKAN ADMINISTRASI AKADEMIK', 'Beban Kependidikan & Kepesertadidikan Administrasi Akademik', 0.00, 0.00, NULL, '5303', 0.00, 0.00, 0.00, '1', 1, '2022-09-02 07:48:13', NULL, NULL),
	('5304', 'BEBAN UJIAN UTS/UAS', 'BEBAN', 'BEBAN KEPENDIDIKAN & KEPESERTADIDIKAN ADMINISTRASI AKADEMIK', 'Beban Kependidikan & Kepesertadidikan Administrasi Akademik', 0.00, 0.00, NULL, '5304', 0.00, 0.00, 0.00, '1', 1, '2022-09-02 07:48:13', NULL, NULL),
	('5305', 'BEBAN BUKA/TUTUP PENDIDIKAN', 'BEBAN', 'BEBAN KEPENDIDIKAN & KEPESERTADIDIKAN ADMINISTRASI AKADEMIK', 'Beban Kependidikan & Kepesertadidikan Administrasi Akademik', 0.00, 0.00, NULL, '5305', 0.00, 0.00, 0.00, '1', 1, '2022-09-02 07:48:13', NULL, NULL),
	('5306', 'BEBAN UJI KOMPETENSI/UHAP', 'BEBAN', 'BEBAN KEPENDIDIKAN & KEPESERTADIDIKAN ADMINISTRASI AKADEMIK', 'Beban Kependidikan & Kepesertadidikan Administrasi Akademik', 0.00, 0.00, NULL, '5306', 0.00, 0.00, 0.00, '1', 1, '2022-09-02 07:48:13', NULL, NULL),
	('5307', 'BEBAN KARYA TULIS ILMIAH', 'BEBAN', 'BEBAN KEPENDIDIKAN & KEPESERTADIDIKAN ADMINISTRASI AKADEMIK', 'Beban Kependidikan & Kepesertadidikan Administrasi Akademik', 0.00, 0.00, NULL, '5307', 0.00, 0.00, 0.00, '1', 1, '2022-09-02 07:48:13', NULL, NULL),
	('5308', 'BEBAN UJIAN SKILL', 'BEBAN', 'BEBAN KEPENDIDIKAN & KEPESERTADIDIKAN ADMINISTRASI AKADEMIK', 'Beban Kependidikan & Kepesertadidikan Administrasi Akademik', 0.00, 0.00, NULL, '5308', 0.00, 0.00, 0.00, '1', 1, '2022-09-02 07:48:13', NULL, NULL),
	('5309', 'BEBAN ADMINISTRASI KOPERTIS ', 'BEBAN', 'BEBAN KEPENDIDIKAN & KEPESERTADIDIKAN ADMINISTRASI AKADEMIK', 'Beban Kependidikan & Kepesertadidikan Administrasi Akademik', 0.00, 0.00, NULL, '5309', 0.00, 0.00, 0.00, '1', 1, '2022-09-02 07:48:13', NULL, NULL),
	('5401', 'BEBAN PRAKTEK KLINIK DAN LAPANGAN', 'BEBAN', 'BEBAN KEPENDIDIKAN & KEPESERTADIDIKAN KEGIATAN ILMIAH DAN AKADEMIK', 'Beban Kependidikan & Kepesertadidikan Kegiatan Ilmiah Dan Akademik', 0.00, 0.00, NULL, '5401', 0.00, 0.00, 0.00, '1', 1, '2022-09-02 07:48:13', NULL, NULL),
	('5402', 'BEBAN PRAKTIKUM', 'BEBAN', 'BEBAN KEPENDIDIKAN & KEPESERTADIDIKAN KEGIATAN ILMIAH DAN AKADEMIK', 'Beban Kependidikan & Kepesertadidikan Kegiatan Ilmiah Dan Akademik', 0.00, 0.00, NULL, '5402', 0.00, 0.00, 0.00, '1', 1, '2022-09-02 07:48:13', NULL, NULL),
	('5403', 'BEBAN PENYELENGGARAAN SEMINAR DAN LOKAKARYA', 'BEBAN', 'BEBAN KEPENDIDIKAN & KEPESERTADIDIKAN KEGIATAN ILMIAH DAN AKADEMIK', 'Beban Kependidikan & Kepesertadidikan Kegiatan Ilmiah Dan Akademik', 0.00, 0.00, NULL, '5403', 0.00, 0.00, 0.00, '1', 1, '2022-09-02 07:48:13', NULL, NULL),
	('5404', 'BEBAN PENERBITAN BUKU/JURNAL RISET', 'BEBAN', 'BEBAN KEPENDIDIKAN & KEPESERTADIDIKAN KEGIATAN ILMIAH DAN AKADEMIK', 'Beban Kependidikan & Kepesertadidikan Kegiatan Ilmiah Dan Akademik', 0.00, 0.00, NULL, '5404', 0.00, 0.00, 0.00, '1', 1, '2022-09-02 07:48:13', NULL, NULL),
	('5405', 'BEBAN PENYELENGGARAAN KURUS BAHASA INGGRIS MAHASISWA', 'BEBAN', 'BEBAN KEPENDIDIKAN & KEPESERTADIDIKAN KEGIATAN ILMIAH DAN AKADEMIK', 'Beban Kependidikan & Kepesertadidikan Kegiatan Ilmiah Dan Akademik', 0.00, 0.00, NULL, '5405', 0.00, 0.00, 0.00, '1', 1, '2022-09-02 07:48:13', NULL, NULL),
	('5406', 'BEBAN PENYELENGGARAAN KULIAH TAMU', 'BEBAN', 'BEBAN KEPENDIDIKAN & KEPESERTADIDIKAN KEGIATAN ILMIAH DAN AKADEMIK', 'Beban Kependidikan & Kepesertadidikan Kegiatan Ilmiah Dan Akademik', 0.00, 0.00, NULL, '5406', 0.00, 0.00, 0.00, '1', 1, '2022-09-02 07:48:13', NULL, NULL),
	('5501', 'BEBAN BADAN PENJAMIN MUTU', 'BEBAN', 'BEBAN KEPENDIDIKAN & KEPESERTADIDIKAN KEGIATAN KEMAHASISWAAN', 'Beban Kependidikan & Kepesertadidikan Kegiatan Kemahasiswaan', 0.00, 0.00, NULL, '5501', 0.00, 0.00, 0.00, '1', 1, '2022-09-02 07:48:13', NULL, NULL),
	('5502', 'BEBAN BADAN PENELITIAN PENGABDIAN MASYARAKAT', 'BEBAN', 'BEBAN KEPENDIDIKAN & KEPESERTADIDIKAN KEGIATAN KEMAHASISWAAN', 'Beban Kependidikan & Kepesertadidikan Kegiatan Kemahasiswaan', 0.00, 0.00, NULL, '5502', 0.00, 0.00, 0.00, '1', 1, '2022-09-02 07:48:13', NULL, NULL),
	('5503', 'BEBAN BAGIAN ADMINISTRASI AKADEMIK', 'BEBAN', 'BEBAN KEPENDIDIKAN & KEPESERTADIDIKAN KEGIATAN KEMAHASISWAAN', 'Beban Kependidikan & Kepesertadidikan Kegiatan Kemahasiswaan', 0.00, 0.00, NULL, '5503', 0.00, 0.00, 0.00, '1', 1, '2022-09-02 07:48:13', NULL, NULL),
	('5504', 'BEBAN BADAN PUSAT STUDI', 'BEBAN', 'BEBAN KEPENDIDIKAN & KEPESERTADIDIKAN KEGIATAN KEMAHASISWAAN', 'Beban Kependidikan & Kepesertadidikan Kegiatan Kemahasiswaan', 0.00, 0.00, NULL, '5504', 0.00, 0.00, 0.00, '1', 1, '2022-09-02 07:48:13', NULL, NULL),
	('5505', 'BEBAN BAGIAN ADMINISTRASI UMUM', 'BEBAN', 'BEBAN KEPENDIDIKAN & KEPESERTADIDIKAN KEGIATAN KEMAHASISWAAN', 'Beban Kependidikan & Kepesertadidikan Kegiatan Kemahasiswaan', 0.00, 0.00, NULL, '5505', 0.00, 0.00, 0.00, '1', 1, '2022-09-02 07:48:13', NULL, NULL),
	('5506', 'BEBAN BAGIAN KEUANGAN', 'BEBAN', 'BEBAN KEPENDIDIKAN & KEPESERTADIDIKAN KEGIATAN KEMAHASISWAAN', 'Beban Kependidikan & Kepesertadidikan Kegiatan Kemahasiswaan', 0.00, 0.00, NULL, '5506', 0.00, 0.00, 0.00, '1', 1, '2022-09-02 07:48:13', NULL, NULL),
	('5507', 'BEBAN BIRO KERJA SAMA', 'BEBAN', 'BEBAN KEPENDIDIKAN & KEPESERTADIDIKAN KEGIATAN KEMAHASISWAAN', 'Beban Kependidikan & Kepesertadidikan Kegiatan Kemahasiswaan', 0.00, 0.00, NULL, '5507', 0.00, 0.00, 0.00, '1', 1, '2022-09-02 07:48:13', NULL, NULL),
	('5508', 'BEBAN BIRO MAHASISWA DAN ALUMNI (GIAT MAHASISWA)', 'BEBAN', 'BEBAN KEPENDIDIKAN & KEPESERTADIDIKAN KEGIATAN KEMAHASISWAAN', 'Beban Kependidikan & Kepesertadidikan Kegiatan Kemahasiswaan', 0.00, 0.00, NULL, '5508', 0.00, 0.00, 0.00, '1', 1, '2022-09-02 07:48:13', NULL, NULL),
	('5509', 'BEBAN UNIT PENGELOLA TEKNIK DAN INFORMASI', 'BEBAN', 'BEBAN KEPENDIDIKAN & KEPESERTADIDIKAN KEGIATAN KEMAHASISWAAN', 'Beban Kependidikan & Kepesertadidikan Kegiatan Kemahasiswaan', 0.00, 0.00, NULL, '5509', 0.00, 0.00, 0.00, '1', 1, '2022-09-02 07:48:13', NULL, NULL),
	('5601', 'BEBAN SEMINAR DAN LOKAKARYA DOSEN/STAF POLTEKKES', 'BEBAN', 'BEBAN KEPENDIDIKAN & KEPESERTADIDIKAN PENGEMBANGAN SUMBER DAYA MANUSIA', 'Beban Kependidikan & Kepesertadidikan Pengembangan Sumber Daya Manusia', 0.00, 0.00, NULL, '5601', 0.00, 0.00, 0.00, '1', 1, '2022-09-02 07:48:13', NULL, NULL),
	('5602', 'BEBAN BANTUAN PENDIDIKAN S-2 STAF/DOSEN POLTEKKES', 'BEBAN', 'BEBAN KEPENDIDIKAN & KEPESERTADIDIKAN PENGEMBANGAN SUMBER DAYA MANUSIA', 'Beban Kependidikan & Kepesertadidikan Pengembangan Sumber Daya Manusia', 0.00, 0.00, NULL, '5602', 0.00, 0.00, 0.00, '1', 1, '2022-09-02 07:48:13', NULL, NULL),
	('5603', 'BEBAN PENGEMBANGAN SARANA DAN PRASARANA', 'BEBAN', 'BEBAN KEPENDIDIKAN & KEPESERTADIDIKAN PENGEMBANGAN SUMBER DAYA MANUSIA', 'Beban Kependidikan & Kepesertadidikan Pengembangan Sumber Daya Manusia', 0.00, 0.00, NULL, '5603', 0.00, 0.00, 0.00, '1', 1, '2022-09-02 07:48:13', NULL, NULL),
	('5604', 'BEBAN PENGEMBANGAN INSTITUSI', 'BEBAN', 'BEBAN KEPENDIDIKAN & KEPESERTADIDIKAN PENGEMBANGAN SUMBER DAYA MANUSIA', 'Beban Kependidikan & Kepesertadidikan Pengembangan Sumber Daya Manusia', 0.00, 0.00, NULL, '5604', 0.00, 0.00, 0.00, '1', 1, '2022-09-02 07:48:13', NULL, NULL),
	('5605', 'BEBAN RAKORDIK DIKNAKES DITKESAD', 'BEBAN', 'BEBAN KEPENDIDIKAN & KEPESERTADIDIKAN PENGEMBANGAN SUMBER DAYA MANUSIA', 'Beban Kependidikan & Kepesertadidikan Pengembangan Sumber Daya Manusia', 0.00, 0.00, NULL, '5605', 0.00, 0.00, 0.00, '1', 1, '2022-09-02 07:48:13', NULL, NULL),
	('5606', 'BEBAN DUKUNGAN OPERASIONAL KOMANDO ATAS', 'BEBAN', 'BEBAN KEPENDIDIKAN & KEPESERTADIDIKAN PENGEMBANGAN SUMBER DAYA MANUSIA', 'Beban Kependidikan & Kepesertadidikan Pengembangan Sumber Daya Manusia', 0.00, 0.00, NULL, '5606', 0.00, 0.00, 0.00, '1', 1, '2022-09-02 07:48:13', NULL, NULL),
	('5607', 'BEBAN DUKUNGAN KEGIATAN KOMANDO ATAS', 'BEBAN', 'BEBAN KEPENDIDIKAN & KEPESERTADIDIKAN PENGEMBANGAN SUMBER DAYA MANUSIA', 'Beban Kependidikan & Kepesertadidikan Pengembangan Sumber Daya Manusia', 0.00, 0.00, NULL, '5607', 0.00, 0.00, 0.00, '1', 1, '2022-09-02 07:48:13', NULL, NULL),
	('5701', 'PPN PEMBELIAN', 'BEBAN', 'BEBAN LAIN-LAIN', 'Beban Lain-Lain', 0.00, 0.00, 0.00, '5701', 0.00, 0.00, 0.00, '1', NULL, '2022-10-28 01:28:40', NULL, NULL),
	('5702', 'BIAYA ONGKOS KIRIM', 'BEBAN', 'BEBAN LAIN-LAIN', 'Beban Lain-Lain', 0.00, 0.00, 0.00, '5702', 0.00, 0.00, 0.00, '1', NULL, '2022-10-28 01:29:19', NULL, NULL),
	('5901', 'BEBAN ADMINISTRASI BANK', 'BEBAN', 'BEBAN LAIN-LAIN', 'Beban Lain-Lain', 0.00, 0.00, NULL, '5901', 0.00, 0.00, 0.00, '1', 1, '2022-09-02 07:48:13', NULL, NULL),
	('5902', 'BEBAN LAIN-LAIN', 'BEBAN', 'BEBAN LAIN-LAIN', 'Beban Lain-Lain', 0.00, 0.00, NULL, '5902', 0.00, 0.00, 0.00, '1', 1, '2022-09-02 07:48:13', NULL, NULL),
	('5903', 'BEBAN PAJAK BANK', 'BEBAN', 'BEBAN LAIN-LAIN', 'Beban Lain-Lain', 0.00, 0.00, NULL, '5903', 0.00, 0.00, 0.00, '1', 1, '2022-09-02 07:48:13', NULL, NULL),
	('5904', 'BEBAN PAJAK BADAN', 'BEBAN', 'BEBAN LAIN-LAIN', 'Beban Lain-Lain', 0.00, 0.00, NULL, '5904', 0.00, 0.00, 0.00, '1', 1, '2022-09-02 07:48:13', NULL, NULL),
	('5905', 'BEBAN LAIN-LAIN RLP KEPERAWATAN', 'BEBAN', 'BEBAN LAIN-LAIN', 'Beban Lain-Lain', 0.00, 0.00, NULL, '5905', 0.00, 0.00, 0.00, '1', 1, '2022-09-02 07:48:13', NULL, NULL),
	('5906', 'BEBAN LAIN-LAIN REGULER KHUSUS AKUPUNTUR', 'BEBAN', 'BEBAN LAIN-LAIN', 'Beban Lain-Lain', 0.00, 0.00, NULL, '5906', 0.00, 0.00, 0.00, '1', 1, '2022-09-02 07:48:13', NULL, NULL),
	('5907', 'BEBAN HIBAH PENELITIAN', 'BEBAN', 'BEBAN LAIN-LAIN', 'Beban Lain-Lain', 0.00, 0.00, NULL, '5907', 0.00, 0.00, 0.00, '1', 1, '2022-09-02 07:48:13', NULL, NULL),
	('5908', 'BEBAN SIPENMARU DIBAYAR DIMUKA', 'BEBAN', 'BEBAN LAIN-LAIN', 'Beban Lain-Lain', 0.00, 0.00, NULL, '5908', 0.00, 0.00, 0.00, '1', 1, '2022-09-02 07:48:13', NULL, NULL),
	('5909', 'BEBAN PRA OPERASIONAL', 'BEBAN', 'BEBAN LAIN-LAIN', 'Beban Lain-Lain', 0.00, 0.00, NULL, '5909', 0.00, 0.00, 0.00, '1', 1, '2022-09-02 07:48:13', NULL, NULL),
	('5910', 'BEBAN HONORARIUM TIM POLTEKKES', 'BEBAN', 'BEBAN LAIN-LAIN', 'Beban Lain-Lain', 0.00, 0.00, NULL, '5910', 0.00, 0.00, 0.00, '1', 1, '2022-09-02 07:48:13', NULL, NULL),
	('5911', 'BEBAN PENGEMBALIAN ASRAMA MABA TA 2019/2020', 'BEBAN', 'BEBAN LAIN-LAIN', 'Beban Lain-Lain', 0.00, 0.00, NULL, '5911', 0.00, 0.00, 0.00, '1', 1, '2022-09-02 07:48:13', NULL, NULL),
	('5912', 'BEBAN PENGEMBALIAN REGISTRASI MABA TA 2019/2020', 'BEBAN', 'BEBAN LAIN-LAIN', 'Beban Lain-Lain', 0.00, 0.00, NULL, '5912', 0.00, 0.00, 0.00, '1', 1, '2022-09-02 07:48:13', NULL, NULL),
	('5913', 'BEBAN SERAGAM MABA', 'BEBAN', 'BEBAN LAIN-LAIN', 'Beban Lain-Lain', 0.00, 0.00, NULL, '5913', 0.00, 0.00, 0.00, '1', 1, '2022-09-02 07:48:13', NULL, NULL),
	('5914', 'BEBAN PKKMB', 'BEBAN', 'BEBAN LAIN-LAIN', 'Beban Lain-Lain', 0.00, 0.00, NULL, '5914', 0.00, 0.00, 0.00, '1', 1, '2022-09-02 07:48:13', NULL, NULL),
	('5915', 'BEBAN FEE KEMITRAAN', 'BEBAN', 'BEBAN LAIN-LAIN', 'Beban Lain-Lain', 0.00, 0.00, NULL, '5915', 0.00, 0.00, 0.00, '1', 1, '2022-09-02 07:48:13', NULL, NULL),
	('5916', 'BEBAN REGULER KHUSUS AKUPUNTUR', 'BEBAN', 'BEBAN LAIN-LAIN', 'Beban Lain-Lain', 0.00, 0.00, NULL, '5916', 0.00, 0.00, 0.00, '1', 1, '2022-09-02 07:48:13', NULL, NULL),
	('5917', 'BEBAN REGULER KHUSUS FARMASI', 'BEBAN', 'BEBAN LAIN-LAIN', 'Beban Lain-Lain', 0.00, 0.00, NULL, '5917', 0.00, 0.00, 0.00, '1', 1, '2022-09-02 07:48:13', NULL, NULL),
	('5918', 'BEBAN SEMESTER PENDEK', 'BEBAN', 'BEBAN LAIN-LAIN', 'Beban Lain-Lain', 0.00, 0.00, NULL, '5918', 0.00, 0.00, 0.00, '1', 1, '2022-09-02 07:48:13', NULL, NULL),
	('5919', 'BEBAN REGULER KHUSUS FISIOTERAPI', 'BEBAN', 'BEBAN LAIN-LAIN', 'Beban Lain-Lain', 0.00, 0.00, NULL, '5919', 0.00, 0.00, 0.00, '1', 1, '2022-09-02 07:48:13', NULL, NULL),
	('5920', 'BEBAN PENGEMBALIAN UANG KULIAH TUNGGAL', 'BEBAN', 'BEBAN LAIN-LAIN', 'Beban Lain-Lain', 0.00, 0.00, NULL, '5920', 0.00, 0.00, 0.00, '1', 1, '2022-09-02 07:48:13', NULL, NULL),
	('5921', 'BEBAN PENGEMBALIAN DPP MAHASISWA GELOMBANG 1', 'BEBAN', 'BEBAN LAIN-LAIN', 'Beban Lain-Lain', 0.00, 0.00, NULL, '5921', 0.00, 0.00, 0.00, '1', 1, '2022-09-02 07:48:13', NULL, '2022-10-28 00:57:15'),
	('6001', 'HPP BARANG', 'HPP', 'HPP', 'HPP', 0.00, 0.00, 0.00, '6001', 0.00, 0.00, 0.00, '1', NULL, '2022-10-28 00:55:58', NULL, '2022-10-28 00:56:14');

-- membuang struktur untuk table keuangansajada.coa_penghubung
DROP TABLE IF EXISTS `coa_penghubung`;
CREATE TABLE IF NOT EXISTS `coa_penghubung` (
  `n_penghubung` varchar(12) NOT NULL,
  `akun` varchar(12) NOT NULL,
  `deskripsi` varchar(255) DEFAULT NULL,
  `created_by` int(11) DEFAULT NULL,
  `created_at` timestamp NULL DEFAULT CURRENT_TIMESTAMP,
  `updated_by` int(11) DEFAULT NULL,
  `updated_at` timestamp NULL DEFAULT NULL ON UPDATE CURRENT_TIMESTAMP,
  PRIMARY KEY (`n_penghubung`)
) ENGINE=InnoDB DEFAULT CHARSET=utf8;

-- Membuang data untuk tabel keuangansajada.coa_penghubung: ~24 rows (lebih kurang)
DELETE FROM `coa_penghubung`;
INSERT INTO `coa_penghubung` (`n_penghubung`, `akun`, `deskripsi`, `created_by`, `created_at`, `updated_by`, `updated_at`) VALUES
	('ag', '5901', 'COA: Beban utk administrasi bank', NULL, '2022-06-14 06:11:56', 1, '2022-10-28 01:42:55'),
	('ao', '1004', 'test test', 1, '2022-10-31 07:15:40', 1, '2022-10-31 07:39:19'),
	('bg', '1002', 'bank agunan', NULL, '2022-06-14 06:11:56', 1, '2022-10-28 01:43:34'),
	('bkb', '5702', 'Ongkos kirim pembelain', NULL, '2022-06-14 06:11:56', 1, '2022-10-28 01:34:54'),
	('bkj', '4101', 'COA Ongkos kirim ppenualan', NULL, '2022-06-14 06:11:56', 1, '2022-10-28 01:37:20'),
	('dbt', '1002', 'dbt for bank', NULL, '2022-06-14 06:11:56', 1, '2022-10-28 01:43:52'),
	('dsk', '5902', 'COA Diskon penghubung', NULL, '2022-06-14 06:11:56', 1, '2022-10-28 01:38:04'),
	('dsp', '5902', 'Biaya diskon pembelian', NULL, '2022-06-14 06:11:56', 1, '2022-10-28 01:33:55'),
	('hg', '2202', 'hutang hg', NULL, '2022-06-14 06:11:56', 1, '2022-10-28 01:45:43'),
	('im1', '-', NULL, NULL, '2022-06-14 06:11:56', NULL, NULL),
	('im2', '-', NULL, NULL, '2022-06-14 06:11:56', NULL, NULL),
	('im3', '-', NULL, NULL, '2022-06-14 06:11:56', NULL, NULL),
	('kas', '1001', 'Penghubung untuk transaksi berhubungan dengan kas', NULL, '2022-06-14 06:11:56', 1, '2022-10-28 01:20:16'),
	('krd', '1002', 'kredit for bank', NULL, '2022-06-14 06:11:56', 1, '2022-10-28 01:46:13'),
	('lln', '5902', 'Biayan lain-lain for lain-lain transaksi', NULL, '2022-06-14 06:11:56', 1, '2022-10-28 01:46:37'),
	('pb', '5701', 'PPN utk pembelian', NULL, '2022-06-14 06:11:56', 1, '2022-10-28 01:32:32'),
	('pj', '2301', 'PPN penjualan', NULL, '2022-06-14 06:11:56', 1, '2022-10-28 01:36:23'),
	('pk', '4904', 'test test', 1, '2022-10-31 07:04:12', NULL, NULL),
	('ppn', '2301', 'PPN PENJUALAN', NULL, '2022-06-14 06:11:56', 1, '2022-10-28 01:23:48'),
	('pw', '4013', 'test testing', 1, '2022-10-31 07:02:39', 1, '2022-10-31 07:03:18'),
	('rl', '3101', 'untuk laba rugi', NULL, '2022-06-14 06:11:56', 1, '2022-10-28 01:20:36'),
	('teller', '1001', 'for teller kas cash', NULL, '2022-06-14 06:11:56', 1, '2022-10-28 01:47:18'),
	('umb', '1102', 'Coa Uang muka pembelian', NULL, '2022-06-14 06:11:56', 1, '2022-10-28 01:49:33'),
	('umj', '2203', 'COA Uang muka penjualan', NULL, '2022-06-14 06:11:56', 1, '2022-10-28 01:51:49');

-- membuang struktur untuk table keuangansajada.dcosting
DROP TABLE IF EXISTS `dcosting`;
CREATE TABLE IF NOT EXISTS `dcosting` (
  `n_costing` varchar(15) NOT NULL,
  `n_barang` varchar(15) NOT NULL,
  `jumlah` int(11) DEFAULT NULL,
  `harga` double(15,2) DEFAULT '0.00',
  `satuan` varchar(20) DEFAULT NULL,
  `created_by` int(11) DEFAULT NULL,
  `created_at` timestamp NOT NULL DEFAULT CURRENT_TIMESTAMP,
  `updated_by` int(11) DEFAULT NULL,
  `updated_at` timestamp NULL DEFAULT NULL ON UPDATE CURRENT_TIMESTAMP
) ENGINE=InnoDB DEFAULT CHARSET=utf8;

-- Membuang data untuk tabel keuangansajada.dcosting: ~14 rows (lebih kurang)
DELETE FROM `dcosting`;
INSERT INTO `dcosting` (`n_costing`, `n_barang`, `jumlah`, `harga`, `satuan`, `created_by`, `created_at`, `updated_by`, `updated_at`) VALUES
	('CT202206180001', '0001', 1, 1000.00, 'PCS', 1, '2022-06-18 11:29:16', NULL, '2022-06-18 11:33:17'),
	('CT202210310001', '0002', 1, 4419.35, 'PCS', 1, '2022-10-31 07:04:08', NULL, NULL),
	('CT202210310001', '0003', 1, 300.00, 'PCS', 1, '2022-10-31 07:04:08', NULL, NULL),
	('CT202210310001', '0005', 1, 50000.00, 'PCS', 1, '2022-10-31 07:04:08', NULL, NULL),
	('CT202210310001', '0004', 1, 10000.00, 'PCS', 1, '2022-10-31 07:04:08', NULL, NULL),
	('CT202210310002', '0002', 1, 4419.35, 'PCS', 1, '2022-10-31 07:08:55', NULL, NULL),
	('CT202210310002', '0005', 1, 50000.00, 'PCS', 1, '2022-10-31 07:08:55', NULL, NULL),
	('CT202211010002', '0002', 5, 4419.35, 'PCS', 1, '2022-11-01 01:55:18', NULL, NULL),
	('CT202211010003', '0006', 5, 2086.27, 'PCS', 1, '2022-11-01 01:57:20', NULL, NULL),
	('CT202211010004', '0005', 1, 50000.00, 'PCS', 1, '2022-11-01 02:07:35', NULL, NULL),
	('CT202211010005', '0003', 1, 300.00, 'PCS', 1, '2022-11-01 03:06:39', NULL, NULL),
	('CT202211010006', '0002', 1, 4419.35, 'PCS', 1, '2022-11-01 04:15:08', NULL, NULL),
	('CT202211010006', '0004', 1, 10000.00, 'PCS', 1, '2022-11-01 04:15:08', NULL, NULL),
	('CT202211010007', '0003', 1, 300.00, 'PCS', 1, '2022-11-01 04:15:36', NULL, NULL);

-- membuang struktur untuk table keuangansajada.dhutang
DROP TABLE IF EXISTS `dhutang`;
CREATE TABLE IF NOT EXISTS `dhutang` (
  `n_hutang` varchar(15) NOT NULL,
  `n_pembelian` varchar(15) NOT NULL,
  `tanggal` date DEFAULT NULL,
  `keterangan` varchar(255) DEFAULT NULL,
  `bayar` double(15,2) DEFAULT '0.00',
  `cara_bayar` varchar(5) DEFAULT NULL,
  `n_bayar` varchar(12) DEFAULT NULL,
  `created_by` int(11) DEFAULT NULL,
  `created_at` timestamp NOT NULL DEFAULT CURRENT_TIMESTAMP,
  `updated_by` int(11) DEFAULT NULL,
  `updated_at` timestamp NULL DEFAULT NULL ON UPDATE CURRENT_TIMESTAMP
) ENGINE=InnoDB DEFAULT CHARSET=utf8;

-- Membuang data untuk tabel keuangansajada.dhutang: ~7 rows (lebih kurang)
DELETE FROM `dhutang`;
INSERT INTO `dhutang` (`n_hutang`, `n_pembelian`, `tanggal`, `keterangan`, `bayar`, `cara_bayar`, `n_bayar`, `created_by`, `created_at`, `updated_by`, `updated_at`) VALUES
	('PY202210250001', 'PN202210250001', '2022-10-25', 'Bayar ke Pemasok Test', 100000.00, 'bank', '3', 1, '2022-10-25 02:06:23', NULL, NULL),
	('PY202210250002', 'PN202210250002', '2022-10-25', 'Bayar ke Pemasok Test', 2000000.00, 'kas', '', 1, '2022-10-25 02:07:09', NULL, NULL),
	('PY202210280003', 'PN202210280002', '2022-10-28', 'Bayar ke TESTING PEMASOK PERALATAN', 20.00, 'bank', '3', 1, '2022-10-28 10:13:55', NULL, NULL),
	('PY202210280003', 'PN202210280003', '2022-10-28', 'Bayar ke TESTING PEMASOK PERALATAN', 2.00, 'bank', '3', 1, '2022-10-28 10:13:55', NULL, NULL),
	('PY202211040004', 'PN202211040012', '2022-11-04', 'Bayar ke PT.INDOFOOD', 40000.00, 'kas', '', 1, '2022-11-04 01:01:52', NULL, NULL),
	('PY202211040005', 'PN202211040012', '2022-11-04', 'Bayar ke PT.INDOFOOD', 10000.00, 'kas', '', 1, '2022-11-04 01:02:36', NULL, NULL),
	('PY202211040005', 'PN202211040013', '2022-11-04', 'Bayar ke PT.INDOFOOD', 50000.00, 'kas', '', 1, '2022-11-04 01:02:36', NULL, NULL);

-- membuang struktur untuk table keuangansajada.djurnal
DROP TABLE IF EXISTS `djurnal`;
CREATE TABLE IF NOT EXISTS `djurnal` (
  `n_jurnal` varchar(15) NOT NULL,
  `tanggal` date DEFAULT NULL,
  `akun` varchar(12) NOT NULL,
  `debet` double(15,2) DEFAULT '0.00',
  `kredit` double(15,2) DEFAULT '0.00',
  `status_valid` varchar(1) DEFAULT NULL,
  `created_by` int(11) DEFAULT NULL,
  `created_at` timestamp NOT NULL DEFAULT CURRENT_TIMESTAMP,
  `updated_by` int(11) DEFAULT NULL,
  `updated_at` timestamp NULL DEFAULT NULL ON UPDATE CURRENT_TIMESTAMP
) ENGINE=InnoDB DEFAULT CHARSET=utf8;

-- Membuang data untuk tabel keuangansajada.djurnal: ~464 rows (lebih kurang)
DELETE FROM `djurnal`;
INSERT INTO `djurnal` (`n_jurnal`, `tanggal`, `akun`, `debet`, `kredit`, `status_valid`, `created_by`, `created_at`, `updated_by`, `updated_at`) VALUES
	('GL0821010001', '2022-09-01', '1001', 87534646.00, 0.00, 'a', 1, '2022-09-02 09:19:33', NULL, '2022-09-02 09:19:43'),
	('GL0821010001', '2022-09-01', '1002', 276917109.00, 0.00, 'a', 1, '2022-09-02 09:19:33', NULL, '2022-09-02 09:19:43'),
	('GL0821010001', '2022-09-01', '1003', 3491344596.00, 0.00, 'a', 1, '2022-09-02 09:19:33', NULL, '2022-09-02 09:19:43'),
	('GL0821010001', '2022-09-01', '1004', 4000000000.00, 0.00, 'a', 1, '2022-09-02 09:19:33', NULL, '2022-09-02 09:19:43'),
	('GL0821010001', '2022-09-01', '1101', 1990709000.00, 0.00, 'a', 1, '2022-09-02 09:19:33', NULL, '2022-09-02 09:19:43'),
	('GL0821010001', '2022-09-01', '1301', 14553000000.00, 0.00, 'a', 1, '2022-09-02 09:19:33', NULL, '2022-09-02 09:19:43'),
	('GL0821010001', '2022-09-01', '1302', 15868704215.00, 0.00, 'a', 1, '2022-09-02 09:19:33', NULL, '2022-09-02 09:19:43'),
	('GL0821010001', '2022-09-01', '1304', 815900000.00, 0.00, 'a', 1, '2022-09-02 09:19:33', NULL, '2022-09-02 09:19:43'),
	('GL0821010001', '2022-09-01', '1305', 249103237.00, 0.00, 'a', 1, '2022-09-02 09:19:33', NULL, '2022-09-02 09:19:43'),
	('GL0821010001', '2022-09-01', '1306', 2360484741.00, 0.00, 'a', 1, '2022-09-02 09:19:33', NULL, '2022-09-02 09:19:43'),
	('GL0821010001', '2022-09-01', '1307', 1992654960.00, 0.00, 'a', 1, '2022-09-02 09:19:33', NULL, '2022-09-02 09:19:43'),
	('GL0821010001', '2022-09-01', '1308', 1267762377.00, 0.00, 'a', 1, '2022-09-02 09:19:33', NULL, '2022-09-02 09:19:43'),
	('GL0821010001', '2022-09-01', '1401', 0.00, 528956807.00, 'a', 1, '2022-09-02 09:19:33', NULL, '2022-09-02 09:19:43'),
	('GL0821010001', '2022-09-01', '1403', 0.00, 796264583.00, 'a', 1, '2022-09-02 09:19:33', NULL, '2022-09-02 09:19:43'),
	('GL0821010001', '2022-09-01', '1404', 0.00, 219467971.00, 'a', 1, '2022-09-02 09:19:33', NULL, '2022-09-02 09:19:43'),
	('GL0821010001', '2022-09-01', '1405', 0.00, 1521862153.00, 'a', 1, '2022-09-02 09:19:33', NULL, '2022-09-02 09:19:43'),
	('GL0821010001', '2022-09-01', '1406', 0.00, 1126328052.00, 'a', 1, '2022-09-02 09:19:33', NULL, '2022-09-02 09:19:43'),
	('GL0821010001', '2022-09-01', '1407', 0.00, 798777417.00, 'a', 1, '2022-09-02 09:19:33', NULL, '2022-09-02 09:19:43'),
	('GL0821010001', '2022-09-01', '2001', 0.00, 11858379755.00, 'a', 1, '2022-09-02 09:19:33', NULL, '2022-09-02 09:19:43'),
	('GL0821010001', '2022-09-01', '3001', 0.00, 25543089405.00, 'a', 1, '2022-09-02 09:19:33', NULL, '2022-09-02 09:19:43'),
	('GL0821010001', '2022-09-01', '4001', 0.00, 2180068836.00, 'a', 1, '2022-09-02 09:19:33', NULL, '2022-09-02 09:19:43'),
	('GL0821010001', '2022-09-01', '4002', 0.00, 131192372.00, 'a', 1, '2022-09-02 09:19:33', NULL, '2022-09-02 09:19:43'),
	('GL0821010001', '2022-09-01', '4003', 0.00, 615833258.00, 'a', 1, '2022-09-02 09:19:33', NULL, '2022-09-02 09:19:43'),
	('GL0821010001', '2022-09-01', '4004', 0.00, 10773236933.00, 'a', 1, '2022-09-02 09:19:33', NULL, '2022-09-02 09:19:43'),
	('GL0821010001', '2022-09-01', '4005', 0.00, 4825740500.00, 'a', 1, '2022-09-02 09:19:33', NULL, '2022-09-02 09:19:43'),
	('GL0821010001', '2022-09-01', '4006', 0.00, 413950000.00, 'a', 1, '2022-09-02 09:19:33', NULL, '2022-09-02 09:19:43'),
	('GL0821010001', '2022-09-01', '4007', 0.00, 461350000.00, 'a', 1, '2022-09-02 09:19:33', NULL, '2022-09-02 09:19:43'),
	('GL0821010001', '2022-09-01', '4008', 0.00, 590816742.00, 'a', 1, '2022-09-02 09:19:33', NULL, '2022-09-02 09:19:43'),
	('GL0821010001', '2022-09-01', '4009', 0.00, 289616742.00, 'a', 1, '2022-09-02 09:19:33', NULL, '2022-09-02 09:19:43'),
	('GL0821010001', '2022-09-01', '4010', 0.00, 24400000.00, 'a', 1, '2022-09-02 09:19:33', NULL, '2022-09-02 09:19:43'),
	('GL0821010001', '2022-09-01', '4011', 0.00, 88216667.00, 'a', 1, '2022-09-02 09:19:33', NULL, '2022-09-02 09:19:43'),
	('GL0821010001', '2022-09-01', '4012', 0.00, 424166667.00, 'a', 1, '2022-09-02 09:19:33', NULL, '2022-09-02 09:19:43'),
	('GL0821010001', '2022-09-01', '4013', 0.00, 301250000.00, 'a', 1, '2022-09-02 09:19:33', NULL, '2022-09-02 09:19:43'),
	('GL0821010001', '2022-09-01', '4014', 0.00, 569764238.00, 'a', 1, '2022-09-02 09:19:33', NULL, '2022-09-02 09:19:43'),
	('GL0821010001', '2022-09-01', '4016', 0.00, 157694799.00, 'a', 1, '2022-09-02 09:19:33', NULL, '2022-09-02 09:19:43'),
	('GL0821010001', '2022-09-01', '4017', 0.00, 30950000.00, 'a', 1, '2022-09-02 09:19:33', NULL, '2022-09-02 09:19:43'),
	('GL0821010001', '2022-09-01', '5001', 125968233.00, 0.00, 'a', 1, '2022-09-02 09:19:33', NULL, '2022-09-02 09:19:43'),
	('GL0821010001', '2022-09-01', '5002', 20144500.00, 0.00, 'a', 1, '2022-09-02 09:19:33', NULL, '2022-09-02 09:19:43'),
	('GL0821010001', '2022-09-01', '5004', 83226372.00, 0.00, 'a', 1, '2022-09-02 09:19:33', NULL, '2022-09-02 09:19:43'),
	('GL0821010001', '2022-09-01', '5005', 8621705.00, 0.00, 'a', 1, '2022-09-02 09:19:33', NULL, '2022-09-02 09:19:43'),
	('GL0821010001', '2022-09-01', '5006', 23376150.00, 0.00, 'a', 1, '2022-09-02 09:19:33', NULL, '2022-09-02 09:19:43'),
	('GL0821010001', '2022-09-01', '5007', 4350000.00, 0.00, 'a', 1, '2022-09-02 09:19:33', NULL, '2022-09-02 09:19:43'),
	('GL0821010001', '2022-09-01', '5008', 1500000.00, 0.00, 'a', 1, '2022-09-02 09:19:33', NULL, '2022-09-02 09:19:43'),
	('GL0821010001', '2022-09-01', '5009', 230382688.00, 0.00, 'a', 1, '2022-09-02 09:19:33', NULL, '2022-09-02 09:19:43'),
	('GL0821010001', '2022-09-01', '5010', 271632822.00, 0.00, 'a', 1, '2022-09-02 09:19:33', NULL, '2022-09-02 09:19:43'),
	('GL0821010001', '2022-09-01', '5011', 13874000.00, 0.00, 'a', 1, '2022-09-02 09:19:33', NULL, '2022-09-02 09:19:43'),
	('GL0821010001', '2022-09-01', '5012', 123855500.00, 0.00, 'a', 1, '2022-09-02 09:19:33', NULL, '2022-09-02 09:19:43'),
	('GL0821010001', '2022-09-01', '5013', 528956807.00, 0.00, 'a', 1, '2022-09-02 09:19:33', NULL, '2022-09-02 09:19:43'),
	('GL0821010001', '2022-09-01', '5014', 8125000.00, 0.00, 'a', 1, '2022-09-02 09:19:33', NULL, '2022-09-02 09:19:43'),
	('GL0821010001', '2022-09-01', '5015', 9057046.00, 0.00, 'a', 1, '2022-09-02 09:19:33', NULL, '2022-09-02 09:19:43'),
	('GL0821010001', '2022-09-01', '5016', 308138880.00, 0.00, 'a', 1, '2022-09-02 09:19:33', NULL, '2022-09-02 09:19:43'),
	('GL0821010001', '2022-09-01', '5017', 150296260.00, 0.00, 'a', 1, '2022-09-02 09:19:33', NULL, '2022-09-02 09:19:43'),
	('GL0821010001', '2022-09-01', '5018', 89799206.00, 0.00, 'a', 1, '2022-09-02 09:19:33', NULL, '2022-09-02 09:19:43'),
	('GL0821010001', '2022-09-01', '5019', 40638300.00, 0.00, 'a', 1, '2022-09-02 09:19:33', NULL, '2022-09-02 09:19:43'),
	('GL0821010001', '2022-09-01', '5020', 7923000.00, 0.00, 'a', 1, '2022-09-02 09:19:33', NULL, '2022-09-02 09:19:43'),
	('GL0821010001', '2022-09-01', '5021', 22524179.00, 0.00, 'a', 1, '2022-09-02 09:19:33', NULL, '2022-09-02 09:19:43'),
	('GL0821010001', '2022-09-01', '5022', 12996900.00, 0.00, 'a', 1, '2022-09-02 09:19:33', NULL, '2022-09-02 09:19:43'),
	('GL0821010001', '2022-09-01', '5024', 144800250.00, 0.00, 'a', 1, '2022-09-02 09:19:33', NULL, '2022-09-02 09:19:43'),
	('GL0821010001', '2022-09-01', '5025', 1216500.00, 0.00, 'a', 1, '2022-09-02 09:19:33', NULL, '2022-09-02 09:19:43'),
	('GL0821010001', '2022-09-01', '5026', 10303000.00, 0.00, 'a', 1, '2022-09-02 09:19:33', NULL, '2022-09-02 09:19:43'),
	('GL0821010001', '2022-09-01', '5027', 81551600.00, 0.00, 'a', 1, '2022-09-02 09:19:33', NULL, '2022-09-02 09:19:43'),
	('GL0821010001', '2022-09-01', '5029', 25530000.00, 0.00, 'a', 1, '2022-09-02 09:19:33', NULL, '2022-09-02 09:19:43'),
	('GL0821010001', '2022-09-01', '5030', 9845000.00, 0.00, 'a', 1, '2022-09-02 09:19:33', NULL, '2022-09-02 09:19:43'),
	('GL0821010001', '2022-09-01', '5032', 25497527.00, 0.00, 'a', 1, '2022-09-02 09:19:33', NULL, '2022-09-02 09:19:43'),
	('GL0821010001', '2022-09-01', '5101', 2786950427.00, 0.00, 'a', 1, '2022-09-02 09:19:33', NULL, '2022-09-02 09:19:43'),
	('GL0821010001', '2022-09-01', '5102', 1258125640.00, 0.00, 'a', 1, '2022-09-02 09:19:33', NULL, '2022-09-02 09:19:43'),
	('GL0821010001', '2022-09-01', '5103', 143509623.00, 0.00, 'a', 1, '2022-09-02 09:19:33', NULL, '2022-09-02 09:19:43'),
	('GL0821010001', '2022-09-01', '5104', 128000000.00, 0.00, 'a', 1, '2022-09-02 09:19:33', NULL, '2022-09-02 09:19:43'),
	('GL0821010001', '2022-09-01', '5105', 882490500.00, 0.00, 'a', 1, '2022-09-02 09:19:33', NULL, '2022-09-02 09:19:43'),
	('GL0821010001', '2022-09-01', '5106', 62607600.00, 0.00, 'a', 1, '2022-09-02 09:19:33', NULL, '2022-09-02 09:19:43'),
	('GL0821010001', '2022-09-01', '5107', 262000000.00, 0.00, 'a', 1, '2022-09-02 09:19:33', NULL, '2022-09-02 09:19:43'),
	('GL0821010001', '2022-09-01', '5108', 260252598.00, 0.00, 'a', 1, '2022-09-02 09:19:33', NULL, '2022-09-02 09:19:43'),
	('GL0821010001', '2022-09-01', '5109', 383776000.00, 0.00, 'a', 1, '2022-09-02 09:19:33', NULL, '2022-09-02 09:19:43'),
	('GL0821010001', '2022-09-01', '5110', 27000000.00, 0.00, 'a', 1, '2022-09-02 09:19:33', NULL, '2022-09-02 09:19:43'),
	('GL0821010001', '2022-09-01', '5111', 589219025.00, 0.00, 'a', 1, '2022-09-02 09:19:33', NULL, '2022-09-02 09:19:43'),
	('GL0821010001', '2022-09-01', '5112', 66287500.00, 0.00, 'a', 1, '2022-09-02 09:19:33', NULL, '2022-09-02 09:19:43'),
	('GL0821010001', '2022-09-01', '5201', 41043000.00, 0.00, 'a', 1, '2022-09-02 09:19:33', NULL, '2022-09-02 09:19:43'),
	('GL0821010001', '2022-09-01', '5202', 8650000.00, 0.00, 'a', 1, '2022-09-02 09:19:33', NULL, '2022-09-02 09:19:43'),
	('GL0821010001', '2022-09-01', '5204', 100405800.00, 0.00, 'a', 1, '2022-09-02 09:19:33', NULL, '2022-09-02 09:19:43'),
	('GL0821010001', '2022-09-01', '5206', 43775000.00, 0.00, 'a', 1, '2022-09-02 09:19:33', NULL, '2022-09-02 09:19:43'),
	('GL0821010001', '2022-09-01', '5301', 10000000.00, 0.00, 'a', 1, '2022-09-02 09:19:33', NULL, '2022-09-02 09:19:43'),
	('GL0821010001', '2022-09-01', '5303', 811705500.00, 0.00, 'a', 1, '2022-09-02 09:19:33', NULL, '2022-09-02 09:19:43'),
	('GL0821010001', '2022-09-01', '5304', 17196700.00, 0.00, 'a', 1, '2022-09-02 09:19:33', NULL, '2022-09-02 09:19:43'),
	('GL0821010001', '2022-09-01', '5305', 637427026.00, 0.00, 'a', 1, '2022-09-02 09:19:33', NULL, '2022-09-02 09:19:43'),
	('GL0821010001', '2022-09-01', '5306', 156910000.00, 0.00, 'a', 1, '2022-09-02 09:19:33', NULL, '2022-09-02 09:19:43'),
	('GL0821010001', '2022-09-01', '5307', 705031000.00, 0.00, 'a', 1, '2022-09-02 09:19:33', NULL, '2022-09-02 09:19:43'),
	('GL0821010001', '2022-09-01', '5308', 52750000.00, 0.00, 'a', 1, '2022-09-02 09:19:33', NULL, '2022-09-02 09:19:43'),
	('GL0821010001', '2022-09-01', '5309', 1120000.00, 0.00, 'a', 1, '2022-09-02 09:19:33', NULL, '2022-09-02 09:19:43'),
	('GL0821010001', '2022-09-01', '5401', 589219025.00, 0.00, 'a', 1, '2022-09-02 09:19:33', NULL, '2022-09-02 09:19:43'),
	('GL0821010001', '2022-09-01', '5402', 33985000.00, 0.00, 'a', 1, '2022-09-02 09:19:33', NULL, '2022-09-02 09:19:43'),
	('GL0821010001', '2022-09-01', '5404', 6999362.00, 0.00, 'a', 1, '2022-09-02 09:19:33', NULL, '2022-09-02 09:19:43'),
	('GL0821010001', '2022-09-01', '5406', 11265000.00, 0.00, 'a', 1, '2022-09-02 09:19:33', NULL, '2022-09-02 09:19:43'),
	('GL0821010001', '2022-09-01', '5501', 154500.00, 0.00, 'a', 1, '2022-09-02 09:19:33', NULL, '2022-09-02 09:19:43'),
	('GL0821010001', '2022-09-01', '5502', 364675000.00, 0.00, 'a', 1, '2022-09-02 09:19:33', NULL, '2022-09-02 09:19:43'),
	('GL0821010001', '2022-09-01', '5503', 107272500.00, 0.00, 'a', 1, '2022-09-02 09:19:33', NULL, '2022-09-02 09:19:43'),
	('GL0821010001', '2022-09-01', '5504', 76457500.00, 0.00, 'a', 1, '2022-09-02 09:19:33', NULL, '2022-09-02 09:19:43'),
	('GL0821010001', '2022-09-01', '5505', 9944655.00, 0.00, 'a', 1, '2022-09-02 09:19:33', NULL, '2022-09-02 09:19:43'),
	('GL0821010001', '2022-09-01', '5506', 15649000.00, 0.00, 'a', 1, '2022-09-02 09:19:33', NULL, '2022-09-02 09:19:43'),
	('GL0821010001', '2022-09-01', '5507', 369872700.00, 0.00, 'a', 1, '2022-09-02 09:19:33', NULL, '2022-09-02 09:19:43'),
	('GL0821010001', '2022-09-01', '5508', 168539600.00, 0.00, 'a', 1, '2022-09-02 09:19:33', NULL, '2022-09-02 09:19:43'),
	('GL0821010001', '2022-09-01', '5509', 221597920.00, 0.00, 'a', 1, '2022-09-02 09:19:33', NULL, '2022-09-02 09:19:43'),
	('GL0821010001', '2022-09-01', '5601', 16063778.00, 0.00, 'a', 1, '2022-09-02 09:19:33', NULL, '2022-09-02 09:19:43'),
	('GL0821010001', '2022-09-01', '5602', 190952500.00, 0.00, 'a', 1, '2022-09-02 09:19:33', NULL, '2022-09-02 09:19:43'),
	('GL0821010001', '2022-09-01', '5603', 744462992.00, 0.00, 'a', 1, '2022-09-02 09:19:33', NULL, '2022-09-02 09:19:43'),
	('GL0821010001', '2022-09-01', '5604', 2976414009.00, 0.00, 'a', 1, '2022-09-02 09:19:33', NULL, '2022-09-02 09:19:43'),
	('GL0821010001', '2022-09-01', '5606', 662952900.00, 0.00, 'a', 1, '2022-09-02 09:19:33', NULL, '2022-09-02 09:19:43'),
	('GL0821010001', '2022-09-01', '5607', 328124904.00, 0.00, 'a', 1, '2022-09-02 09:19:33', NULL, '2022-09-02 09:19:43'),
	('GL0821010001', '2022-09-01', '4901', 0.00, 512172263.00, 'a', 1, '2022-09-02 09:19:33', NULL, '2022-09-02 09:19:43'),
	('GL0821010001', '2022-09-01', '4902', 0.00, 111186037.00, 'a', 1, '2022-09-02 09:19:33', NULL, '2022-09-02 09:19:43'),
	('GL0821010001', '2022-09-01', '4903', 0.00, 266409230.00, 'a', 1, '2022-09-02 09:19:33', NULL, '2022-09-02 09:19:43'),
	('GL0821010001', '2022-09-01', '4904', 0.00, 1500000.00, 'a', 1, '2022-09-02 09:19:33', NULL, '2022-09-02 09:19:43'),
	('GL0821010001', '2022-09-01', '4906', 0.00, 955775530.00, 'a', 1, '2022-09-02 09:19:33', NULL, '2022-09-02 09:19:43'),
	('GL0821010001', '2022-09-01', '5901', 3077087.00, 0.00, 'a', 1, '2022-09-02 09:19:33', NULL, '2022-09-02 09:19:43'),
	('GL0821010001', '2022-09-01', '5903', 2338943.00, 0.00, 'a', 1, '2022-09-02 09:19:33', NULL, '2022-09-02 09:19:43'),
	('GL0821010001', '2022-09-01', '5904', 21718837.00, 0.00, 'a', 1, '2022-09-02 09:19:33', NULL, '2022-09-02 09:19:43'),
	('GL0821010001', '2022-09-01', '5915', 212500000.00, 0.00, 'a', 1, '2022-09-02 09:19:33', NULL, '2022-09-02 09:19:43'),
	('GL0821010001', '2022-09-01', '5916', 103000000.00, 0.00, 'a', 1, '2022-09-02 09:19:33', NULL, '2022-09-02 09:19:43'),
	('GL0821010001', '2022-09-01', '5917', 66900000.00, 0.00, 'a', 1, '2022-09-02 09:19:33', NULL, '2022-09-02 09:19:43'),
	('GL0821010001', '2022-09-01', '5918', 3675000.00, 0.00, 'a', 1, '2022-09-02 09:19:33', NULL, '2022-09-02 09:19:43'),
	('GL0821010001', '2022-09-01', '5919', 29075000.00, 0.00, 'a', 1, '2022-09-02 09:19:33', NULL, '2022-09-02 09:19:43'),
	('GL0821010001', '2022-09-01', '5920', 7050000.00, 0.00, 'a', 1, '2022-09-02 09:19:33', NULL, '2022-09-02 09:19:43'),
	('GL202210240002', '2022-10-24', '1002', 5000000.00, 0.00, 'a', 1, '2022-10-24 02:22:59', NULL, NULL),
	('GL202210240002', '2022-10-24', '4905', 0.00, 5000000.00, 'a', 1, '2022-10-24 02:22:59', NULL, NULL),
	('GL202210240003', '2022-10-24', '5914', 500000.00, 0.00, 'a', 1, '2022-10-24 02:59:17', NULL, NULL),
	('GL202210240003', '2022-10-24', '1001', 0.00, 500000.00, 'a', 1, '2022-10-24 02:59:17', NULL, NULL),
	('GL202210240004', '2022-10-24', '1001', 0.00, 1100000.00, 'a', 1, '2022-10-24 04:22:20', NULL, NULL),
	('GL202210240004', '2022-10-24', '5204', 100000.00, 0.00, 'a', 1, '2022-10-24 04:22:20', NULL, NULL),
	('GL202210240004', '2022-10-24', '5001', 1000000.00, 0.00, 'a', 1, '2022-10-24 04:22:20', NULL, NULL),
	('GL202210240005', '2022-10-24', '1001', 0.00, 40000.00, 'a', 1, '2022-10-24 04:23:59', NULL, NULL),
	('GL202210240005', '2022-10-24', '5002', 40000.00, 0.00, 'a', 1, '2022-10-24 04:23:59', NULL, NULL),
	('GL202210240006', '2022-10-24', '1101', 60000.00, 0.00, 'a', 1, '2022-10-24 04:27:45', NULL, NULL),
	('GL202210240006', '2022-10-24', '1303', 0.00, 60000.00, 'a', 1, '2022-10-24 04:27:45', NULL, NULL),
	('GL202210240007', '2022-10-24', '1101', 0.00, 650000.00, 'a', 1, '2022-10-24 04:29:00', NULL, NULL),
	('GL202210240007', '2022-10-24', '1305', 400000.00, 0.00, 'a', 1, '2022-10-24 04:29:00', NULL, NULL),
	('GL202210240007', '2022-10-24', '5006', 250000.00, 0.00, 'a', 1, '2022-10-24 04:29:00', NULL, NULL),
	('GL202210240008', '2022-10-24', '1001', 200000.00, 0.00, 'a', 1, '2022-10-24 04:30:14', NULL, NULL),
	('GL202210240008', '2022-10-24', '5008', 0.00, 200000.00, 'a', 1, '2022-10-24 04:30:14', NULL, NULL),
	('GL202210240009', '2022-10-24', '1002', 900000.00, 0.00, 'a', 1, '2022-10-24 04:37:05', NULL, NULL),
	('GL202210240010', '2022-10-24', '1001', 900000.00, 0.00, 'a', 1, '2022-10-24 04:38:13', NULL, NULL),
	('GL202210240011', '2022-10-24', '1001', 400000.00, 0.00, 'a', 1, '2022-10-24 04:46:17', NULL, NULL),
	('GL202210240012', '2022-10-24', '1001', 200000.00, 0.00, 'a', 1, '2022-10-24 04:49:23', NULL, NULL),
	('GL202210240012', '2022-10-24', '1101', 0.00, 200000.00, 'a', 1, '2022-10-24 04:49:23', NULL, NULL),
	('GL202210240013', '2022-10-24', '1101', 0.00, 600000.00, 'a', 1, '2022-10-24 04:50:05', NULL, NULL),
	('GL202210240013', '2022-10-24', '2001', 100000.00, 0.00, 'a', 1, '2022-10-24 04:50:05', NULL, NULL),
	('GL202210240013', '2022-10-24', '1308', 500000.00, 0.00, 'a', 1, '2022-10-24 04:50:05', NULL, NULL),
	('GL202210240014', '2022-10-24', '1001', 0.00, 60000.00, 'a', 1, '2022-10-24 04:50:46', NULL, NULL),
	('GL202210240014', '2022-10-24', '1004', 50000.00, 0.00, 'a', 1, '2022-10-24 04:50:46', NULL, NULL),
	('GL202210240014', '2022-10-24', '1001', 10000.00, 0.00, 'a', 1, '2022-10-24 04:50:46', NULL, NULL),
	('GL202210240015', '2022-10-24', '1001', 350000.00, 0.00, 'a', 1, '2022-10-24 04:56:01', NULL, NULL),
	('GL202210250016', '2022-10-25', '1101', 100000.00, 0.00, 'a', 1, '2022-10-25 01:41:07', NULL, NULL),
	('GL202210250016', '2022-10-25', '1003', 0.00, 100000.00, 'a', 1, '2022-10-25 01:41:07', NULL, NULL),
	('GL202210250017', '2022-10-25', '1001', 1000000.00, 0.00, 'a', 1, '2022-10-25 01:42:05', NULL, NULL),
	('GL202210250017', '2022-10-25', '1003', 0.00, 1000000.00, 'a', 1, '2022-10-25 01:42:05', NULL, NULL),
	('GL202210250018', '2022-10-25', '1001', 111000000.00, 0.00, 'a', 1, '2022-10-25 01:43:06', NULL, NULL),
	('GL202210250018', '2022-10-25', '1003', 0.00, 111000000.00, 'a', 1, '2022-10-25 01:43:06', NULL, NULL),
	('GL202210250019', '2022-10-25', '1001', 1000000.00, 0.00, 'a', 1, '2022-10-25 01:57:39', NULL, NULL),
	('GL202210250019', '2022-10-25', '5014', 0.00, 1000000.00, 'a', 1, '2022-10-25 01:57:39', NULL, NULL),
	('GL202210250020', '2022-10-25', '1001', 200000.00, 0.00, 'a', 1, '2022-10-25 01:58:16', NULL, NULL),
	('GL202210250020', '2022-10-25', '5014', 0.00, 200000.00, 'a', 1, '2022-10-25 01:58:16', NULL, NULL),
	('GL202210250021', '2022-10-25', '1101', 500000.00, 0.00, 'a', 1, '2022-10-25 02:05:49', NULL, NULL),
	('GL202210250021', '2022-10-25', '5014', 0.00, 500000.00, 'a', 1, '2022-10-25 02:05:49', NULL, NULL),
	('GL202210250022', '2022-10-25', '1003', 100000.00, 0.00, 'a', 1, '2022-10-25 02:06:23', NULL, NULL),
	('GL202210250022', '2022-10-25', '1101', 0.00, 100000.00, 'a', 1, '2022-10-25 02:06:23', NULL, NULL),
	('GL202210250023', '2022-10-25', '1003', 2000000.00, 0.00, 'a', 1, '2022-10-25 02:07:09', NULL, NULL),
	('GL202210250023', '2022-10-25', '1001', 0.00, 2000000.00, 'a', 1, '2022-10-25 02:07:09', NULL, NULL),
	('GL202210250024', '2022-10-25', '1101', 500000.00, 0.00, 'a', 1, '2022-10-25 02:21:46', NULL, NULL),
	('GL202210250024', '2022-10-25', '1002', 0.00, 500000.00, 'a', 1, '2022-10-25 02:21:46', NULL, NULL),
	('GL202210250025', '2022-10-25', '1101', 500000.00, 0.00, 'a', 1, '2022-10-25 02:21:59', NULL, NULL),
	('GL202210250025', '2022-10-25', '1001', 0.00, 500000.00, 'a', 1, '2022-10-25 02:21:59', NULL, NULL),
	('GL202210270026', '2022-10-27', '1001', 800000.00, 0.00, 'a', 1, '2022-10-27 01:22:06', NULL, NULL),
	('GL202210270026', '2022-10-27', '5027', 0.00, 500000.00, 'a', 1, '2022-10-27 01:22:06', NULL, NULL),
	('GL202210270026', '2022-10-27', '5029', 0.00, 300000.00, 'a', 1, '2022-10-27 01:22:06', NULL, NULL),
	('GL202210280027', '2022-10-28', '1001', 500000.00, 0.00, 'a', 1, '2022-10-28 02:39:42', NULL, NULL),
	('GL202210280027', '2022-10-28', '2001', 0.00, 500000.00, 'a', 1, '2022-10-28 02:39:42', NULL, NULL),
	('GL202210280028', '2022-10-28', '1001', 500000.00, 0.00, 'a', 1, '2022-10-28 02:39:51', NULL, NULL),
	('GL202210280028', '2022-10-28', '2001', 0.00, 500000.00, 'a', 1, '2022-10-28 02:39:51', NULL, NULL),
	('GL202210280029', '2022-10-28', '1001', 0.00, 0.00, 'a', 1, '2022-10-28 02:40:02', NULL, NULL),
	('GL202210280030', '2022-10-28', '1001', 600000.00, 0.00, 'a', 1, '2022-10-28 02:42:06', NULL, NULL),
	('GL202210280030', '2022-10-28', '4003', 0.00, 600000.00, 'a', 1, '2022-10-28 02:42:06', NULL, NULL),
	('GL202210280031', '2022-10-28', '1101', 0.00, 5000000.00, 'a', 1, '2022-10-28 02:43:25', NULL, NULL),
	('GL202210280031', '2022-10-28', '5001', 5000000.00, 0.00, 'a', 1, '2022-10-28 02:43:25', NULL, NULL),
	('GL202210280032', '2022-10-28', '1001', 123123123.00, 0.00, 'a', 1, '2022-10-28 03:01:59', NULL, NULL),
	('GL202210280032', '2022-10-28', '4003', 0.00, 123123123.00, 'a', 1, '2022-10-28 03:01:59', NULL, NULL),
	('GL202210280033', '2022-10-28', '1001', 11.00, 0.00, 'a', 1, '2022-10-28 03:02:28', NULL, NULL),
	('GL202210280033', '2022-10-28', '1001', 0.00, 11.00, 'a', 1, '2022-10-28 03:02:28', NULL, NULL),
	('GL202210280034', '2022-10-28', '1001', 0.00, 750123.00, 'a', 1, '2022-10-28 03:17:25', NULL, NULL),
	('GL202210280034', '2022-10-28', '1551', 750123.00, 0.00, 'a', 1, '2022-10-28 03:17:25', NULL, NULL),
	('GL202210280035', '2022-10-28', '1001', 900000.00, 0.00, 'a', 1, '2022-10-28 07:32:33', NULL, NULL),
	('GL202210280035', '2022-10-28', '4002', 0.00, 900000.00, 'a', 1, '2022-10-28 07:32:33', NULL, NULL),
	('GL202210280036', '2022-10-28', '1001', 900000.00, 0.00, 'a', 1, '2022-10-28 07:32:42', NULL, NULL),
	('GL202210280036', '2022-10-28', '4002', 0.00, 900000.00, 'a', 1, '2022-10-28 07:32:42', NULL, NULL),
	('GL202210280037', '2022-10-28', '1003', 0.00, 10000000.00, 'a', 1, '2022-10-28 07:33:49', NULL, NULL),
	('GL202210280037', '2022-10-28', '1301', 10000000.00, 0.00, 'a', 1, '2022-10-28 07:33:49', NULL, NULL),
	('GL202210280038', '2022-10-28', '1001', 2000000.00, 0.00, 'a', 1, '2022-10-28 07:37:25', NULL, NULL),
	('GL202210280038', '2022-10-28', '1001', 0.00, 2000000.00, 'a', 1, '2022-10-28 07:37:25', NULL, NULL),
	('GL202210280039', '2022-10-28', '1001', 0.00, 4000000.00, 'a', 1, '2022-10-28 07:46:14', NULL, NULL),
	('GL202210280039', '2022-10-28', '1004', 4000000.00, 0.00, 'a', 1, '2022-10-28 07:46:14', NULL, NULL),
	('GL202210280040', '2022-10-28', '1003', 7000000.00, 0.00, 'a', 1, '2022-10-28 07:51:14', NULL, NULL),
	('GL202210280040', '2022-10-28', '4003', 0.00, 7000000.00, 'a', 1, '2022-10-28 07:51:14', NULL, NULL),
	('GL202210280041', '2022-10-28', '1003', 7000000.00, 0.00, 'a', 1, '2022-10-28 07:51:35', NULL, NULL),
	('GL202210280041', '2022-10-28', '4003', 0.00, 7000000.00, 'a', 1, '2022-10-28 07:51:35', NULL, NULL),
	('GL202210280042', '2022-10-28', '1003', 7000000.00, 0.00, 'a', 1, '2022-10-28 07:52:30', NULL, NULL),
	('GL202210280042', '2022-10-28', '4003', 0.00, 7000000.00, 'a', 1, '2022-10-28 07:52:30', NULL, NULL),
	('GL202210280043', '2022-10-28', '1003', 7000000.00, 0.00, 'a', 1, '2022-10-28 07:56:49', NULL, NULL),
	('GL202210280043', '2022-10-28', '4003', 0.00, 7000000.00, 'a', 1, '2022-10-28 07:56:49', NULL, NULL),
	('GL202210280044', '2022-10-28', '1003', 7000000.00, 0.00, 'a', 1, '2022-10-28 07:56:53', NULL, NULL),
	('GL202210280044', '2022-10-28', '4003', 0.00, 7000000.00, 'a', 1, '2022-10-28 07:56:53', NULL, NULL),
	('GL202210280045', '2022-10-28', '1003', 7000000.00, 0.00, 'a', 1, '2022-10-28 07:57:39', NULL, NULL),
	('GL202210280045', '2022-10-28', '4003', 0.00, 7000000.00, 'a', 1, '2022-10-28 07:57:39', NULL, NULL),
	('GL202210280046', '2022-10-28', '1003', 7000000.00, 0.00, 'a', 1, '2022-10-28 07:57:43', NULL, NULL),
	('GL202210280046', '2022-10-28', '4003', 0.00, 7000000.00, 'a', 1, '2022-10-28 07:57:43', NULL, NULL),
	('GL202210280047', '2022-10-28', '1003', 7000000.00, 0.00, 'a', 1, '2022-10-28 07:57:55', NULL, NULL),
	('GL202210280047', '2022-10-28', '4003', 0.00, 7000000.00, 'a', 1, '2022-10-28 07:57:55', NULL, NULL),
	('GL202210280048', '2022-10-28', '1003', 7000000.00, 0.00, 'a', 1, '2022-10-28 07:58:03', NULL, NULL),
	('GL202210280048', '2022-10-28', '4003', 0.00, 7000000.00, 'a', 1, '2022-10-28 07:58:03', NULL, NULL),
	('GL202210280049', '2022-10-28', '1003', 7000000.00, 0.00, 'a', 1, '2022-10-28 07:58:24', NULL, NULL),
	('GL202210280049', '2022-10-28', '4003', 0.00, 7000000.00, 'a', 1, '2022-10-28 07:58:24', NULL, NULL),
	('GL202210280050', '2022-10-28', '1003', 5000000.00, 0.00, 'a', 1, '2022-10-28 07:59:11', NULL, NULL),
	('GL202210280050', '2022-10-28', '1002', 0.00, 5000000.00, 'a', 1, '2022-10-28 07:59:11', NULL, NULL),
	('GL202210280051', '2022-10-28', '1003', 5000000.00, 0.00, 'a', 1, '2022-10-28 08:00:19', NULL, NULL),
	('GL202210280051', '2022-10-28', '4003', 0.00, 5000000.00, 'a', 1, '2022-10-28 08:00:19', NULL, NULL),
	('GL202210280052', '2022-10-28', '1003', 4000000.00, 0.00, 'a', 1, '2022-10-28 08:01:13', NULL, NULL),
	('GL202210280052', '2022-10-28', '2001', 0.00, 4000000.00, 'a', 1, '2022-10-28 08:01:13', NULL, NULL),
	('GL202210280053', '2022-10-28', '1003', 300000.00, 0.00, 'a', 1, '2022-10-28 08:02:10', NULL, NULL),
	('GL202210280053', '2022-10-28', '4003', 0.00, 300000.00, 'a', 1, '2022-10-28 08:02:10', NULL, NULL),
	('GL202210280054', '2022-10-28', '1003', 90000000.00, 0.00, 'a', 1, '2022-10-28 08:03:33', NULL, NULL),
	('GL202210280054', '2022-10-28', '4001', 0.00, 90000000.00, 'a', 1, '2022-10-28 08:03:33', NULL, NULL),
	('GL202210280055', '2022-10-28', '1003', 0.00, 5149000.00, 'a', 1, '2022-10-28 08:05:07', NULL, NULL),
	('GL202210280055', '2022-10-28', '1302', 649000.00, 0.00, 'a', 1, '2022-10-28 08:05:07', NULL, NULL),
	('GL202210280055', '2022-10-28', '1303', 4500000.00, 0.00, 'a', 1, '2022-10-28 08:05:07', NULL, NULL),
	('GL202210280056', '2022-10-28', '1001', 0.00, 100000000.00, 'a', 1, '2022-10-28 08:06:20', NULL, NULL),
	('GL202210280056', '2022-10-28', '1301', 100000000.00, 0.00, 'a', 1, '2022-10-28 08:06:20', NULL, NULL),
	('GL202210280057', '2022-10-28', '1001', 0.00, 100000000.00, 'a', 1, '2022-10-28 08:06:30', NULL, NULL),
	('GL202210280057', '2022-10-28', '1301', 100000000.00, 0.00, 'a', 1, '2022-10-28 08:06:30', NULL, NULL),
	('GL202210280058', '2022-10-28', '1001', 0.00, 100000000.00, 'a', 1, '2022-10-28 08:06:45', NULL, NULL),
	('GL202210280058', '2022-10-28', '1301', 100000000.00, 0.00, 'a', 1, '2022-10-28 08:06:45', NULL, NULL),
	('GL202210280059', '2022-10-28', '1001', 0.00, 10000000.00, 'a', 1, '2022-10-28 08:06:56', NULL, NULL),
	('GL202210280059', '2022-10-28', '1301', 10000000.00, 0.00, 'a', 1, '2022-10-28 08:06:56', NULL, NULL),
	('GL202210280060', '2022-10-28', '1001', 0.00, 10000000.00, 'a', 1, '2022-10-28 08:10:07', NULL, NULL),
	('GL202210280060', '2022-10-28', '1301', 10000000.00, 0.00, 'a', 1, '2022-10-28 08:10:07', NULL, NULL),
	('GL202210280061', '2022-10-28', '1001', 0.00, 10000000.00, 'a', 1, '2022-10-28 08:10:42', NULL, NULL),
	('GL202210280061', '2022-10-28', '1102', 10000000.00, 0.00, 'a', 1, '2022-10-28 08:10:42', NULL, NULL),
	('GL202210280062', '2022-10-28', '1001', 0.00, 10000000.00, 'a', 1, '2022-10-28 08:11:15', NULL, NULL),
	('GL202210280062', '2022-10-28', '1301', 10000000.00, 0.00, 'a', 1, '2022-10-28 08:11:15', NULL, NULL),
	('GL202210280063', '2022-10-28', '1601', 9000.00, 0.00, 'b', 1, '2022-10-28 08:16:31', NULL, NULL),
	('GL202210280063', '2022-10-28', '5921', 0.00, 9000.00, 'a', 1, '2022-10-28 08:16:31', NULL, NULL),
	('GL202210280064', '2022-10-28', '1003', 0.00, 4500.00, 'b', 1, '2022-10-28 08:40:44', NULL, NULL),
	('GL202210280064', '2022-10-28', '1601', 4500.00, 0.00, 'b', 1, '2022-10-28 08:40:44', NULL, NULL),
	('GL202210280065', '2022-10-28', '1001', 0.00, 222222222.00, 'a', 1, '2022-10-28 08:43:56', NULL, NULL),
	('GL202210280065', '2022-10-28', '1302', 222222222.00, 0.00, 'a', 1, '2022-10-28 08:43:56', NULL, NULL),
	('GL202210280066', '2022-10-28', '1001', 600000.00, 0.00, 'a', 1, '2022-10-28 08:44:56', NULL, NULL),
	('GL202210280066', '2022-10-28', '4006', 0.00, 600000.00, 'a', 1, '2022-10-28 08:44:56', NULL, NULL),
	('GL202210280067', '2022-10-28', '1001', 0.00, 50000000.00, 'a', 1, '2022-10-28 08:49:38', NULL, NULL),
	('GL202210280067', '2022-10-28', '5103', 50000000.00, 0.00, 'a', 1, '2022-10-28 08:49:38', NULL, NULL),
	('GL202210280068', '2022-10-28', '1001', 0.00, 5000000.00, 'a', 1, '2022-10-28 08:51:33', NULL, NULL),
	('GL202210280068', '2022-10-28', '1304', 4000000.00, 0.00, 'a', 1, '2022-10-28 08:51:33', NULL, NULL),
	('GL202210280068', '2022-10-28', '1308', 1000000.00, 0.00, 'a', 1, '2022-10-28 08:51:33', NULL, NULL),
	('GL202210280069', '2022-10-28', '1001', 0.00, 5000000.00, 'a', 1, '2022-10-28 08:51:57', NULL, NULL),
	('GL202210280069', '2022-10-28', '1304', 4000000.00, 0.00, 'a', 1, '2022-10-28 08:51:57', NULL, NULL),
	('GL202210280069', '2022-10-28', '1308', 1000000.00, 0.00, 'a', 1, '2022-10-28 08:51:57', NULL, NULL),
	('GL202210280070', '2022-10-28', '1001', 0.00, 5000000.00, 'a', 1, '2022-10-28 09:04:19', NULL, NULL),
	('GL202210280070', '2022-10-28', '1304', 4000000.00, 0.00, 'a', 1, '2022-10-28 09:04:19', NULL, NULL),
	('GL202210280070', '2022-10-28', '1308', 1000000.00, 0.00, 'a', 1, '2022-10-28 09:04:19', NULL, NULL),
	('GL202210280071', '2022-10-28', '1001', 0.00, 1000000.00, 'a', 1, '2022-10-28 09:04:35', NULL, NULL),
	('GL202210280071', '2022-10-28', '1308', 1000000.00, 0.00, 'a', 1, '2022-10-28 09:04:35', NULL, NULL),
	('GL202210280072', '2022-10-28', '1001', 0.00, 0.00, 'a', 1, '2022-10-28 09:04:41', NULL, NULL),
	('GL202210280073', '2022-10-28', '1001', 0.00, 0.00, 'a', 1, '2022-10-28 09:04:48', NULL, NULL),
	('GL202210280074', '2022-10-28', '1003', 0.00, 0.00, 'a', 1, '2022-10-28 09:19:39', NULL, NULL),
	('GL202210280075', '2022-10-28', '1003', 4500000.00, 0.00, 'a', 1, '2022-10-28 09:20:45', NULL, NULL),
	('GL202210280076', '2022-10-28', '1003', 0.00, 0.00, 'a', 1, '2022-10-28 09:22:17', NULL, NULL),
	('GL202210280077', '2022-10-28', '1003', 50000.00, 0.00, 'a', 1, '2022-10-28 09:46:12', NULL, NULL),
	('GL202210280077', '2022-10-28', '1308', 0.00, 50000.00, 'a', 1, '2022-10-28 09:46:12', NULL, NULL),
	('GL202210280078', '2022-10-28', '1001', 25000.00, 0.00, 'a', 1, '2022-10-28 10:01:37', NULL, NULL),
	('GL202210280078', '2022-10-28', '1308', 0.00, 25000.00, 'a', 1, '2022-10-28 10:01:37', NULL, NULL),
	('GL202210280079', '2022-10-28', '1308', 22.00, 0.00, 'a', 1, '2022-10-28 10:13:55', NULL, NULL),
	('GL202210280079', '2022-10-28', '1003', 0.00, 22.00, 'a', 1, '2022-10-28 10:13:55', NULL, NULL),
	('GL202210310080', '2022-10-31', '1001', 150000.00, 0.00, 'a', 1, '2022-10-31 01:48:14', 1, '2022-10-31 01:59:36'),
	('GL202210310080', '2022-10-31', '2001', 0.00, 150000.00, 'a', 1, '2022-10-31 01:48:14', 1, '2022-10-31 01:59:36'),
	('GL202210310081', '2022-10-31', '1001', 100000.00, 0.00, 'a', 1, '2022-10-31 04:23:17', NULL, NULL),
	('GL202210310081', '2022-10-31', '1303', 0.00, 100000.00, 'a', 1, '2022-10-31 04:23:17', NULL, NULL),
	('GL202210310082', '2022-10-31', '1001', 90000.00, 0.00, 'a', 1, '2022-10-31 04:41:55', NULL, NULL),
	('GL202210310082', '2022-10-31', '1303', 0.00, 90000.00, 'a', 1, '2022-10-31 04:41:55', NULL, NULL),
	('GL202210310083', '2022-10-31', '1001', 50000.00, 0.00, 'a', 1, '2022-10-31 04:42:22', NULL, NULL),
	('GL202210310083', '2022-10-31', '1303', 0.00, 50000.00, 'a', 1, '2022-10-31 04:42:22', NULL, NULL),
	('GL202210310084', '2022-10-31', '1001', 900000.00, 0.00, 'a', 1, '2022-10-31 04:42:48', NULL, NULL),
	('GL202210310084', '2022-10-31', '1303', 0.00, 900000.00, 'a', 1, '2022-10-31 04:42:48', NULL, NULL),
	('GL202210310085', '2022-10-31', '1003', 900000.00, 0.00, 'a', 1, '2022-10-31 04:43:17', NULL, NULL),
	('GL202210310085', '2022-10-31', '1302', 0.00, 900000.00, 'a', 1, '2022-10-31 04:43:17', NULL, NULL),
	('GL202210310086', '2022-10-31', '1001', 0.00, 900000.00, 'a', 1, '2022-10-31 04:43:44', NULL, NULL),
	('GL202210310086', '2022-10-31', '1303', 900000.00, 0.00, 'a', 1, '2022-10-31 04:43:44', NULL, NULL),
	('GL202210310087', '2022-10-31', '1001', 70000.00, 0.00, 'a', 1, '2022-10-31 04:44:38', NULL, NULL),
	('GL202210310087', '2022-10-31', '1304', 0.00, 70000.00, 'a', 1, '2022-10-31 04:44:38', NULL, NULL),
	('GL202210310088', '2022-10-31', '1001', 90000.00, 0.00, 'a', 1, '2022-10-31 04:45:44', NULL, NULL),
	('GL202210310088', '2022-10-31', '1302', 0.00, 90000.00, 'a', 1, '2022-10-31 04:45:44', NULL, NULL),
	('GL202210310089', '2022-10-31', '1003', 64719.35, 0.00, 'b', 1, '2022-10-31 07:04:08', NULL, NULL),
	('GL202210310089', '2022-10-31', '1601', 0.00, 64719.35, 'b', 1, '2022-10-31 07:04:08', NULL, NULL),
	('GL202210310090', '1970-01-01', '1004', 54419.35, 0.00, 'b', 1, '2022-10-31 07:08:55', NULL, NULL),
	('GL202210310090', '1970-01-01', '1601', 0.00, 54419.35, 'b', 1, '2022-10-31 07:08:55', NULL, NULL),
	('GL202211010090', '2022-11-01', '1001', 90000.00, 0.00, 'b', 1, '2022-11-01 01:38:19', NULL, NULL),
	('GL202211010090', '2022-11-01', '4906', 0.00, 84000.00, 'b', 1, '2022-11-01 01:38:19', NULL, NULL),
	('GL202211010090', '2022-11-01', '6001', 61870.90, 0.00, 'b', 1, '2022-11-01 01:38:19', NULL, NULL),
	('GL202211010090', '2022-11-01', '1601', 0.00, 61870.90, 'b', 1, '2022-11-01 01:38:19', NULL, NULL),
	('GL202211010090', '2022-11-01', '1101', -6000.00, 0.00, 'b', 1, '2022-11-01 01:38:19', NULL, NULL),
	('GL202211010091', '2022-11-01', '4906', 0.00, 102000.00, 'b', 1, '2022-11-01 01:41:21', NULL, NULL),
	('GL202211010091', '2022-11-01', '6001', 75128.95, 0.00, 'b', 1, '2022-11-01 01:41:21', NULL, NULL),
	('GL202211010091', '2022-11-01', '1601', 0.00, 75128.95, 'b', 1, '2022-11-01 01:41:21', NULL, NULL),
	('GL202211010091', '2022-11-01', '1101', 102000.00, 0.00, 'b', 1, '2022-11-01 01:41:21', NULL, NULL),
	('GL202211010092', '2022-11-01', '1002', 500.00, 0.00, 'b', 1, '2022-11-01 01:42:27', NULL, NULL),
	('GL202211010092', '2022-11-01', '4906', 0.00, 500.00, 'b', 1, '2022-11-01 01:42:27', NULL, NULL),
	('GL202211010092', '2022-11-01', '6001', 300.00, 0.00, 'b', 1, '2022-11-01 01:42:27', NULL, NULL),
	('GL202211010092', '2022-11-01', '1601', 0.00, 300.00, 'b', 1, '2022-11-01 01:42:27', NULL, NULL),
	('GL202211010093', '2022-11-01', '1001', 22096.75, 0.00, 'b', 1, '2022-11-01 01:55:18', NULL, NULL),
	('GL202211010093', '2022-11-01', '1601', 0.00, 22096.75, 'b', 1, '2022-11-01 01:55:18', NULL, NULL),
	('GL202211010094', '2022-11-01', '1001', 12000.00, 0.00, 'b', 1, '2022-11-01 01:57:02', NULL, NULL),
	('GL202211010094', '2022-11-01', '4906', 0.00, 12000.00, 'b', 1, '2022-11-01 01:57:02', NULL, NULL),
	('GL202211010094', '2022-11-01', '6001', 8838.70, 0.00, 'b', 1, '2022-11-01 01:57:02', NULL, NULL),
	('GL202211010094', '2022-11-01', '1601', 0.00, 8838.70, 'b', 1, '2022-11-01 01:57:02', NULL, NULL),
	('GL202211010095', '2022-11-01', '1001', 10431.35, 0.00, 'b', 1, '2022-11-01 01:57:20', NULL, NULL),
	('GL202211010095', '2022-11-01', '1601', 0.00, 10431.35, 'b', 1, '2022-11-01 01:57:20', NULL, NULL),
	('GL202211010096', '2022-11-01', '1002', 4500.00, 0.00, 'b', 1, '2022-11-01 01:59:49', NULL, NULL),
	('GL202211010096', '2022-11-01', '4906', 0.00, 4500.00, 'b', 1, '2022-11-01 01:59:49', NULL, NULL),
	('GL202211010096', '2022-11-01', '6001', 2700.00, 0.00, 'b', 1, '2022-11-01 01:59:49', NULL, NULL),
	('GL202211010096', '2022-11-01', '1601', 0.00, 2700.00, 'b', 1, '2022-11-01 01:59:49', NULL, NULL),
	('GL202211010097', '2022-11-01', '1001', 4500.00, 0.00, 'b', 1, '2022-11-01 02:02:31', NULL, NULL),
	('GL202211010097', '2022-11-01', '4906', 0.00, 4500.00, 'b', 1, '2022-11-01 02:02:31', NULL, NULL),
	('GL202211010097', '2022-11-01', '6001', 2700.00, 0.00, 'b', 1, '2022-11-01 02:02:31', NULL, NULL),
	('GL202211010097', '2022-11-01', '1601', 0.00, 2700.00, 'b', 1, '2022-11-01 02:02:31', NULL, NULL),
	('GL202211010098', '2022-11-01', '1001', 5000.00, 0.00, 'b', 1, '2022-11-01 02:07:22', NULL, NULL),
	('GL202211010098', '2022-11-01', '4906', 0.00, 5000.00, 'b', 1, '2022-11-01 02:07:22', NULL, NULL),
	('GL202211010098', '2022-11-01', '6001', 4172.54, 0.00, 'b', 1, '2022-11-01 02:07:22', NULL, NULL),
	('GL202211010098', '2022-11-01', '1601', 0.00, 4172.54, 'b', 1, '2022-11-01 02:07:22', NULL, NULL),
	('GL202211010099', '2022-11-01', '1001', 50000.00, 0.00, 'b', 1, '2022-11-01 02:07:35', NULL, NULL),
	('GL202211010099', '2022-11-01', '1601', 0.00, 50000.00, 'b', 1, '2022-11-01 02:07:35', NULL, NULL),
	('GL202211010100', '2022-11-01', '1101', 60000.00, 0.00, 'a', 1, '2022-11-01 02:12:03', NULL, NULL),
	('GL202211010100', '2022-11-01', '1001', 0.00, 60000.00, 'a', 1, '2022-11-01 02:12:03', NULL, NULL),
	('GL202211010101', '2022-11-01', '1101', 150000.00, 0.00, 'a', 1, '2022-11-01 02:14:20', NULL, NULL),
	('GL202211010101', '2022-11-01', '1001', 0.00, 150000.00, 'a', 1, '2022-11-01 02:14:20', NULL, NULL),
	('GL202211010102', '2022-11-01', '1101', 1000000.00, 0.00, 'a', 1, '2022-11-01 02:14:53', NULL, NULL),
	('GL202211010102', '2022-11-01', '1001', 0.00, 1000000.00, 'a', 1, '2022-11-01 02:14:53', NULL, NULL),
	('GL202211010103', '2022-11-01', '1001', 5000.00, 0.00, 'b', 1, '2022-11-01 02:16:02', NULL, NULL),
	('GL202211010103', '2022-11-01', '4906', 0.00, 5000.00, 'b', 1, '2022-11-01 02:16:02', NULL, NULL),
	('GL202211010103', '2022-11-01', '6001', 4172.54, 0.00, 'b', 1, '2022-11-01 02:16:02', NULL, NULL),
	('GL202211010103', '2022-11-01', '1601', 0.00, 4172.54, 'b', 1, '2022-11-01 02:16:02', NULL, NULL),
	('GL202211010104', '2022-11-01', '1001', 2500.00, 0.00, 'b', 1, '2022-11-01 02:24:03', NULL, NULL),
	('GL202211010104', '2022-11-01', '4906', 0.00, 2500.00, 'b', 1, '2022-11-01 02:24:03', NULL, NULL),
	('GL202211010104', '2022-11-01', '6001', 2086.27, 0.00, 'b', 1, '2022-11-01 02:24:03', NULL, NULL),
	('GL202211010104', '2022-11-01', '1601', 0.00, 2086.27, 'b', 1, '2022-11-01 02:24:03', NULL, NULL),
	('GL202211010105', '2022-11-01', '1002', 2500.00, 0.00, 'b', 1, '2022-11-01 02:24:43', NULL, NULL),
	('GL202211010105', '2022-11-01', '4906', 0.00, 2500.00, 'b', 1, '2022-11-01 02:24:43', NULL, NULL),
	('GL202211010105', '2022-11-01', '6001', 2086.27, 0.00, 'b', 1, '2022-11-01 02:24:43', NULL, NULL),
	('GL202211010105', '2022-11-01', '1601', 0.00, 2086.27, 'b', 1, '2022-11-01 02:24:43', NULL, NULL),
	('GL202211010106', '2022-11-01', '5902', 1250.00, 0.00, 'b', 1, '2022-11-01 02:26:09', NULL, NULL),
	('GL202211010106', '2022-11-01', '4906', 0.00, 2500.00, 'b', 1, '2022-11-01 02:26:09', NULL, NULL),
	('GL202211010106', '2022-11-01', '6001', 2086.27, 0.00, 'b', 1, '2022-11-01 02:26:09', NULL, NULL),
	('GL202211010106', '2022-11-01', '1601', 0.00, 2086.27, 'b', 1, '2022-11-01 02:26:09', NULL, NULL),
	('GL202211010106', '2022-11-01', '1101', 1250.00, 0.00, 'b', 1, '2022-11-01 02:26:09', NULL, NULL),
	('GL202211010107', '2022-11-01', '1101', 900000.00, 0.00, 'a', 1, '2022-11-01 02:39:43', NULL, NULL),
	('GL202211010107', '2022-11-01', '1001', 0.00, 900000.00, 'a', 1, '2022-11-01 02:39:43', NULL, NULL),
	('GL202211010108', '2022-11-01', '1001', 10000.00, 0.00, 'a', 1, '2022-11-01 02:46:37', NULL, NULL),
	('GL202211010108', '2022-11-01', '1003', 0.00, 10000.00, 'a', 1, '2022-11-01 02:46:37', NULL, NULL),
	('GL202211010109', '2022-11-01', '1003', 10000.00, 0.00, 'a', 1, '2022-11-01 02:50:59', NULL, NULL),
	('GL202211010109', '2022-11-01', '1001', 0.00, 10000.00, 'a', 1, '2022-11-01 02:50:59', NULL, NULL),
	('GL202211010110', '2022-11-01', '1101', 900000.00, 0.00, 'a', 1, '2022-11-01 02:59:46', NULL, NULL),
	('GL202211010110', '2022-11-01', '1003', 0.00, 900000.00, 'a', 1, '2022-11-01 02:59:46', NULL, NULL),
	('GL202211010111', '2022-11-01', '1001', 300.00, 0.00, 'b', 1, '2022-11-01 03:06:39', NULL, NULL),
	('GL202211010111', '2022-11-01', '1601', 0.00, 300.00, 'b', 1, '2022-11-01 03:06:39', NULL, NULL),
	('GL202211010112', '2022-11-01', '1001', 1210000.00, 0.00, 'a', 1, '2022-11-01 03:18:11', NULL, NULL),
	('GL202211010112', '2022-11-01', '1101', 0.00, 1210000.00, 'a', 1, '2022-11-01 03:18:11', NULL, NULL),
	('GL202211010113', '2022-11-01', '1001', 10000.00, 0.00, 'a', 1, '2022-11-01 03:19:42', NULL, NULL),
	('GL202211010113', '2022-11-01', '1003', 0.00, 10000.00, 'a', 1, '2022-11-01 03:19:42', NULL, NULL),
	('GL202211010114', '2022-11-01', '1002', 100000.00, 0.00, 'a', 1, '2022-11-01 03:33:24', NULL, NULL),
	('GL202211010114', '2022-11-01', '1101', 0.00, 100000.00, 'a', 1, '2022-11-01 03:33:24', NULL, NULL),
	('GL202211010115', '2022-11-01', '1001', 14419.35, 0.00, 'b', 1, '2022-11-01 04:15:08', NULL, NULL),
	('GL202211010115', '2022-11-01', '1601', 0.00, 14419.35, 'b', 1, '2022-11-01 04:15:08', NULL, NULL),
	('GL202211010116', '2022-11-01', '1001', 300.00, 0.00, 'b', 1, '2022-11-01 04:15:36', NULL, NULL),
	('GL202211010116', '2022-11-01', '1601', 0.00, 300.00, 'b', 1, '2022-11-01 04:15:36', NULL, NULL),
	('GL202211010117', '2022-11-01', '1001', 450000.00, 0.00, 'a', 1, '2022-11-01 04:23:53', NULL, NULL),
	('GL202211010117', '2022-11-01', '1101', 0.00, 450000.00, 'a', 1, '2022-11-01 04:23:53', NULL, NULL),
	('GL202211010118', '2022-11-01', '1001', 12500.00, 0.00, 'b', 1, '2022-11-01 04:25:58', NULL, NULL),
	('GL202211010118', '2022-11-01', '4906', 0.00, 12500.00, 'b', 1, '2022-11-01 04:25:58', NULL, NULL),
	('GL202211010118', '2022-11-01', '6001', 10431.35, 0.00, 'b', 1, '2022-11-01 04:25:58', NULL, NULL),
	('GL202211010118', '2022-11-01', '1601', 0.00, 10431.35, 'b', 1, '2022-11-01 04:25:58', NULL, NULL),
	('GL202211010119', '2022-11-01', '4906', 0.00, 12500.00, 'b', 1, '2022-11-01 04:28:36', NULL, NULL),
	('GL202211010119', '2022-11-01', '6001', 10431.35, 0.00, 'b', 1, '2022-11-01 04:28:36', NULL, NULL),
	('GL202211010119', '2022-11-01', '1601', 0.00, 10431.35, 'b', 1, '2022-11-01 04:28:36', NULL, NULL),
	('GL202211010119', '2022-11-01', '1003', 12500.00, 0.00, 'b', 1, '2022-11-01 04:28:36', NULL, NULL),
	('GL202211010120', '2022-11-01', '1001', 2500.00, 0.00, 'a', 1, '2022-11-01 04:30:32', NULL, NULL),
	('GL202211010120', '2022-11-01', '1003', 0.00, 2500.00, 'a', 1, '2022-11-01 04:30:32', NULL, NULL),
	('GL202211030121', '2022-11-03', '1101', 450000.00, 0.00, 'a', 1, '2022-11-03 02:52:50', NULL, NULL),
	('GL202211030121', '2022-11-03', '1001', 0.00, 450000.00, 'a', 1, '2022-11-03 02:52:50', NULL, NULL),
	('GL202211030122', '2022-11-03', '1101', 1300000.00, 0.00, 'a', 1, '2022-11-03 02:54:01', NULL, NULL),
	('GL202211030122', '2022-11-03', '1003', 0.00, 1300000.00, 'a', 1, '2022-11-03 02:54:01', NULL, NULL),
	('GL202211030123', '2022-11-03', '1002', 0.00, 0.00, 'a', 1, '2022-11-03 03:04:30', NULL, NULL),
	('GL202211030123', '2022-11-03', '1001', 0.00, 40000.00, 'a', 1, '2022-11-03 03:04:30', NULL, NULL),
	('GL202211030123', '2022-11-03', '1303', 0.00, -40000.00, 'a', 1, '2022-11-03 03:04:30', NULL, NULL),
	('GL202211030124', '2022-11-03', '1002', 0.00, 0.00, 'a', 1, '2022-11-03 03:08:35', NULL, NULL),
	('GL202211030124', '2022-11-03', '1001', 0.00, 5000.00, 'a', 1, '2022-11-03 03:08:35', NULL, NULL),
	('GL202211030124', '2022-11-03', '1001', 0.00, -5000.00, 'a', 1, '2022-11-03 03:08:35', NULL, NULL),
	('GL202211030125', '2022-11-03', '1002', 5000.00, 0.00, 'a', 1, '2022-11-03 03:09:38', NULL, NULL),
	('GL202211030125', '2022-11-03', '1001', 0.00, 5000.00, 'a', 1, '2022-11-03 03:09:38', NULL, NULL),
	('GL202211030126', '2022-11-03', '1001', 0.00, 50000.00, 'a', 1, '2022-11-03 03:10:18', NULL, NULL),
	('GL202211030126', '2022-11-03', '1001', 50000.00, 0.00, 'a', 1, '2022-11-03 03:10:18', NULL, NULL),
	('GL202211030127', '2022-11-03', '1001', 0.00, 50000.00, 'a', 1, '2022-11-03 03:10:21', NULL, NULL),
	('GL202211030127', '2022-11-03', '1001', 50000.00, 0.00, 'a', 1, '2022-11-03 03:10:21', NULL, NULL),
	('GL202211030128', '2022-11-03', '1001', 50000.00, 0.00, 'a', 1, '2022-11-03 03:10:25', NULL, NULL),
	('GL202211030128', '2022-11-03', '1001', 0.00, 50000.00, 'a', 1, '2022-11-03 03:10:25', NULL, NULL),
	('GL202211030129', '2022-11-03', '1001', 50000.00, 0.00, 'a', 1, '2022-11-03 03:10:32', NULL, NULL),
	('GL202211030129', '2022-11-03', '1001', 0.00, 50000.00, 'a', 1, '2022-11-03 03:10:32', NULL, NULL),
	('GL202211030130', '2022-11-03', '1001', 50000.00, 0.00, 'a', 1, '2022-11-03 03:10:49', NULL, NULL),
	('GL202211030130', '2022-11-03', '1001', 0.00, 50000.00, 'a', 1, '2022-11-03 03:10:49', NULL, NULL),
	('GL202211030131', '2022-11-03', '1001', 50000.00, 0.00, 'a', 1, '2022-11-03 03:12:31', NULL, NULL),
	('GL202211030131', '2022-11-03', '1001', 0.00, 50000.00, 'a', 1, '2022-11-03 03:12:31', NULL, NULL),
	('GL202211030132', '2022-11-03', '1002', 50000.00, 0.00, 'a', 1, '2022-11-03 03:12:47', NULL, NULL),
	('GL202211030132', '2022-11-03', '1001', 0.00, 50000.00, 'a', 1, '2022-11-03 03:12:47', NULL, NULL),
	('GL202211030133', '2022-11-03', '1001', 6000.00, 0.00, 'a', 1, '2022-11-03 03:15:32', NULL, NULL),
	('GL202211030133', '2022-11-03', '1001', 0.00, 6000.00, 'a', 1, '2022-11-03 03:15:32', NULL, NULL),
	('GL202211030134', '2022-11-03', '1001', 6000.00, 0.00, 'a', 1, '2022-11-03 03:15:57', NULL, NULL),
	('GL202211030134', '2022-11-03', '1001', 0.00, 6000.00, 'a', 1, '2022-11-03 03:15:57', NULL, NULL),
	('GL202211030135', '2022-11-03', '1001', 6000.00, 0.00, 'a', 1, '2022-11-03 03:16:45', NULL, NULL),
	('GL202211030135', '2022-11-03', '1001', 0.00, 6000.00, 'a', 1, '2022-11-03 03:16:45', NULL, NULL),
	('GL202211030136', '2022-11-03', '1101', 50000.00, 0.00, 'a', 1, '2022-11-03 03:19:00', NULL, NULL),
	('GL202211030136', '2022-11-03', '1001', 0.00, 50000.00, 'a', 1, '2022-11-03 03:19:00', NULL, NULL),
	('GL202211030137', '2022-11-03', '1001', 6000.00, 0.00, 'a', 1, '2022-11-03 03:22:24', NULL, NULL),
	('GL202211030137', '2022-11-03', '1001', 0.00, 6000.00, 'a', 1, '2022-11-03 03:22:24', NULL, NULL),
	('GL202211030138', '2022-11-03', '4002', 0.00, 6000.00, 'a', 1, '2022-11-03 03:24:54', NULL, NULL),
	('GL202211030138', '2022-11-03', '1001', 6000.00, 0.00, 'a', 1, '2022-11-03 03:24:54', NULL, NULL),
	('GL202211030139', '2022-11-03', 'kas', 0.00, 100000.00, 'b', 1, '2022-11-03 03:32:53', NULL, NULL),
	('GL202211030139', '2022-11-03', '5701', 7900.00, 0.00, 'b', 1, '2022-11-03 03:32:53', NULL, NULL),
	('GL202211030139', '2022-11-03', '1601', 79000.00, 0.00, 'b', 1, '2022-11-03 03:32:53', NULL, NULL),
	('GL202211030139', '2022-11-03', '1003', 0.00, -13100.00, 'a', 1, '2022-11-03 03:32:53', NULL, NULL),
	('GL202211030140', '2022-11-03', '1001', 0.00, 100000.00, 'b', 1, '2022-11-03 03:35:25', NULL, NULL),
	('GL202211030140', '2022-11-03', '5701', 4675.00, 0.00, 'b', 1, '2022-11-03 03:35:25', NULL, NULL),
	('GL202211030140', '2022-11-03', '5902', 0.00, 4450.00, 'b', 1, '2022-11-03 03:35:25', NULL, NULL),
	('GL202211030140', '2022-11-03', '1601', 51200.00, 0.00, 'b', 1, '2022-11-03 03:35:25', NULL, NULL),
	('GL202211030140', '2022-11-03', '1003', 0.00, -48575.00, 'a', 1, '2022-11-03 03:35:25', NULL, NULL),
	('GL202211030141', '2022-11-03', '1601', 39500.00, 0.00, 'b', 1, '2022-11-03 03:36:48', NULL, NULL),
	('GL202211030141', '2022-11-03', '1003', 0.00, 39500.00, 'a', 1, '2022-11-03 03:36:48', NULL, NULL),
	('GL202211030142', '2022-11-03', '1003', 0.00, 2000.00, 'b', 1, '2022-11-03 03:37:28', NULL, NULL),
	('GL202211030142', '2022-11-03', '1601', 2000.00, 0.00, 'b', 1, '2022-11-03 03:37:28', NULL, NULL),
	('GL202211030143', '2022-11-03', '1001', 100.00, 0.00, 'a', 1, '2022-11-03 04:10:49', NULL, NULL),
	('GL202211030143', '2022-11-03', '5920', 0.00, 100.00, 'a', 1, '2022-11-03 04:10:49', NULL, NULL),
	('GL202211030144', '2022-11-03', '1001', 5000.00, 0.00, 'a', 1, '2022-11-03 04:30:31', NULL, NULL),
	('GL202211030144', '2022-11-03', '1001', 0.00, 5000.00, 'a', 1, '2022-11-03 04:30:31', NULL, NULL),
	('GL202211030145', '2022-11-03', '1601', 19800.00, 0.00, 'b', 1, '2022-11-03 04:48:14', NULL, NULL),
	('GL202211030145', '2022-11-03', '1003', 0.00, 19800.00, 'a', 1, '2022-11-03 04:48:14', NULL, NULL),
	('GL202211030146', '2022-11-03', '1001', 0.00, 6000000.00, 'b', 1, '2022-11-03 05:00:39', NULL, NULL),
	('GL202211030146', '2022-11-03', '5701', 56900.00, 0.00, 'b', 1, '2022-11-03 05:00:39', NULL, NULL),
	('GL202211030146', '2022-11-03', '5702', 20000.00, 0.00, 'b', 1, '2022-11-03 05:00:39', NULL, NULL),
	('GL202211030146', '2022-11-03', '1601', 5690000.00, 0.00, 'b', 1, '2022-11-03 05:00:39', NULL, NULL),
	('GL202211030146', '2022-11-03', '5920', 0.00, -233100.00, 'a', 1, '2022-11-03 05:00:39', NULL, NULL),
	('GL202211030147', '2022-11-03', '1601', 380000.00, 0.00, 'b', 1, '2022-11-03 07:47:17', NULL, NULL),
	('GL202211030147', '2022-11-03', '1003', 0.00, 380000.00, 'a', 1, '2022-11-03 07:47:17', NULL, NULL),
	('GL202211030148', '2022-11-03', '1002', 0.00, 10000.00, 'b', 1, '2022-11-03 07:53:11', NULL, NULL),
	('GL202211030148', '2022-11-03', '1601', 10000.00, 0.00, 'b', 1, '2022-11-03 07:53:11', NULL, NULL),
	('GL202211030149', '2022-11-03', '1601', 22000.00, 0.00, 'b', 1, '2022-11-03 07:54:47', NULL, NULL),
	('GL202211030149', '2022-11-03', '1003', 0.00, 22000.00, 'a', 1, '2022-11-03 07:54:47', NULL, NULL),
	('GL202211040150', '2022-11-04', '1001', 50000.00, 0.00, 'a', 1, '2022-11-04 01:00:26', NULL, NULL),
	('GL202211040150', '2022-11-04', '2101', 0.00, 50000.00, 'a', 1, '2022-11-04 01:00:26', NULL, NULL),
	('GL202211040151', '2022-11-04', '1001', 50000.00, 0.00, 'a', 1, '2022-11-04 01:01:05', NULL, NULL),
	('GL202211040151', '2022-11-04', '2101', 0.00, 50000.00, 'a', 1, '2022-11-04 01:01:05', NULL, NULL),
	('GL202211040152', '2022-11-04', '2101', 40000.00, 0.00, 'a', 1, '2022-11-04 01:01:52', NULL, NULL),
	('GL202211040152', '2022-11-04', '1001', 0.00, 40000.00, 'a', 1, '2022-11-04 01:01:52', NULL, NULL),
	('GL202211040153', '2022-11-04', '2101', 60000.00, 0.00, 'a', 1, '2022-11-04 01:02:36', NULL, NULL),
	('GL202211040153', '2022-11-04', '1001', 0.00, 60000.00, 'a', 1, '2022-11-04 01:02:36', NULL, NULL);

-- membuang struktur untuk table keuangansajada.dkasbank
DROP TABLE IF EXISTS `dkasbank`;
CREATE TABLE IF NOT EXISTS `dkasbank` (
  `n_kasbank` varchar(15) NOT NULL,
  `akun` varchar(15) NOT NULL,
  `debet` double(15,2) DEFAULT '0.00',
  `kredit` double(15,2) DEFAULT '0.00',
  `created_by` int(11) DEFAULT NULL,
  `created_at` timestamp NOT NULL DEFAULT CURRENT_TIMESTAMP,
  `updated_by` int(11) DEFAULT NULL,
  `updated_at` timestamp NULL DEFAULT NULL ON UPDATE CURRENT_TIMESTAMP,
  KEY `FK_dkasbank_coa` (`akun`)
) ENGINE=InnoDB DEFAULT CHARSET=utf8;

-- Membuang data untuk tabel keuangansajada.dkasbank: ~85 rows (lebih kurang)
DELETE FROM `dkasbank`;
INSERT INTO `dkasbank` (`n_kasbank`, `akun`, `debet`, `kredit`, `created_by`, `created_at`, `updated_by`, `updated_at`) VALUES
	('KK202210240001', '5204', 100000.00, 0.00, 1, '2022-10-24 04:22:20', NULL, NULL),
	('KK202210240001', '5001', 1000000.00, 0.00, 1, '2022-10-24 04:22:20', NULL, NULL),
	('KK202210240002', '5002', 40000.00, 0.00, 1, '2022-10-24 04:23:59', NULL, NULL),
	('BM202210240003', '1303', 0.00, 60000.00, 1, '2022-10-24 04:27:45', NULL, NULL),
	('BK202210240004', '1305', 400000.00, 0.00, 1, '2022-10-24 04:29:00', NULL, NULL),
	('BK202210240004', '5006', 250000.00, 0.00, 1, '2022-10-24 04:29:00', NULL, NULL),
	('KM202210240005', '5008', 0.00, 200000.00, 1, '2022-10-24 04:30:14', NULL, NULL),
	('KM202210240006', '1101', 0.00, 200000.00, 1, '2022-10-24 04:49:23', NULL, NULL),
	('BK202210240007', '2001', 100000.00, 0.00, 1, '2022-10-24 04:50:05', NULL, NULL),
	('BK202210240007', '1308', 500000.00, 0.00, 1, '2022-10-24 04:50:05', NULL, NULL),
	('KK202210240008', '1004', 50000.00, 0.00, 1, '2022-10-24 04:50:46', NULL, NULL),
	('KK202210240008', '1001', 10000.00, 0.00, 1, '2022-10-24 04:50:46', NULL, NULL),
	('KM202210270009', '5027', 0.00, 500000.00, 1, '2022-10-27 01:22:06', NULL, NULL),
	('KM202210270009', '5029', 0.00, 300000.00, 1, '2022-10-27 01:22:06', NULL, NULL),
	('KM202210280010', '2001', 0.00, 500000.00, 1, '2022-10-28 02:39:42', NULL, NULL),
	('KM202210280011', '2001', 0.00, 500000.00, 1, '2022-10-28 02:39:51', NULL, NULL),
	('KM202210280013', '4003', 0.00, 600000.00, 1, '2022-10-28 02:42:06', NULL, NULL),
	('BK202210280014', '5001', 5000000.00, 0.00, 1, '2022-10-28 02:43:25', NULL, NULL),
	('KM202210280015', '4003', 0.00, 123123123.00, 1, '2022-10-28 03:01:59', NULL, NULL),
	('KM202210280016', '1001', 0.00, 11.00, 1, '2022-10-28 03:02:28', NULL, NULL),
	('KK202210280017', '1551', 750123.00, 0.00, 1, '2022-10-28 03:17:25', NULL, NULL),
	('KM202210280018', '4002', 0.00, 900000.00, 1, '2022-10-28 07:32:33', NULL, NULL),
	('KM202210280019', '4002', 0.00, 900000.00, 1, '2022-10-28 07:32:42', NULL, NULL),
	('BK202210280020', '1301', 10000000.00, 0.00, 1, '2022-10-28 07:33:49', NULL, NULL),
	('KM202210280021', '1001', 0.00, 2000000.00, 1, '2022-10-28 07:37:25', NULL, NULL),
	('KK202210280022', '1004', 4000000.00, 0.00, 1, '2022-10-28 07:46:14', NULL, NULL),
	('BM202210280023', '4003', 0.00, 7000000.00, 1, '2022-10-28 07:51:14', NULL, NULL),
	('BM202210280024', '4003', 0.00, 7000000.00, 1, '2022-10-28 07:51:35', NULL, NULL),
	('BM202210280025', '4003', 0.00, 7000000.00, 1, '2022-10-28 07:52:30', NULL, NULL),
	('BM202210280026', '4003', 0.00, 7000000.00, 1, '2022-10-28 07:56:49', NULL, NULL),
	('BM202210280027', '4003', 0.00, 7000000.00, 1, '2022-10-28 07:56:53', NULL, NULL),
	('BM202210280028', '4003', 0.00, 7000000.00, 1, '2022-10-28 07:57:39', NULL, NULL),
	('BM202210280029', '4003', 0.00, 7000000.00, 1, '2022-10-28 07:57:43', NULL, NULL),
	('BM202210280030', '4003', 0.00, 7000000.00, 1, '2022-10-28 07:57:55', NULL, NULL),
	('BM202210280031', '4003', 0.00, 7000000.00, 1, '2022-10-28 07:58:03', NULL, NULL),
	('BM202210280032', '4003', 0.00, 7000000.00, 1, '2022-10-28 07:58:24', NULL, NULL),
	('BM202210280033', '1002', 0.00, 5000000.00, 1, '2022-10-28 07:59:11', NULL, NULL),
	('BM202210280034', '4003', 0.00, 5000000.00, 1, '2022-10-28 08:00:19', NULL, NULL),
	('BM202210280035', '2001', 0.00, 4000000.00, 1, '2022-10-28 08:01:13', NULL, NULL),
	('BM202210280036', '4003', 0.00, 300000.00, 1, '2022-10-28 08:02:10', NULL, NULL),
	('BM202210280037', '4001', 0.00, 90000000.00, 1, '2022-10-28 08:03:33', NULL, NULL),
	('BK202210280038', '1302', 649000.00, 0.00, 1, '2022-10-28 08:05:07', NULL, NULL),
	('BK202210280038', '1303', 4500000.00, 0.00, 1, '2022-10-28 08:05:07', NULL, NULL),
	('KK202210280039', '1301', 100000000.00, 0.00, 1, '2022-10-28 08:06:20', NULL, NULL),
	('KK202210280040', '1301', 100000000.00, 0.00, 1, '2022-10-28 08:06:30', NULL, NULL),
	('KK202210280041', '1301', 100000000.00, 0.00, 1, '2022-10-28 08:06:45', NULL, NULL),
	('KK202210280042', '1301', 10000000.00, 0.00, 1, '2022-10-28 08:06:56', NULL, NULL),
	('KK202210280043', '1301', 10000000.00, 0.00, 1, '2022-10-28 08:10:07', NULL, NULL),
	('KK202210280044', '1102', 10000000.00, 0.00, 1, '2022-10-28 08:10:42', NULL, NULL),
	('KK202210280045', '1301', 10000000.00, 0.00, 1, '2022-10-28 08:11:15', NULL, NULL),
	('BK202210280046', '1302', 222222222.00, 0.00, 1, '2022-10-28 08:43:56', NULL, NULL),
	('BM202210280047', '4006', 0.00, 600000.00, 1, '2022-10-28 08:44:56', NULL, NULL),
	('BK202210280048', '5103', 50000000.00, 0.00, 1, '2022-10-28 08:49:38', NULL, NULL),
	('KK202210280049', '1304', 4000000.00, 0.00, 1, '2022-10-28 08:51:33', NULL, NULL),
	('KK202210280049', '1308', 1000000.00, 0.00, 1, '2022-10-28 08:51:33', NULL, NULL),
	('KK202210280050', '1304', 4000000.00, 0.00, 1, '2022-10-28 08:51:57', NULL, NULL),
	('KK202210280050', '1308', 1000000.00, 0.00, 1, '2022-10-28 08:51:57', NULL, NULL),
	('KK202210280051', '1304', 4000000.00, 0.00, 1, '2022-10-28 09:04:19', NULL, NULL),
	('KK202210280051', '1308', 1000000.00, 0.00, 1, '2022-10-28 09:04:19', NULL, NULL),
	('KK202210280052', '1308', 1000000.00, 0.00, 1, '2022-10-28 09:04:35', NULL, NULL),
	('KM202210310058', '1303', 0.00, 90000.00, 1, '2022-10-31 04:41:55', NULL, NULL),
	('KM202210310059', '1303', 0.00, 50000.00, 1, '2022-10-31 04:42:22', NULL, NULL),
	('KM202210310060', '1303', 0.00, 900000.00, 1, '2022-10-31 04:42:48', NULL, NULL),
	('BM202210310061', '1302', 0.00, 900000.00, 1, '2022-10-31 04:43:17', NULL, NULL),
	('KK202210310062', '1303', 900000.00, 0.00, 1, '2022-10-31 04:43:44', NULL, NULL),
	('KM202210310063', '1304', 0.00, 70000.00, 1, '2022-10-31 04:44:38', NULL, NULL),
	('BM202210310064', '1302', 0.00, 90000.00, 1, '2022-10-31 04:45:44', NULL, NULL),
	('BM202211030065', '1001', 0.00, 40000.00, 1, '2022-11-03 03:04:30', NULL, NULL),
	('BM202211030065', '1303', 0.00, -40000.00, 1, '2022-11-03 03:04:30', NULL, NULL),
	('BM202211030066', '1001', 0.00, 5000.00, 1, '2022-11-03 03:08:35', NULL, NULL),
	('BM202211030066', '1001', 0.00, -5000.00, 1, '2022-11-03 03:08:35', NULL, NULL),
	('BM202211030067', '1001', 0.00, 5000.00, 1, '2022-11-03 03:09:38', NULL, NULL),
	('KK202211030068', '1001', 50000.00, 0.00, 1, '2022-11-03 03:10:18', NULL, NULL),
	('KK202211030069', '1001', 50000.00, 0.00, 1, '2022-11-03 03:10:21', NULL, NULL),
	('KM202211030070', '1001', 0.00, 50000.00, 1, '2022-11-03 03:10:25', NULL, NULL),
	('KM202211030071', '1001', 0.00, 50000.00, 1, '2022-11-03 03:10:32', NULL, NULL),
	('KM202211030072', '1001', 0.00, 50000.00, 1, '2022-11-03 03:10:49', NULL, NULL),
	('KM202211030073', '1001', 0.00, 50000.00, 1, '2022-11-03 03:12:31', NULL, NULL),
	('BM202211030074', '1001', 0.00, 50000.00, 1, '2022-11-03 03:12:47', NULL, NULL),
	('KM202211030075', '1001', 0.00, 6000.00, 1, '2022-11-03 03:15:32', NULL, NULL),
	('KM202211030076', '1001', 0.00, 6000.00, 1, '2022-11-03 03:15:57', NULL, NULL),
	('KM202211030077', '1001', 0.00, 6000.00, 1, '2022-11-03 03:16:45', NULL, NULL),
	('KM202211030078', '1001', 0.00, 6000.00, 1, '2022-11-03 03:22:24', NULL, NULL),
	('BK202211030079', '1001', 6000.00, 0.00, 1, '2022-11-03 03:24:54', NULL, NULL),
	('KM202211030080', '1001', 0.00, 5000.00, 1, '2022-11-03 04:30:31', NULL, NULL);

-- membuang struktur untuk table keuangansajada.dmutasi
DROP TABLE IF EXISTS `dmutasi`;
CREATE TABLE IF NOT EXISTS `dmutasi` (
  `n_mutasi` varchar(15) NOT NULL,
  `n_barang` varchar(15) NOT NULL,
  `jumlah` int(11) DEFAULT NULL,
  `harga` double(15,2) DEFAULT '0.00',
  `satuan` varchar(20) DEFAULT NULL,
  `created_by` int(11) DEFAULT NULL,
  `created_at` timestamp NOT NULL DEFAULT CURRENT_TIMESTAMP,
  `updated_by` int(11) DEFAULT NULL,
  `updated_at` timestamp NULL DEFAULT NULL ON UPDATE CURRENT_TIMESTAMP
) ENGINE=InnoDB DEFAULT CHARSET=utf8;

-- Membuang data untuk tabel keuangansajada.dmutasi: ~0 rows (lebih kurang)
DELETE FROM `dmutasi`;

-- membuang struktur untuk table keuangansajada.dpembelian
DROP TABLE IF EXISTS `dpembelian`;
CREATE TABLE IF NOT EXISTS `dpembelian` (
  `n_pembelian` varchar(15) NOT NULL,
  `n_barang` varchar(15) NOT NULL,
  `jumlah` int(11) DEFAULT NULL,
  `harga_asli` double(15,2) DEFAULT '0.00',
  `disc` int(3) DEFAULT '0',
  `harga` double(15,2) DEFAULT '0.00',
  `satuan` varchar(20) DEFAULT NULL,
  `created_by` int(11) DEFAULT NULL,
  `created_at` timestamp NOT NULL DEFAULT CURRENT_TIMESTAMP,
  `updated_by` int(11) DEFAULT NULL,
  `updated_at` timestamp NULL DEFAULT NULL ON UPDATE CURRENT_TIMESTAMP
) ENGINE=InnoDB DEFAULT CHARSET=utf8;

-- Membuang data untuk tabel keuangansajada.dpembelian: ~22 rows (lebih kurang)
DELETE FROM `dpembelian`;
INSERT INTO `dpembelian` (`n_pembelian`, `n_barang`, `jumlah`, `harga_asli`, `disc`, `harga`, `satuan`, `created_by`, `created_at`, `updated_by`, `updated_at`) VALUES
	('PT202210280001', '0002', 2, 4500.00, 0, 4500.00, 'PCS', 1, '2022-10-28 08:16:31', NULL, NULL),
	('PT202210280002', '0002', 1, 4500.00, 0, 4500.00, 'PCS', 1, '2022-10-28 08:40:44', NULL, NULL),
	('PT202211030003', '21.00007', 10, 2000.00, 0, 2000.00, 'PCS', 1, '2022-11-03 03:32:53', NULL, NULL),
	('PT202211030003', '0002', 1, 4500.00, 0, 4500.00, 'PCS', 1, '2022-11-03 03:32:53', NULL, NULL),
	('PT202211030003', '0002', 1, 4500.00, 0, 4500.00, 'PCS', 1, '2022-11-03 03:32:53', NULL, NULL),
	('PT202211030003', '0005', 1, 50000.00, 0, 50000.00, 'PCS', 1, '2022-11-03 03:32:53', NULL, NULL),
	('PT202211030004', '21.00007', 20, 2000.00, 10, 1800.00, 'PCS', 1, '2022-11-03 03:35:25', NULL, NULL),
	('PT202211030004', '0006', 1, 2200.00, 0, 2200.00, 'PCS', 1, '2022-11-03 03:35:25', NULL, NULL),
	('PT202211030004', '0002', 1, 4500.00, 10, 4050.00, 'PCS', 1, '2022-11-03 03:35:25', NULL, NULL),
	('PT202211030004', '0005', 1, 4500.00, 0, 4500.00, 'PCS', 1, '2022-11-03 03:35:25', NULL, NULL),
	('PT202211030005', '0003', 10, 300.00, 0, 300.00, 'PCS', 1, '2022-11-03 03:36:48', NULL, NULL),
	('PT202211030005', '21.00007', 1, 2000.00, 0, 2000.00, 'PCS', 1, '2022-11-03 03:36:48', NULL, NULL),
	('PT202211030005', '0002', 1, 4500.00, 0, 4500.00, 'PCS', 1, '2022-11-03 03:36:48', NULL, NULL),
	('PT202211030005', '0004', 3, 10000.00, 0, 10000.00, 'PCS', 1, '2022-11-03 03:36:48', NULL, NULL),
	('PT202211030006', '21.00007', 1, 2000.00, 0, 2000.00, 'PCS', 1, '2022-11-03 03:37:28', NULL, NULL),
	('PT202211030007', '0006', 9, 2200.00, 0, 2200.00, 'PCS', 1, '2022-11-03 04:48:14', NULL, NULL),
	('PT202211030008', '21.00008', 100, 8900.00, 0, 8900.00, 'PCS', 1, '2022-11-03 05:00:39', NULL, NULL),
	('PT202211030008', '31.00008', 20, 240000.00, 0, 240000.00, 'LUSIN', 1, '2022-11-03 05:00:39', NULL, NULL),
	('PT202211030009', '0004', 20, 10000.00, 0, 10000.00, 'PCS', 1, '2022-11-03 07:47:17', NULL, NULL),
	('PT202211030009', '0005', 40, 4500.00, 0, 4500.00, 'PCS', 1, '2022-11-03 07:47:17', NULL, NULL),
	('PT202211030010', '21.00007', 1, 10000.00, 0, 2000.00, 'PCS', 1, '2022-11-03 07:53:11', NULL, NULL),
	('PT202211030011', '0006', 10, 2200.00, 0, 2200.00, 'PCS', 1, '2022-11-03 07:54:47', NULL, NULL);

-- membuang struktur untuk table keuangansajada.dpembelian_order
DROP TABLE IF EXISTS `dpembelian_order`;
CREATE TABLE IF NOT EXISTS `dpembelian_order` (
  `n_opembelian` varchar(15) NOT NULL,
  `n_barang` varchar(15) NOT NULL,
  `jumlahOrder` int(11) DEFAULT NULL,
  `jumlahTrima` int(11) DEFAULT NULL,
  `sisaOrder` int(11) DEFAULT NULL,
  `harga` double(15,2) DEFAULT '0.00',
  `satuan` varchar(20) DEFAULT NULL,
  `created_by` int(11) DEFAULT NULL,
  `created_at` timestamp NULL DEFAULT CURRENT_TIMESTAMP,
  `updated_by` int(11) DEFAULT NULL,
  `updated_at` timestamp NULL DEFAULT NULL ON UPDATE CURRENT_TIMESTAMP
) ENGINE=InnoDB DEFAULT CHARSET=utf8;

-- Membuang data untuk tabel keuangansajada.dpembelian_order: ~0 rows (lebih kurang)
DELETE FROM `dpembelian_order`;

-- membuang struktur untuk table keuangansajada.dpembelian_retur
DROP TABLE IF EXISTS `dpembelian_retur`;
CREATE TABLE IF NOT EXISTS `dpembelian_retur` (
  `n_rpembelian` varchar(15) NOT NULL,
  `n_barang` varchar(15) NOT NULL,
  `jumlah` int(11) DEFAULT NULL,
  `harga` double(15,2) DEFAULT '0.00',
  `satuan` varchar(20) DEFAULT NULL,
  `created_by` int(11) DEFAULT NULL,
  `created_at` timestamp NULL DEFAULT CURRENT_TIMESTAMP,
  `updated_by` int(11) DEFAULT NULL,
  `updated_at` timestamp NULL DEFAULT NULL ON UPDATE CURRENT_TIMESTAMP
) ENGINE=InnoDB DEFAULT CHARSET=utf8;

-- Membuang data untuk tabel keuangansajada.dpembelian_retur: ~0 rows (lebih kurang)
DELETE FROM `dpembelian_retur`;

-- membuang struktur untuk table keuangansajada.dpenjualan
DROP TABLE IF EXISTS `dpenjualan`;
CREATE TABLE IF NOT EXISTS `dpenjualan` (
  `n_penjualan` varchar(15) NOT NULL,
  `n_barang` varchar(15) NOT NULL,
  `jumlah` int(11) DEFAULT NULL,
  `harga_asli` double(15,2) DEFAULT '0.00',
  `disc` int(3) DEFAULT '0',
  `harga` double(15,2) DEFAULT '0.00',
  `satuan` varchar(20) DEFAULT NULL,
  `created_by` int(11) DEFAULT NULL,
  `created_at` timestamp NULL DEFAULT CURRENT_TIMESTAMP,
  `updated_by` int(11) DEFAULT NULL,
  `updated_at` timestamp NULL DEFAULT NULL ON UPDATE CURRENT_TIMESTAMP
) ENGINE=InnoDB DEFAULT CHARSET=utf8;

-- Membuang data untuk tabel keuangansajada.dpenjualan: ~13 rows (lebih kurang)
DELETE FROM `dpenjualan`;
INSERT INTO `dpenjualan` (`n_penjualan`, `n_barang`, `jumlah`, `harga_asli`, `disc`, `harga`, `satuan`, `created_by`, `created_at`, `updated_by`, `updated_at`) VALUES
	('ST202211010001', '0002', 14, 6000.00, 0, 6000.00, 'PCS', 1, '2022-11-01 01:38:19', NULL, NULL),
	('ST202211010002', '0002', 17, 6000.00, 0, 6000.00, 'PCS', 1, '2022-11-01 01:41:21', NULL, NULL),
	('ST202211010003', '0003', 1, 500.00, 0, 500.00, 'PCS', 1, '2022-11-01 01:42:27', NULL, NULL),
	('ST202211010004', '0002', 2, 6000.00, 0, 6000.00, 'PCS', 1, '2022-11-01 01:57:02', NULL, NULL),
	('ST202211010005', '0003', 9, 500.00, 0, 500.00, 'PCS', 1, '2022-11-01 01:59:49', NULL, NULL),
	('ST202211010006', '0003', 9, 500.00, 0, 500.00, 'PCS', 1, '2022-11-01 02:02:31', NULL, NULL),
	('ST202211010007', '0006', 2, 2500.00, 0, 2500.00, 'PCS', 1, '2022-11-01 02:07:22', NULL, NULL),
	('ST202211010008', '0006', 2, 2500.00, 0, 2500.00, 'PCS', 1, '2022-11-01 02:16:02', NULL, NULL),
	('ST202211010009', '0006', 1, 2500.00, 0, 2500.00, 'PCS', 1, '2022-11-01 02:24:03', NULL, NULL),
	('ST202211010010', '0006', 1, 2500.00, 0, 2500.00, 'PCS', 1, '2022-11-01 02:24:43', NULL, NULL),
	('ST202211010011', '0006', 1, 2500.00, 50, 1250.00, 'PCS', 1, '2022-11-01 02:26:09', NULL, NULL),
	('ST202211010012', '0006', 5, 2500.00, 0, 2500.00, 'PCS', 1, '2022-11-01 04:25:58', NULL, NULL),
	('ST202211010013', '0006', 5, 2500.00, 0, 2500.00, 'PCS', 1, '2022-11-01 04:28:36', NULL, NULL);

-- membuang struktur untuk table keuangansajada.dpenjualan_order
DROP TABLE IF EXISTS `dpenjualan_order`;
CREATE TABLE IF NOT EXISTS `dpenjualan_order` (
  `n_openjualan` varchar(15) NOT NULL,
  `n_barang` varchar(15) NOT NULL,
  `jumlahOrder` int(11) DEFAULT NULL,
  `jumlahKirim` int(11) DEFAULT NULL,
  `sisaOrder` int(11) DEFAULT NULL,
  `harga` double(15,2) DEFAULT '0.00',
  `satuan` varchar(20) DEFAULT NULL,
  `created_by` int(11) DEFAULT NULL,
  `created_at` timestamp NULL DEFAULT CURRENT_TIMESTAMP,
  `updated_by` int(11) DEFAULT NULL,
  `updated_at` timestamp NULL DEFAULT NULL ON UPDATE CURRENT_TIMESTAMP
) ENGINE=InnoDB DEFAULT CHARSET=utf8;

-- Membuang data untuk tabel keuangansajada.dpenjualan_order: ~0 rows (lebih kurang)
DELETE FROM `dpenjualan_order`;

-- membuang struktur untuk table keuangansajada.dpenjualan_retur
DROP TABLE IF EXISTS `dpenjualan_retur`;
CREATE TABLE IF NOT EXISTS `dpenjualan_retur` (
  `n_rpenjualan` varchar(15) NOT NULL,
  `n_barang` varchar(15) NOT NULL,
  `jumlah` int(11) DEFAULT NULL,
  `harga` double(15,2) DEFAULT '0.00',
  `satuan` varchar(20) DEFAULT NULL,
  `created_by` int(11) DEFAULT NULL,
  `created_at` timestamp NULL DEFAULT CURRENT_TIMESTAMP,
  `updated_by` int(11) DEFAULT NULL,
  `updated_at` timestamp NULL DEFAULT NULL ON UPDATE CURRENT_TIMESTAMP
) ENGINE=InnoDB DEFAULT CHARSET=utf8;

-- Membuang data untuk tabel keuangansajada.dpenjualan_retur: ~0 rows (lebih kurang)
DELETE FROM `dpenjualan_retur`;

-- membuang struktur untuk table keuangansajada.dpenyesuaian
DROP TABLE IF EXISTS `dpenyesuaian`;
CREATE TABLE IF NOT EXISTS `dpenyesuaian` (
  `n_stock` varchar(15) NOT NULL,
  `n_barang` varchar(15) NOT NULL,
  `jumlah` int(11) DEFAULT NULL,
  `harga` double(15,2) DEFAULT '0.00',
  `satuan` varchar(20) DEFAULT NULL,
  `created_by` int(11) DEFAULT NULL,
  `created_at` timestamp NULL DEFAULT CURRENT_TIMESTAMP,
  `updated_by` int(11) DEFAULT NULL,
  `updated_at` timestamp NULL DEFAULT NULL ON UPDATE CURRENT_TIMESTAMP
) ENGINE=InnoDB DEFAULT CHARSET=utf8;

-- Membuang data untuk tabel keuangansajada.dpenyesuaian: ~0 rows (lebih kurang)
DELETE FROM `dpenyesuaian`;

-- membuang struktur untuk table keuangansajada.dpiutang
DROP TABLE IF EXISTS `dpiutang`;
CREATE TABLE IF NOT EXISTS `dpiutang` (
  `n_piutang` varchar(15) NOT NULL,
  `n_penjualan` varchar(15) NOT NULL,
  `tanggal` date DEFAULT NULL,
  `keterangan` varchar(255) DEFAULT NULL,
  `bayar` double(15,2) DEFAULT '0.00',
  `cara_bayar` varchar(5) DEFAULT NULL,
  `n_bayar` varchar(12) DEFAULT NULL,
  `created_by` int(11) DEFAULT NULL,
  `created_at` timestamp NULL DEFAULT CURRENT_TIMESTAMP,
  `updated_by` int(11) DEFAULT NULL,
  `updated_at` timestamp NULL DEFAULT NULL ON UPDATE CURRENT_TIMESTAMP
) ENGINE=InnoDB DEFAULT CHARSET=utf8 KEY_BLOCK_SIZE=8;

-- Membuang data untuk tabel keuangansajada.dpiutang: ~7 rows (lebih kurang)
DELETE FROM `dpiutang`;
INSERT INTO `dpiutang` (`n_piutang`, `n_penjualan`, `tanggal`, `keterangan`, `bayar`, `cara_bayar`, `n_bayar`, `created_by`, `created_at`, `updated_by`, `updated_at`) VALUES
	('RY202211010001', 'RN202211010003', '2022-11-01', 'Terima dari TESTING MAHASISWA', 60000.00, 'kas', '', 1, '2022-11-01 03:18:11', NULL, NULL),
	('RY202211010001', 'RN202211010004', '2022-11-01', 'Terima dari TESTING MAHASISWA', 150000.00, 'kas', '', 1, '2022-11-01 03:18:11', NULL, NULL),
	('RY202211010001', 'RN202211010005', '2022-11-01', 'Terima dari TESTING MAHASISWA', 1000000.00, 'kas', '', 1, '2022-11-01 03:18:11', NULL, NULL),
	('RY202211010002', 'RN202211010013', '2022-11-01', 'Terima dari TESTING PELANGGAN PIUTANG', 10000.00, 'kas', '', 1, '2022-11-01 03:19:42', NULL, NULL),
	('RY202211010003', 'ST202211010002', '2022-11-01', 'Terima dari TESTING MAHASISWA', 100000.00, 'bank', '12', 1, '2022-11-01 03:33:24', NULL, NULL),
	('RY202211010004', 'RN202211010012', '2022-11-01', 'Terima dari TESTING MAHASISWA', 450000.00, 'kas', '', 1, '2022-11-01 04:23:53', NULL, NULL),
	('RY202211010005', 'ST202211010013', '2022-11-01', 'Terima dari TESTING PELANGGAN PIUTANG', 2500.00, 'kas', '', 1, '2022-11-01 04:30:32', NULL, NULL);

-- membuang struktur untuk table keuangansajada.hcosting
DROP TABLE IF EXISTS `hcosting`;
CREATE TABLE IF NOT EXISTS `hcosting` (
  `n_costing` varchar(15) NOT NULL,
  `tanggal` date DEFAULT NULL,
  `keterangan` varchar(255) NOT NULL,
  `reff` varchar(30) DEFAULT NULL,
  `akun` varchar(12) NOT NULL,
  `total` double(15,2) DEFAULT '0.00',
  `created_by` int(11) DEFAULT NULL,
  `created_at` timestamp NULL DEFAULT CURRENT_TIMESTAMP,
  `updated_by` int(11) DEFAULT NULL,
  `updated_at` timestamp NULL DEFAULT NULL ON UPDATE CURRENT_TIMESTAMP,
  PRIMARY KEY (`n_costing`)
) ENGINE=InnoDB DEFAULT CHARSET=utf8;

-- Membuang data untuk tabel keuangansajada.hcosting: ~8 rows (lebih kurang)
DELETE FROM `hcosting`;
INSERT INTO `hcosting` (`n_costing`, `tanggal`, `keterangan`, `reff`, `akun`, `total`, `created_by`, `created_at`, `updated_by`, `updated_at`) VALUES
	('CT202210310001', '2022-10-31', 'qwerty', 'qwerty', '1003', 64719.35, 1, '2022-10-31 07:04:08', NULL, NULL),
	('CT202210310002', '1970-01-01', 'qwerty', 'qwerty', '1004', 54419.35, 1, '2022-10-31 07:08:55', NULL, NULL),
	('CT202211010002', '2022-11-01', 'testing coasting', '-', '1001', 22096.75, 1, '2022-11-01 01:55:18', NULL, NULL),
	('CT202211010003', '2022-11-01', 'test indomie', '-', '1001', 10431.35, 1, '2022-11-01 01:57:20', NULL, NULL),
	('CT202211010004', '2022-11-01', 'test', '-', '1001', 50000.00, 1, '2022-11-01 02:07:35', NULL, NULL),
	('CT202211010005', '2022-11-01', '123123123', '-', '1001', 300.00, 1, '2022-11-01 03:06:39', NULL, NULL),
	('CT202211010006', '2022-11-01', 'trx coasting', '-', '1001', 14419.35, 1, '2022-11-01 04:15:08', NULL, NULL),
	('CT202211010007', '2022-11-01', 'trx coasting', '-', '1001', 300.00, 1, '2022-11-01 04:15:36', NULL, NULL);

-- membuang struktur untuk table keuangansajada.hjurnal
DROP TABLE IF EXISTS `hjurnal`;
CREATE TABLE IF NOT EXISTS `hjurnal` (
  `id` int(11) NOT NULL AUTO_INCREMENT,
  `n_jurnal` varchar(15) NOT NULL,
  `tanggal` date DEFAULT NULL,
  `reff` varchar(30) DEFAULT NULL,
  `keterangan` varchar(255) DEFAULT NULL,
  `jumlah` double(15,2) DEFAULT '0.00',
  `statusA` varchar(3) DEFAULT NULL,
  `created_by` int(11) DEFAULT NULL,
  `created_at` timestamp NULL DEFAULT CURRENT_TIMESTAMP,
  `updated_by` int(11) DEFAULT NULL,
  `updated_at` timestamp NULL DEFAULT NULL ON UPDATE CURRENT_TIMESTAMP,
  `is_active` enum('1','0') NOT NULL DEFAULT '1',
  PRIMARY KEY (`id`,`n_jurnal`) USING BTREE
) ENGINE=InnoDB AUTO_INCREMENT=194 DEFAULT CHARSET=utf8;

-- Membuang data untuk tabel keuangansajada.hjurnal: ~154 rows (lebih kurang)
DELETE FROM `hjurnal`;
INSERT INTO `hjurnal` (`id`, `n_jurnal`, `tanggal`, `reff`, `keterangan`, `jumlah`, `statusA`, `created_by`, `created_at`, `updated_by`, `updated_at`, `is_active`) VALUES
	(1, 'GL0821010001', '2022-09-01', '-', 'Saldo Awal Bulan September 2022', 66118416957.20, 'GL', NULL, '2022-09-02 08:11:11', NULL, '2022-09-02 08:11:31', '1'),
	(2, 'GL202210240002', '2022-10-24', '', 'Testing jurnal', 5000000.00, 'GL', 1, '2022-10-24 02:22:59', NULL, NULL, '1'),
	(3, 'GL202210240003', '2022-10-24', '-', 'Testing beban pkkmb', 500000.00, 'GL', 1, '2022-10-24 02:59:17', NULL, NULL, '1'),
	(4, 'GL202210240004', '2022-10-24', '-', 'beli kue acara', 1100000.00, 'KK', 1, '2022-10-24 04:22:20', NULL, NULL, '1'),
	(5, 'GL202210240005', '2022-10-24', '-', 'beli bensin', 40000.00, 'KK', 1, '2022-10-24 04:23:59', NULL, NULL, '1'),
	(6, 'GL202210240006', '2022-10-24', '-', 'dafafa', 60000.00, 'BM', 1, '2022-10-24 04:27:45', NULL, NULL, '1'),
	(7, 'GL202210240007', '2022-10-24', '-', 'fafafa', 650000.00, 'BK', 1, '2022-10-24 04:29:00', NULL, NULL, '1'),
	(8, 'GL202210240008', '2022-10-24', '-', 'gsgsd', 200000.00, 'KM', 1, '2022-10-24 04:30:14', NULL, NULL, '1'),
	(9, 'GL202210240009', '2022-10-24', '-', 'taaaffafa', 900000.00, 'GL', 1, '2022-10-24 04:37:05', NULL, NULL, '1'),
	(10, 'GL202210240010', '2022-10-24', '-', 'iutyryuiuy', 900000.00, 'GL', 1, '2022-10-24 04:38:13', NULL, NULL, '1'),
	(11, 'GL202210240011', '2022-10-24', '-', 'oeuywuypewo', 400000.00, 'GL', 1, '2022-10-24 04:46:17', NULL, NULL, '1'),
	(14, 'GL202210240012', '2022-10-24', '-', 'Lalallaa', 200000.00, 'KM', 1, '2022-10-24 04:49:23', NULL, NULL, '1'),
	(15, 'GL202210240013', '2022-10-24', '-', 'Lalalallaa', 600000.00, 'BK', 1, '2022-10-24 04:50:05', NULL, NULL, '1'),
	(16, 'GL202210240014', '2022-10-24', 'AAA', 'Yeyeye', 60000.00, 'KK', 1, '2022-10-24 04:50:46', NULL, NULL, '1'),
	(17, 'GL202210240015', '2022-10-24', '-', 'eyeyer', 350000.00, 'GL', 1, '2022-10-24 04:56:01', NULL, NULL, '1'),
	(18, 'GL202210250016', '2022-10-25', 'PN202210250001', '-', 100000.00, 'PN', 1, '2022-10-25 01:41:07', NULL, NULL, '1'),
	(19, 'GL202210250017', '2022-10-25', 'PN202210250002', 'Setia jadi pemasok', 1000000.00, 'PN', 1, '2022-10-25 01:42:05', NULL, NULL, '1'),
	(20, 'GL202210250018', '2022-10-25', 'PN202210250003', 'Hutang terus lo', 111000000.00, 'PN', 1, '2022-10-25 01:43:06', NULL, NULL, '1'),
	(21, 'GL202210250019', '2022-10-25', 'PN202210250004', '-', 1000000.00, 'PN', 1, '2022-10-25 01:57:39', NULL, NULL, '1'),
	(22, 'GL202210250020', '2022-10-25', 'PN202210250005', '', 200000.00, 'PN', 1, '2022-10-25 01:58:16', NULL, NULL, '1'),
	(23, 'GL202210250021', '2022-10-25', 'PN202210250006', 'Hutang lagii nih', 500000.00, 'PN', 1, '2022-10-25 02:05:49', NULL, NULL, '1'),
	(24, 'GL202210250022', '2022-10-25', 'PY202210250001', 'Bayar ke Pemasok Test', 100000.00, 'PY', 1, '2022-10-25 02:06:23', NULL, NULL, '1'),
	(25, 'GL202210250023', '2022-10-25', 'PY202210250002', 'Bayar ke Pemasok Test', 2000000.00, 'PY', 1, '2022-10-25 02:07:09', NULL, NULL, '1'),
	(26, 'GL202210250024', '2022-10-25', 'RN202210250001', 'Mau utang dong kak', 500000.00, 'RN', 1, '2022-10-25 02:21:46', NULL, NULL, '1'),
	(27, 'GL202210250025', '2022-10-25', 'RN202210250002', '', 500000.00, 'RN', 1, '2022-10-25 02:21:59', NULL, NULL, '1'),
	(28, 'GL202210270026', '2022-10-27', '-', 'hdhdhddddf', 800000.00, 'KM', 1, '2022-10-27 01:22:06', NULL, NULL, '1'),
	(29, 'GL202210280027', '2022-10-28', '-', 'test test', 500000.00, 'KM', 1, '2022-10-28 02:39:42', NULL, NULL, '1'),
	(30, 'GL202210280028', '2022-10-28', '-', 'test test', 500000.00, 'KM', 1, '2022-10-28 02:39:51', NULL, NULL, '1'),
	(31, 'GL202210280029', '2022-10-28', '-', 'test test', 0.00, 'KM', 1, '2022-10-28 02:40:02', NULL, NULL, '1'),
	(32, 'GL202210280030', '2022-10-28', '-', 'testingaxcad', 600000.00, 'KM', 1, '2022-10-28 02:42:06', NULL, NULL, '1'),
	(33, 'GL202210280031', '2022-10-28', '-', 'Testing pengeluaran', 5000000.00, 'BK', 1, '2022-10-28 02:43:25', NULL, NULL, '1'),
	(34, 'GL202210280032', '2022-10-28', '-', 'testing lagi', 123123123.00, 'KM', 1, '2022-10-28 03:01:59', NULL, NULL, '1'),
	(35, 'GL202210280033', '2022-10-28', '-', 'd', 11.00, 'KM', 1, '2022-10-28 03:02:28', NULL, NULL, '1'),
	(36, 'GL202210280034', '2022-10-28', '-', 'test', 750123.00, 'KK', 1, '2022-10-28 03:17:25', NULL, NULL, '1'),
	(37, 'GL202210280035', '2022-10-28', '-', 'faafafa', 900000.00, 'KM', 1, '2022-10-28 07:32:33', NULL, NULL, '1'),
	(38, 'GL202210280036', '2022-10-28', '-', 'faafafa', 900000.00, 'KM', 1, '2022-10-28 07:32:42', NULL, NULL, '1'),
	(39, 'GL202210280037', '2022-10-28', '-', 'yuytrew', 10000000.00, 'BK', 1, '2022-10-28 07:33:49', NULL, NULL, '1'),
	(40, 'GL202210280038', '2022-10-28', '-', 'testing', 2000000.00, 'KM', 1, '2022-10-28 07:37:25', NULL, NULL, '1'),
	(41, 'GL202210280039', '2022-10-28', NULL, 'ssahgs', 4000000.00, 'KK', 1, '2022-10-28 07:46:14', NULL, NULL, '1'),
	(42, 'GL202210280040', '2022-10-28', '-', 'test', 7000000.00, 'BM', 1, '2022-10-28 07:51:14', NULL, NULL, '1'),
	(43, 'GL202210280041', '2022-10-28', '-', 'test', 7000000.00, 'BM', 1, '2022-10-28 07:51:35', NULL, NULL, '1'),
	(44, 'GL202210280042', '2022-10-28', '-', 'test', 7000000.00, 'BM', 1, '2022-10-28 07:52:30', NULL, NULL, '1'),
	(45, 'GL202210280043', '2022-10-28', '-', 'test', 7000000.00, 'BM', 1, '2022-10-28 07:56:49', NULL, NULL, '1'),
	(46, 'GL202210280044', '2022-10-28', '-', 'test', 7000000.00, 'BM', 1, '2022-10-28 07:56:53', NULL, NULL, '1'),
	(47, 'GL202210280045', '2022-10-28', '-', 'test', 7000000.00, 'BM', 1, '2022-10-28 07:57:39', NULL, NULL, '1'),
	(48, 'GL202210280046', '2022-10-28', '-', 'test', 7000000.00, 'BM', 1, '2022-10-28 07:57:43', NULL, NULL, '1'),
	(49, 'GL202210280047', '2022-10-28', '-', 'test', 7000000.00, 'BM', 1, '2022-10-28 07:57:55', NULL, NULL, '1'),
	(50, 'GL202210280048', '2022-10-28', '-', 'test', 7000000.00, 'BM', 1, '2022-10-28 07:58:03', NULL, NULL, '1'),
	(51, 'GL202210280049', '2022-10-28', '-', 'test', 7000000.00, 'BM', 1, '2022-10-28 07:58:24', NULL, NULL, '1'),
	(52, 'GL202210280050', '2022-10-28', '-', 'hst', 5000000.00, 'BM', 1, '2022-10-28 07:59:11', NULL, NULL, '1'),
	(53, 'GL202210280051', '2022-10-28', '-', 'ahgfuyaf', 5000000.00, 'BM', 1, '2022-10-28 08:00:19', NULL, NULL, '1'),
	(54, 'GL202210280052', '2022-10-28', '-', 'fghdhtr', 4000000.00, 'BM', 1, '2022-10-28 08:01:13', NULL, NULL, '1'),
	(55, 'GL202210280053', '2022-10-28', '-', 'dsgwrs', 300000.00, 'BM', 1, '2022-10-28 08:02:10', NULL, NULL, '1'),
	(56, 'GL202210280054', '2022-10-28', '-', 'sjdfsau', 90000000.00, 'BM', 1, '2022-10-28 08:03:33', NULL, NULL, '1'),
	(57, 'GL202210280055', '2022-10-28', '-', 'afhk', 5149000.00, 'BK', 1, '2022-10-28 08:05:07', NULL, NULL, '1'),
	(58, 'GL202210280056', '2022-10-28', '-', 'asg', 100000000.00, 'KK', 1, '2022-10-28 08:06:20', NULL, NULL, '1'),
	(59, 'GL202210280057', '2022-10-28', '-', 'asg', 100000000.00, 'KK', 1, '2022-10-28 08:06:30', NULL, NULL, '1'),
	(60, 'GL202210280058', '2022-10-28', '-', 'asg', 100000000.00, 'KK', 1, '2022-10-28 08:06:45', NULL, NULL, '1'),
	(61, 'GL202210280059', '2022-10-28', '-', 'asg', 10000000.00, 'KK', 1, '2022-10-28 08:06:56', NULL, NULL, '1'),
	(64, 'GL202210280060', '2022-10-28', '-', 'asg', 10000000.00, 'KK', 1, '2022-10-28 08:10:07', NULL, NULL, '1'),
	(65, 'GL202210280061', '2022-10-28', '-', 'savfuya', 10000000.00, 'KK', 1, '2022-10-28 08:10:42', NULL, NULL, '1'),
	(66, 'GL202210280062', '2022-10-28', '-', 'etaewy', 10000000.00, 'KK', 1, '2022-10-28 08:11:15', NULL, NULL, '1'),
	(67, 'GL202210280063', '2022-10-28', 'PT202210280001', 'Pembelian a/n Testing Beban Orang Tua', 9000.00, 'PT', 1, '2022-10-28 08:16:31', NULL, NULL, '1'),
	(81, 'GL202210280064', '2022-10-28', 'PT202210280002', 'Pembelian a/n Testing Beban Orang Tua', 4500.00, 'PT', 1, '2022-10-28 08:40:44', NULL, NULL, '1'),
	(87, 'GL202210280065', '2022-10-28', '-', 'kgjkf', 222222222.00, 'BK', 1, '2022-10-28 08:43:56', NULL, NULL, '1'),
	(88, 'GL202210280066', '2022-10-28', '-', 'ajdg9', 600000.00, 'BM', 1, '2022-10-28 08:44:56', NULL, NULL, '1'),
	(89, 'GL202210280067', '2022-10-28', '-', 'aaaaaaaaaa', 50000000.00, 'BK', 1, '2022-10-28 08:49:38', NULL, NULL, '1'),
	(90, 'GL202210280068', '2022-10-28', '-', 'ddddd', 5000000.00, 'KK', 1, '2022-10-28 08:51:33', NULL, NULL, '1'),
	(91, 'GL202210280069', '2022-10-28', '-', 'ddddd', 5000000.00, 'KK', 1, '2022-10-28 08:51:57', NULL, NULL, '1'),
	(92, 'GL202210280070', '2022-10-28', '-', 'ddddd', 5000000.00, 'KK', 1, '2022-10-28 09:04:19', NULL, NULL, '1'),
	(93, 'GL202210280071', '2022-10-28', '-', 'ddddd', 1000000.00, 'KK', 1, '2022-10-28 09:04:35', NULL, NULL, '1'),
	(94, 'GL202210280072', '2022-10-28', '-', 'ddddd', 0.00, 'KK', 1, '2022-10-28 09:04:41', NULL, NULL, '1'),
	(95, 'GL202210280073', '2022-10-28', '-', 'ddddd', 0.00, 'KK', 1, '2022-10-28 09:04:48', NULL, NULL, '1'),
	(96, 'GL202210280074', '2022-10-28', '-', 'dgsj', 0.00, 'BM', 1, '2022-10-28 09:19:39', NULL, NULL, '1'),
	(97, 'GL202210280075', '2022-10-28', '-', 'afjgs', 4500000.00, 'BM', 1, '2022-10-28 09:20:45', NULL, NULL, '1'),
	(98, 'GL202210280076', '2022-10-28', '-', 'ersfsh', 0.00, 'BM', 1, '2022-10-28 09:22:17', NULL, NULL, '1'),
	(100, 'GL202210280077', '2022-10-28', 'PN202210280002', '-ggfgf', 50000.00, 'PN', 1, '2022-10-28 09:46:12', NULL, NULL, '1'),
	(101, 'GL202210280078', '2022-10-28', 'PN202210280003', 'gdgd', 25000.00, 'PN', 1, '2022-10-28 10:01:37', NULL, NULL, '1'),
	(102, 'GL202210280079', '2022-10-28', 'PY202210280003', 'Bayar ke TESTING PEMASOK PERALATAN', 22.00, 'PY', 1, '2022-10-28 10:13:55', NULL, NULL, '1'),
	(105, 'GL202210310080', '2022-10-31', '-', '(KOREKSI) Testing', 150000.00, 'GL', 1, '2022-10-31 01:48:14', 1, '2022-10-31 01:59:36', '1'),
	(106, 'GL202210310081', '2022-10-31', '-', 'test', 100000.00, 'GL', 1, '2022-10-31 04:23:17', NULL, NULL, '1'),
	(107, 'GL202210310082', '2022-10-31', '-', 'kkakak', 90000.00, 'KM', 1, '2022-10-31 04:41:55', NULL, NULL, '1'),
	(108, 'GL202210310083', '2022-10-31', '-', 'jkkhjlkh', 50000.00, 'KM', 1, '2022-10-31 04:42:22', NULL, NULL, '1'),
	(109, 'GL202210310084', '2022-10-31', '-', 'jjljljl', 900000.00, 'KM', 1, '2022-10-31 04:42:48', NULL, NULL, '1'),
	(110, 'GL202210310085', '2022-10-31', '-', 'hkhkkh', 900000.00, 'BM', 1, '2022-10-31 04:43:17', NULL, NULL, '1'),
	(111, 'GL202210310086', '2022-10-31', '-', 'iuiiyio', 900000.00, 'KK', 1, '2022-10-31 04:43:44', NULL, NULL, '1'),
	(112, 'GL202210310087', '2022-10-31', '-', 'ouuyyt', 70000.00, 'KM', 1, '2022-10-31 04:44:38', NULL, NULL, '1'),
	(113, 'GL202210310088', '2022-10-31', '-', 'hrert', 90000.00, 'BM', 1, '2022-10-31 04:45:44', NULL, NULL, '1'),
	(114, 'GL202210310089', '2022-10-31', 'CT202210310001', 'qwerty', 64719.35, 'CT', 1, '2022-10-31 07:04:08', NULL, NULL, '1'),
	(115, 'GL202210310090', '1970-01-01', 'CT202210310002', 'qwerty', 54419.35, 'CT', 1, '2022-10-31 07:08:55', NULL, NULL, '1'),
	(129, 'GL202211010090', '2022-11-01', 'ST202211010001', 'asdasdasdasd', 84000.00, 'ST', 1, '2022-11-01 01:38:19', NULL, NULL, '1'),
	(130, 'GL202211010091', '2022-11-01', 'ST202211010002', 'Penjualan a/n TESTING MAHASISWA', 102000.00, 'ST', 1, '2022-11-01 01:41:21', NULL, NULL, '1'),
	(131, 'GL202211010092', '2022-11-01', 'ST202211010003', 'Penjualan a/n TESTING MAHASISWA', 500.00, 'ST', 1, '2022-11-01 01:42:27', NULL, NULL, '1'),
	(132, 'GL202211010093', '2022-11-01', 'CT202211010002', 'testing coasting', 22096.75, 'CT', 1, '2022-11-01 01:55:18', NULL, NULL, '1'),
	(133, 'GL202211010094', '2022-11-01', 'ST202211010004', 'Penjualan a/n TESTING MAHASISWA', 12000.00, 'ST', 1, '2022-11-01 01:57:02', NULL, NULL, '1'),
	(134, 'GL202211010095', '2022-11-01', 'CT202211010003', 'test indomie', 10431.35, 'CT', 1, '2022-11-01 01:57:20', NULL, NULL, '1'),
	(135, 'GL202211010096', '2022-11-01', 'ST202211010005', 'Testing klir 540', 4500.00, 'ST', 1, '2022-11-01 01:59:49', NULL, NULL, '1'),
	(136, 'GL202211010097', '2022-11-01', 'ST202211010006', 'Penjualan a/n TESTING MAHASISWA', 4500.00, 'ST', 1, '2022-11-01 02:02:31', NULL, NULL, '1'),
	(137, 'GL202211010098', '2022-11-01', 'ST202211010007', 'Penjualan a/n TESTING MAHASISWA', 5000.00, 'ST', 1, '2022-11-01 02:07:22', NULL, NULL, '1'),
	(138, 'GL202211010099', '2022-11-01', 'CT202211010004', 'test', 50000.00, 'CT', 1, '2022-11-01 02:07:35', NULL, NULL, '1'),
	(139, 'GL202211010100', '2022-11-01', 'RN202211010003', 'test', 60000.00, 'RN', 1, '2022-11-01 02:12:03', NULL, NULL, '1'),
	(140, 'GL202211010101', '2022-11-01', 'RN202211010004', 'test lagi', 150000.00, 'RN', 1, '2022-11-01 02:14:20', NULL, NULL, '1'),
	(141, 'GL202211010102', '2022-11-01', 'RN202211010005', 'test lagi kredit', 1000000.00, 'RN', 1, '2022-11-01 02:14:53', NULL, NULL, '1'),
	(142, 'GL202211010103', '2022-11-01', 'ST202211010008', 'Penjualan a/n TESTING MAHASISWA', 5000.00, 'ST', 1, '2022-11-01 02:16:02', NULL, NULL, '1'),
	(143, 'GL202211010104', '2022-11-01', 'ST202211010009', 'Penjualan a/n TESTING MAHASISWA', 2500.00, 'ST', 1, '2022-11-01 02:24:03', NULL, NULL, '1'),
	(144, 'GL202211010105', '2022-11-01', 'ST202211010010', 'Penjualan a/n TESTING MAHASISWA', 2500.00, 'ST', 1, '2022-11-01 02:24:43', NULL, NULL, '1'),
	(145, 'GL202211010106', '2022-11-01', 'ST202211010011', 'Penjualan a/n TESTING MAHASISWA', 1250.00, 'ST', 1, '2022-11-01 02:26:09', NULL, NULL, '1'),
	(146, 'GL202211010107', '2022-11-01', 'RN202211010012', 'tessstttt', 900000.00, 'RN', 1, '2022-11-01 02:39:43', NULL, NULL, '1'),
	(147, 'GL202211010108', '2022-11-01', 'PN202211010004', 'adajdajda', 10000.00, 'PN', 1, '2022-11-01 02:46:37', NULL, NULL, '1'),
	(148, 'GL202211010109', '2022-11-01', 'RN202211010013', 'test ttttt', 10000.00, 'RN', 1, '2022-11-01 02:50:59', NULL, NULL, '1'),
	(149, 'GL202211010110', '2022-11-01', 'RN202211010014', 'testing', 900000.00, 'RN', 1, '2022-11-01 02:59:46', NULL, NULL, '1'),
	(150, 'GL202211010111', '2022-11-01', 'CT202211010005', '123123123', 300.00, 'CT', 1, '2022-11-01 03:06:39', NULL, NULL, '1'),
	(151, 'GL202211010112', '2022-11-01', 'RY202211010001', 'Terima dari TESTING MAHASISWA', 1210000.00, 'RY', 1, '2022-11-01 03:18:11', NULL, NULL, '1'),
	(152, 'GL202211010113', '2022-11-01', 'RY202211010002', 'Terima dari TESTING PELANGGAN PIUTANG', 10000.00, 'RY', 1, '2022-11-01 03:19:42', NULL, NULL, '1'),
	(153, 'GL202211010114', '2022-11-01', 'RY202211010003', 'Terima dari TESTING MAHASISWA', 100000.00, 'RY', 1, '2022-11-01 03:33:24', NULL, NULL, '1'),
	(154, 'GL202211010115', '2022-11-01', 'CT202211010006', 'trx coasting', 14419.35, 'CT', 1, '2022-11-01 04:15:08', NULL, NULL, '1'),
	(155, 'GL202211010116', '2022-11-01', 'CT202211010007', 'trx coasting', 300.00, 'CT', 1, '2022-11-01 04:15:36', NULL, NULL, '1'),
	(156, 'GL202211010117', '2022-11-01', 'RY202211010004', 'Terima dari TESTING MAHASISWA', 450000.00, 'RY', 1, '2022-11-01 04:23:53', NULL, NULL, '1'),
	(157, 'GL202211010118', '2022-11-01', 'ST202211010012', 'Penjualan a/n TESTING PELANGGAN PIUTANG', 12500.00, 'ST', 1, '2022-11-01 04:25:58', NULL, NULL, '1'),
	(158, 'GL202211010119', '2022-11-01', 'ST202211010013', 'Penjualan a/n TESTING PELANGGAN PIUTANG', 12500.00, 'ST', 1, '2022-11-01 04:28:36', NULL, NULL, '1'),
	(159, 'GL202211010120', '2022-11-01', 'RY202211010005', 'Terima dari TESTING PELANGGAN PIUTANG', 2500.00, 'RY', 1, '2022-11-01 04:30:32', NULL, NULL, '1'),
	(160, 'GL202211030121', '2022-11-03', 'RN202211030015', 'testing kartu piutang', 450000.00, 'RN', 1, '2022-11-03 02:52:50', NULL, NULL, '1'),
	(161, 'GL202211030122', '2022-11-03', 'RN202211030016', 'testing lagi piutang', 1300000.00, 'RN', 1, '2022-11-03 02:54:01', NULL, NULL, '1'),
	(162, 'GL202211030123', '2022-11-03', '-', 'TESTING TRANSASKSI', 0.00, 'BM', 1, '2022-11-03 03:04:30', NULL, NULL, '1'),
	(163, 'GL202211030124', '2022-11-03', '-', 'testing ref', 0.00, 'BM', 1, '2022-11-03 03:08:35', NULL, NULL, '1'),
	(164, 'GL202211030125', '2022-11-03', '-', 'testing reff 2', 5000.00, 'BM', 1, '2022-11-03 03:09:38', NULL, NULL, '1'),
	(165, 'GL202211030126', '2022-11-03', '-', 'testing reff 3', 50000.00, 'KK', 1, '2022-11-03 03:10:18', NULL, NULL, '1'),
	(166, 'GL202211030127', '2022-11-03', '-', 'testing reff 3', 50000.00, 'KK', 1, '2022-11-03 03:10:21', NULL, NULL, '1'),
	(167, 'GL202211030128', '2022-11-03', '-', 'testing reff 3', 50000.00, 'KM', 1, '2022-11-03 03:10:25', NULL, NULL, '1'),
	(168, 'GL202211030129', '2022-11-03', '-', 'testing reff 3', 50000.00, 'KM', 1, '2022-11-03 03:10:32', NULL, NULL, '1'),
	(169, 'GL202211030130', '2022-11-03', '-', 'testing reff 3', 50000.00, 'KM', 1, '2022-11-03 03:10:49', NULL, NULL, '1'),
	(170, 'GL202211030131', '2022-11-03', '-', 'testing reff 3', 50000.00, 'KM', 1, '2022-11-03 03:12:31', NULL, NULL, '1'),
	(171, 'GL202211030132', '2022-11-03', '-', 'testing reff 3', 50000.00, 'BM', 1, '2022-11-03 03:12:47', NULL, NULL, '1'),
	(172, 'GL202211030133', '2022-11-03', '-', 'testing reff 4', 6000.00, 'KM', 1, '2022-11-03 03:15:32', NULL, NULL, '1'),
	(173, 'GL202211030134', '2022-11-03', '-', 'testing reff 4', 6000.00, 'KM', 1, '2022-11-03 03:15:57', NULL, NULL, '1'),
	(174, 'GL202211030135', '2022-11-03', '-', 'testing reff 4', 6000.00, 'KM', 1, '2022-11-03 03:16:45', NULL, NULL, '1'),
	(175, 'GL202211030136', '2022-11-03', 'RN202211030017', 'test', 50000.00, 'RN', 1, '2022-11-03 03:19:00', NULL, NULL, '1'),
	(176, 'GL202211030137', '2022-11-03', '-', 'testing reff 5', 6000.00, 'KM', 1, '2022-11-03 03:22:24', NULL, NULL, '1'),
	(177, 'GL202211030138', '2022-11-03', '-', 'testing reff 5', 6000.00, 'BK', 1, '2022-11-03 03:24:54', NULL, NULL, '1'),
	(178, 'GL202211030139', '2022-11-03', 'PT202211030003', 'Pembelian a/n TESTING PEMASOK', 86900.00, 'PT', 1, '2022-11-03 03:32:53', NULL, NULL, '1'),
	(179, 'GL202211030140', '2022-11-03', 'PT202211030004', 'Pembelian a/n TESTING PEMASOK', 51425.00, 'PT', 1, '2022-11-03 03:35:25', NULL, NULL, '1'),
	(180, 'GL202211030141', '2022-11-03', 'PT202211030005', 'Pembelian a/n TESTING PEMASOK', 39500.00, 'PT', 1, '2022-11-03 03:36:48', NULL, NULL, '1'),
	(181, 'GL202211030142', '2022-11-03', 'PT202211030006', 'Pembelian a/n TESTING PEMASOK', 2000.00, 'PT', 1, '2022-11-03 03:37:28', NULL, NULL, '1'),
	(182, 'GL202211030143', '2022-11-03', 'PN202211030006', '-', 100.00, 'PN', 1, '2022-11-03 04:10:49', NULL, NULL, '1'),
	(183, 'GL202211030144', '2022-11-03', '-', 'testing lagi', 5000.00, 'KM', 1, '2022-11-03 04:30:31', NULL, NULL, '1'),
	(184, 'GL202211030145', '2022-11-03', 'PT202211030007', 'Pembelian a/n TESTING PEMASOK UBAH', 19800.00, 'PT', 1, '2022-11-03 04:48:14', NULL, NULL, '1'),
	(185, 'GL202211030146', '2022-11-03', 'PT202211030008', 'Pembelian a/n PEMASOK TESTING TEST', 5766900.00, 'PT', 1, '2022-11-03 05:00:39', NULL, NULL, '1'),
	(186, 'GL202211030147', '2022-11-03', 'PT202211030009', 'Pembelian a/n TESTING PEMASOK UBAH', 380000.00, 'PT', 1, '2022-11-03 07:47:17', NULL, NULL, '1'),
	(187, 'GL202211030148', '2022-11-03', 'PT202211030010', 'Pembelian a/n TESTING MITRA', 10000.00, 'PT', 1, '2022-11-03 07:53:11', NULL, NULL, '1'),
	(188, 'GL202211030149', '2022-11-03', 'PT202211030011', 'Pembelian a/n TESTING PEMASOK UBAH', 22000.00, 'PT', 1, '2022-11-03 07:54:47', NULL, NULL, '1'),
	(190, 'GL202211040150', '2022-11-04', 'PN202211040012', '-', 50000.00, 'PN', 1, '2022-11-04 01:00:26', NULL, NULL, '1'),
	(191, 'GL202211040151', '2022-11-04', 'PN202211040013', '-', 50000.00, 'PN', 1, '2022-11-04 01:01:05', NULL, NULL, '1'),
	(192, 'GL202211040152', '2022-11-04', 'PY202211040004', 'Bayar ke PT.INDOFOOD', 40000.00, 'PY', 1, '2022-11-04 01:01:52', NULL, NULL, '1'),
	(193, 'GL202211040153', '2022-11-04', 'PY202211040005', 'Bayar ke PT.INDOFOOD', 60000.00, 'PY', 1, '2022-11-04 01:02:36', NULL, NULL, '1');

-- membuang struktur untuk table keuangansajada.hkasbank
DROP TABLE IF EXISTS `hkasbank`;
CREATE TABLE IF NOT EXISTS `hkasbank` (
  `id` int(11) NOT NULL AUTO_INCREMENT,
  `n_kasbank` varchar(15) NOT NULL,
  `tanggal` date NOT NULL,
  `reff` varchar(100) DEFAULT NULL,
  `keterangan` varchar(255) DEFAULT NULL,
  `jumlah` double(15,2) NOT NULL DEFAULT '0.00',
  `statusA` varchar(2) DEFAULT NULL,
  `n_bank` varchar(12) DEFAULT NULL,
  `n_jurnal` varchar(12) NOT NULL,
  `is_active` enum('1','0') NOT NULL DEFAULT '1',
  `created_by` int(11) DEFAULT NULL,
  `created_at` timestamp NULL DEFAULT CURRENT_TIMESTAMP,
  `updated_by` int(11) DEFAULT NULL,
  `updated_at` timestamp NULL DEFAULT NULL ON UPDATE CURRENT_TIMESTAMP,
  PRIMARY KEY (`id`,`n_kasbank`) USING BTREE
) ENGINE=InnoDB AUTO_INCREMENT=81 DEFAULT CHARSET=utf8;

-- Membuang data untuk tabel keuangansajada.hkasbank: ~80 rows (lebih kurang)
DELETE FROM `hkasbank`;
INSERT INTO `hkasbank` (`id`, `n_kasbank`, `tanggal`, `reff`, `keterangan`, `jumlah`, `statusA`, `n_bank`, `n_jurnal`, `is_active`, `created_by`, `created_at`, `updated_by`, `updated_at`) VALUES
	(1, 'KK202210240001', '2022-10-24', '-', 'beli kue acara', 1100000.00, 'K', 'KAS', 'GL2022102400', '1', 1, '2022-10-24 04:22:20', NULL, NULL),
	(2, 'KK202210240002', '2022-10-24', '-', 'beli bensin', 40000.00, 'K', 'KAS', 'GL2022102400', '1', 1, '2022-10-24 04:23:59', NULL, NULL),
	(3, 'BM202210240003', '2022-10-24', '-', 'dafafa', 60000.00, 'M', '3', 'GL2022102400', '1', 1, '2022-10-24 04:27:45', NULL, NULL),
	(4, 'BK202210240004', '2022-10-24', '-', 'fafafa', 650000.00, 'K', '3', 'GL2022102400', '1', 1, '2022-10-24 04:29:00', NULL, NULL),
	(5, 'KM202210240005', '2022-10-24', '-', 'gsgsd', 200000.00, 'M', 'KAS', 'GL2022102400', '1', 1, '2022-10-24 04:30:14', NULL, NULL),
	(6, 'KM202210240006', '2022-10-24', '-', 'Lalallaa', 200000.00, 'M', 'KAS', 'GL2022102400', '1', 1, '2022-10-24 04:49:23', NULL, NULL),
	(7, 'BK202210240007', '2022-10-24', '-', 'Lalalallaa', 600000.00, 'K', '3', 'GL2022102400', '1', 1, '2022-10-24 04:50:05', NULL, NULL),
	(8, 'KK202210240008', '2022-10-24', 'AAA', 'Yeyeye', 60000.00, 'K', 'KAS', 'GL2022102400', '1', 1, '2022-10-24 04:50:46', NULL, NULL),
	(9, 'KM202210270009', '2022-10-27', '-', 'hdhdhddddf', 800000.00, 'M', 'KAS', 'GL2022102700', '1', 1, '2022-10-27 01:22:06', NULL, NULL),
	(10, 'KM202210280010', '2022-10-28', '-', 'test test', 500000.00, 'M', 'KAS', 'GL2022102800', '1', 1, '2022-10-28 02:39:42', NULL, NULL),
	(11, 'KM202210280011', '2022-10-28', '-', 'test test', 500000.00, 'M', 'KAS', 'GL2022102800', '1', 1, '2022-10-28 02:39:51', NULL, NULL),
	(12, 'KM202210280012', '2022-10-28', '-', 'test test', 0.00, 'M', 'KAS', 'GL2022102800', '1', 1, '2022-10-28 02:40:02', NULL, NULL),
	(13, 'KM202210280013', '2022-10-28', '-', 'testingaxcad', 600000.00, 'M', 'KAS', 'GL2022102800', '1', 1, '2022-10-28 02:42:06', NULL, NULL),
	(14, 'BK202210280014', '2022-10-28', '-', 'Testing pengeluaran', 5000000.00, 'K', '3', 'GL2022102800', '1', 1, '2022-10-28 02:43:25', NULL, NULL),
	(15, 'KM202210280015', '2022-10-28', '-', 'testing lagi', 123123123.00, 'M', 'KAS', 'GL2022102800', '1', 1, '2022-10-28 03:01:59', NULL, NULL),
	(16, 'KM202210280016', '2022-10-28', '-', 'd', 11.00, 'M', 'KAS', 'GL2022102800', '1', 1, '2022-10-28 03:02:28', NULL, NULL),
	(17, 'KK202210280017', '2022-10-28', '-', 'test', 750123.00, 'K', 'KAS', 'GL2022102800', '1', 1, '2022-10-28 03:17:25', NULL, NULL),
	(18, 'KM202210280018', '2022-10-28', '-', 'faafafa', 900000.00, 'M', 'KAS', 'GL2022102800', '1', 1, '2022-10-28 07:32:33', NULL, NULL),
	(19, 'KM202210280019', '2022-10-28', '-', 'faafafa', 900000.00, 'M', 'KAS', 'GL2022102800', '1', 1, '2022-10-28 07:32:42', NULL, NULL),
	(20, 'BK202210280020', '2022-10-28', '-', 'yuytrew', 10000000.00, 'K', '3', 'GL2022102800', '1', 1, '2022-10-28 07:33:49', NULL, NULL),
	(21, 'KM202210280021', '2022-10-28', '-', 'testing', 2000000.00, 'M', 'KAS', 'GL2022102800', '1', 1, '2022-10-28 07:37:25', NULL, NULL),
	(22, 'KK202210280022', '2022-10-28', NULL, 'ssahgs', 4000000.00, 'K', 'KAS', 'GL2022102800', '1', 1, '2022-10-28 07:46:14', NULL, NULL),
	(23, 'BM202210280023', '2022-10-28', '-', 'test', 7000000.00, 'M', '7', 'GL2022102800', '1', 1, '2022-10-28 07:51:14', NULL, NULL),
	(24, 'BM202210280024', '2022-10-28', '-', 'test', 7000000.00, 'M', '7', 'GL2022102800', '1', 1, '2022-10-28 07:51:35', NULL, NULL),
	(25, 'BM202210280025', '2022-10-28', '-', 'test', 7000000.00, 'M', '7', 'GL2022102800', '1', 1, '2022-10-28 07:52:30', NULL, NULL),
	(26, 'BM202210280026', '2022-10-28', '-', 'test', 7000000.00, 'M', '8', 'GL2022102800', '1', 1, '2022-10-28 07:56:49', NULL, NULL),
	(27, 'BM202210280027', '2022-10-28', '-', 'test', 7000000.00, 'M', '8', 'GL2022102800', '1', 1, '2022-10-28 07:56:53', NULL, NULL),
	(28, 'BM202210280028', '2022-10-28', '-', 'test', 7000000.00, 'M', '8', 'GL2022102800', '1', 1, '2022-10-28 07:57:39', NULL, NULL),
	(29, 'BM202210280029', '2022-10-28', '-', 'test', 7000000.00, 'M', '8', 'GL2022102800', '1', 1, '2022-10-28 07:57:43', NULL, NULL),
	(30, 'BM202210280030', '2022-10-28', '-', 'test', 7000000.00, 'M', '8', 'GL2022102800', '1', 1, '2022-10-28 07:57:55', NULL, NULL),
	(31, 'BM202210280031', '2022-10-28', '-', 'test', 7000000.00, 'M', '8', 'GL2022102800', '1', 1, '2022-10-28 07:58:03', NULL, NULL),
	(32, 'BM202210280032', '2022-10-28', '-', 'test', 7000000.00, 'M', '8', 'GL2022102800', '1', 1, '2022-10-28 07:58:24', NULL, NULL),
	(33, 'BM202210280033', '2022-10-28', '-', 'hst', 5000000.00, 'M', '8', 'GL2022102800', '1', 1, '2022-10-28 07:59:11', NULL, NULL),
	(34, 'BM202210280034', '2022-10-28', '-', 'ahgfuyaf', 5000000.00, 'M', '2', 'GL2022102800', '1', 1, '2022-10-28 08:00:19', NULL, NULL),
	(35, 'BM202210280035', '2022-10-28', '-', 'fghdhtr', 4000000.00, 'M', '9', 'GL2022102800', '1', 1, '2022-10-28 08:01:13', NULL, NULL),
	(36, 'BM202210280036', '2022-10-28', '-', 'dsgwrs', 300000.00, 'M', '8', 'GL2022102800', '1', 1, '2022-10-28 08:02:10', NULL, NULL),
	(37, 'BM202210280037', '2022-10-28', '-', 'sjdfsau', 90000000.00, 'M', '3', 'GL2022102800', '1', 1, '2022-10-28 08:03:33', NULL, NULL),
	(38, 'BK202210280038', '2022-10-28', '-', 'afhk', 5149000.00, 'K', '5', 'GL2022102800', '1', 1, '2022-10-28 08:05:07', NULL, NULL),
	(39, 'KK202210280039', '2022-10-28', '-', 'asg', 100000000.00, 'K', 'KAS', 'GL2022102800', '1', 1, '2022-10-28 08:06:20', NULL, NULL),
	(40, 'KK202210280040', '2022-10-28', '-', 'asg', 100000000.00, 'K', 'KAS', 'GL2022102800', '1', 1, '2022-10-28 08:06:30', NULL, NULL),
	(41, 'KK202210280041', '2022-10-28', '-', 'asg', 100000000.00, 'K', 'KAS', 'GL2022102800', '1', 1, '2022-10-28 08:06:45', NULL, NULL),
	(42, 'KK202210280042', '2022-10-28', '-', 'asg', 10000000.00, 'K', 'KAS', 'GL2022102800', '1', 1, '2022-10-28 08:06:56', NULL, NULL),
	(43, 'KK202210280043', '2022-10-28', '-', 'asg', 10000000.00, 'K', 'KAS', 'GL2022102800', '1', 1, '2022-10-28 08:10:07', NULL, NULL),
	(44, 'KK202210280044', '2022-10-28', '-', 'savfuya', 10000000.00, 'K', 'KAS', 'GL2022102800', '1', 1, '2022-10-28 08:10:42', NULL, NULL),
	(45, 'KK202210280045', '2022-10-28', '-', 'etaewy', 10000000.00, 'K', 'KAS', 'GL2022102800', '1', 1, '2022-10-28 08:11:15', NULL, NULL),
	(46, 'BK202210280046', '2022-10-28', '-', 'kgjkf', 222222222.00, 'K', 'KAS', 'GL2022102800', '1', 1, '2022-10-28 08:43:56', NULL, NULL),
	(47, 'BM202210280047', '2022-10-28', '-', 'ajdg9', 600000.00, 'M', 'KAS', 'GL2022102800', '1', 1, '2022-10-28 08:44:56', NULL, NULL),
	(48, 'BK202210280048', '2022-10-28', '-', 'aaaaaaaaaa', 50000000.00, 'K', 'KAS', 'GL2022102800', '1', 1, '2022-10-28 08:49:38', NULL, NULL),
	(49, 'KK202210280049', '2022-10-28', '-', 'ddddd', 5000000.00, 'K', 'KAS', 'GL2022102800', '1', 1, '2022-10-28 08:51:33', NULL, NULL),
	(50, 'KK202210280050', '2022-10-28', '-', 'ddddd', 5000000.00, 'K', 'KAS', 'GL2022102800', '1', 1, '2022-10-28 08:51:57', NULL, NULL),
	(51, 'KK202210280051', '2022-10-28', '-', 'ddddd', 5000000.00, 'K', 'KAS', 'GL2022102800', '1', 1, '2022-10-28 09:04:19', NULL, NULL),
	(52, 'KK202210280052', '2022-10-28', '-', 'ddddd', 1000000.00, 'K', 'KAS', 'GL2022102800', '1', 1, '2022-10-28 09:04:35', NULL, NULL),
	(53, 'KK202210280053', '2022-10-28', '-', 'ddddd', 0.00, 'K', 'KAS', 'GL2022102800', '1', 1, '2022-10-28 09:04:41', NULL, NULL),
	(54, 'KK202210280054', '2022-10-28', '-', 'ddddd', 0.00, 'K', 'KAS', 'GL2022102800', '1', 1, '2022-10-28 09:04:48', NULL, NULL),
	(55, 'BM202210280055', '2022-10-28', '-', 'dgsj', 0.00, 'M', '3', 'GL2022102800', '1', 1, '2022-10-28 09:19:39', NULL, NULL),
	(56, 'BM202210280056', '2022-10-28', '-', 'afjgs', 4500000.00, 'M', '3', 'GL2022102800', '1', 1, '2022-10-28 09:20:45', NULL, NULL),
	(57, 'BM202210280057', '2022-10-28', '-', 'ersfsh', 0.00, 'M', '3', 'GL2022102800', '1', 1, '2022-10-28 09:22:17', NULL, NULL),
	(58, 'KM202210310058', '2022-10-31', '-', 'kkakak', 90000.00, 'M', 'KAS', 'GL2022103100', '1', 1, '2022-10-31 04:41:55', NULL, NULL),
	(59, 'KM202210310059', '2022-10-31', '-', 'jkkhjlkh', 50000.00, 'M', 'KAS', 'GL2022103100', '1', 1, '2022-10-31 04:42:22', NULL, NULL),
	(60, 'KM202210310060', '2022-10-31', '-', 'jjljljl', 900000.00, 'M', 'KAS', 'GL2022103100', '1', 1, '2022-10-31 04:42:48', NULL, NULL),
	(61, 'BM202210310061', '2022-10-31', '-', 'hkhkkh', 900000.00, 'M', '1', 'GL2022103100', '1', 1, '2022-10-31 04:43:17', NULL, NULL),
	(62, 'KK202210310062', '2022-10-31', '-', 'iuiiyio', 900000.00, 'K', 'KAS', 'GL2022103100', '1', 1, '2022-10-31 04:43:44', NULL, NULL),
	(63, 'KM202210310063', '2022-10-31', '-', 'ouuyyt', 70000.00, 'M', 'KAS', 'GL2022103100', '1', 1, '2022-10-31 04:44:38', NULL, NULL),
	(64, 'BM202210310064', '2022-10-31', '-', 'hrert', 90000.00, 'M', 'KAS', 'GL2022103100', '1', 1, '2022-10-31 04:45:44', NULL, NULL),
	(65, 'BM202211030065', '2022-11-03', '-', 'TESTING TRANSASKSI', 0.00, 'M', '14', 'GL2022110301', '1', 1, '2022-11-03 03:04:30', NULL, NULL),
	(66, 'BM202211030066', '2022-11-03', '-', 'testing ref', 0.00, 'M', '12', 'GL2022110301', '1', 1, '2022-11-03 03:08:35', NULL, NULL),
	(67, 'BM202211030067', '2022-11-03', '-', 'testing reff 2', 5000.00, 'M', '14', 'GL2022110301', '1', 1, '2022-11-03 03:09:38', NULL, NULL),
	(68, 'KK202211030068', '2022-11-03', '-', 'testing reff 3', 50000.00, 'K', 'KAS', 'GL2022110301', '1', 1, '2022-11-03 03:10:18', NULL, NULL),
	(69, 'KK202211030069', '2022-11-03', '-', 'testing reff 3', 50000.00, 'K', 'KAS', 'GL2022110301', '1', 1, '2022-11-03 03:10:21', NULL, NULL),
	(70, 'KM202211030070', '2022-11-03', '-', 'testing reff 3', 50000.00, 'M', 'KAS', 'GL2022110301', '1', 1, '2022-11-03 03:10:25', NULL, NULL),
	(71, 'KM202211030071', '2022-11-03', '-', 'testing reff 3', 50000.00, 'M', 'KAS', 'GL2022110301', '1', 1, '2022-11-03 03:10:32', NULL, NULL),
	(72, 'KM202211030072', '2022-11-03', '-', 'testing reff 3', 50000.00, 'M', 'KAS', 'GL2022110301', '1', 1, '2022-11-03 03:10:49', NULL, NULL),
	(73, 'KM202211030073', '2022-11-03', '-', 'testing reff 3', 50000.00, 'M', 'KAS', 'GL2022110301', '1', 1, '2022-11-03 03:12:31', NULL, NULL),
	(74, 'BM202211030074', '2022-11-03', '-', 'testing reff 3', 50000.00, 'M', '14', 'GL2022110301', '1', 1, '2022-11-03 03:12:47', NULL, NULL),
	(75, 'KM202211030075', '2022-11-03', '-', 'testing reff 4', 6000.00, 'M', 'KAS', 'GL2022110301', '1', 1, '2022-11-03 03:15:32', NULL, NULL),
	(76, 'KM202211030076', '2022-11-03', '-', 'testing reff 4', 6000.00, 'M', 'KAS', 'GL2022110301', '1', 1, '2022-11-03 03:15:57', NULL, NULL),
	(77, 'KM202211030077', '2022-11-03', '-', 'testing reff 4', 6000.00, 'M', 'KAS', 'GL2022110301', '1', 1, '2022-11-03 03:16:45', NULL, NULL),
	(78, 'KM202211030078', '2022-11-03', '-', 'testing reff 5', 6000.00, 'M', 'KAS', 'GL2022110301', '1', 1, '2022-11-03 03:22:24', NULL, NULL),
	(79, 'BK202211030079', '2022-11-03', '-', 'testing reff 5', 6000.00, 'K', '13', 'GL2022110301', '1', 1, '2022-11-03 03:24:54', NULL, NULL),
	(80, 'KM202211030080', '2022-11-03', '-', 'testing lagi', 5000.00, 'M', 'KAS', 'GL2022110301', '1', 1, '2022-11-03 04:30:31', NULL, NULL);

-- membuang struktur untuk table keuangansajada.hmutasi
DROP TABLE IF EXISTS `hmutasi`;
CREATE TABLE IF NOT EXISTS `hmutasi` (
  `n_mutasi` varchar(15) NOT NULL,
  `tanggal` date NOT NULL,
  `reff` varchar(30) DEFAULT NULL,
  `keterangan` varchar(255) DEFAULT NULL,
  `created_by` int(11) DEFAULT NULL,
  `created_at` timestamp NOT NULL DEFAULT CURRENT_TIMESTAMP,
  `updated_by` int(11) DEFAULT NULL,
  `updated_at` timestamp NULL DEFAULT NULL ON UPDATE CURRENT_TIMESTAMP,
  PRIMARY KEY (`n_mutasi`)
) ENGINE=InnoDB DEFAULT CHARSET=utf8;

-- Membuang data untuk tabel keuangansajada.hmutasi: ~0 rows (lebih kurang)
DELETE FROM `hmutasi`;

-- membuang struktur untuk table keuangansajada.hpembelian
DROP TABLE IF EXISTS `hpembelian`;
CREATE TABLE IF NOT EXISTS `hpembelian` (
  `n_pembelian` varchar(15) NOT NULL,
  `tanggal` date NOT NULL,
  `reff` varchar(30) DEFAULT NULL,
  `n_pemasok` varchar(15) NOT NULL,
  `keterangan` varchar(255) DEFAULT NULL,
  `total_pembelian` double(15,2) DEFAULT '0.00',
  `uang_muka` double(15,2) DEFAULT '0.00',
  `biaya_kirim` double(15,2) DEFAULT '0.00',
  `ppn` double(15,2) DEFAULT '0.00',
  `hutang` double(15,2) DEFAULT '0.00',
  `is_active` enum('1','0') NOT NULL DEFAULT '1',
  `cara_bayar` varchar(5) DEFAULT NULL,
  `created_by` int(11) DEFAULT NULL,
  `created_at` timestamp NOT NULL DEFAULT CURRENT_TIMESTAMP,
  `updated_by` int(11) DEFAULT NULL,
  `updated_at` timestamp NULL DEFAULT NULL ON UPDATE CURRENT_TIMESTAMP,
  PRIMARY KEY (`n_pembelian`)
) ENGINE=InnoDB DEFAULT CHARSET=utf8;

-- Membuang data untuk tabel keuangansajada.hpembelian: ~11 rows (lebih kurang)
DELETE FROM `hpembelian`;
INSERT INTO `hpembelian` (`n_pembelian`, `tanggal`, `reff`, `n_pemasok`, `keterangan`, `total_pembelian`, `uang_muka`, `biaya_kirim`, `ppn`, `hutang`, `is_active`, `cara_bayar`, `created_by`, `created_at`, `updated_by`, `updated_at`) VALUES
	('PT202210280001', '2022-10-28', '-', '21', 'Pembelian a/n Testing Beban Orang Tua', 9000.00, 0.00, 0.00, 0.00, 9000.00, '1', 'kas', 1, '2022-10-28 08:16:31', NULL, NULL),
	('PT202210280002', '2022-10-28', '-', '21', 'Pembelian a/n Testing Beban Orang Tua', 4500.00, 0.00, 0.00, 0.00, 0.00, '1', 'bank', 1, '2022-10-28 08:40:44', NULL, NULL),
	('PT202211030003', '2022-11-03', '-', 'SUP000001', 'Pembelian a/n TESTING PEMASOK', 79000.00, 0.00, 0.00, 7900.00, -13100.00, '1', 'bank', 1, '2022-11-03 03:32:53', NULL, NULL),
	('PT202211030004', '2022-11-03', 'Ini adalah transaksi Pembelian', 'SUP000001', 'Pembelian a/n TESTING PEMASOK', 46750.00, 0.00, 0.00, 4675.00, -48575.00, '1', 'kas', 1, '2022-11-03 03:35:25', NULL, NULL),
	('PT202211030005', '2022-11-03', '-', 'SUP000001', 'Pembelian a/n TESTING PEMASOK', 39500.00, 0.00, 0.00, 0.00, 39500.00, '1', 'bank', 1, '2022-11-03 03:36:48', NULL, NULL),
	('PT202211030006', '2022-11-03', '-', 'SUP000001', 'Pembelian a/n TESTING PEMASOK', 2000.00, 0.00, 0.00, 0.00, 0.00, '1', 'bank', 1, '2022-11-03 03:37:28', NULL, NULL),
	('PT202211030007', '2022-11-03', '-', 'SUP000001', 'Pembelian a/n TESTING PEMASOK UBAH', 19800.00, 0.00, 0.00, 0.00, 19800.00, '1', 'kas', 1, '2022-11-03 04:48:14', NULL, NULL),
	('PT202211030008', '2022-11-03', '-', 'SUP000002', 'Pembelian a/n PEMASOK TESTING TEST', 5690000.00, 0.00, 20000.00, 56900.00, -233100.00, '1', 'kas', 1, '2022-11-03 05:00:39', NULL, NULL),
	('PT202211030009', '2022-11-03', '-', 'SUP000001', 'Pembelian a/n TESTING PEMASOK UBAH', 380000.00, 0.00, 0.00, 0.00, 380000.00, '1', 'kas', 1, '2022-11-03 07:47:17', NULL, NULL),
	('PT202211030010', '2022-11-03', '-', 'SUP000005', 'Pembelian a/n TESTING MITRA', 10000.00, 0.00, 0.00, 0.00, 0.00, '1', 'bank', 1, '2022-11-03 07:53:11', NULL, NULL),
	('PT202211030011', '2022-11-03', '-', 'SUP000001', 'Pembelian a/n TESTING PEMASOK UBAH', 22000.00, 0.00, 0.00, 0.00, 22000.00, '1', 'kas', 1, '2022-11-03 07:54:47', NULL, NULL);

-- membuang struktur untuk table keuangansajada.hpembelian_order
DROP TABLE IF EXISTS `hpembelian_order`;
CREATE TABLE IF NOT EXISTS `hpembelian_order` (
  `n_opembelian` varchar(15) NOT NULL,
  `tanggal` date DEFAULT NULL,
  `reff` varchar(30) DEFAULT NULL,
  `n_pemasok` varchar(15) NOT NULL,
  `keterangan` varchar(255) DEFAULT NULL,
  `total_pembelian` double(15,2) DEFAULT '0.00',
  `uang_muka` double(15,2) DEFAULT '0.00',
  `biaya_kirim` double(15,2) DEFAULT '0.00',
  `cara_bayar` varchar(5) DEFAULT NULL,
  `tanggal_kirim` date DEFAULT NULL,
  `masa` int(3) DEFAULT '1',
  `statusA` varchar(1) DEFAULT 'B',
  `created_by` int(11) DEFAULT NULL,
  `created_at` timestamp NULL DEFAULT CURRENT_TIMESTAMP,
  `updated_by` int(11) DEFAULT NULL,
  `updated_at` timestamp NULL DEFAULT NULL ON UPDATE CURRENT_TIMESTAMP,
  PRIMARY KEY (`n_opembelian`)
) ENGINE=InnoDB DEFAULT CHARSET=utf8;

-- Membuang data untuk tabel keuangansajada.hpembelian_order: ~0 rows (lebih kurang)
DELETE FROM `hpembelian_order`;

-- membuang struktur untuk table keuangansajada.hpembelian_retur
DROP TABLE IF EXISTS `hpembelian_retur`;
CREATE TABLE IF NOT EXISTS `hpembelian_retur` (
  `n_rpembelian` varchar(15) NOT NULL,
  `tanggal` date DEFAULT NULL,
  `reff` varchar(30) DEFAULT NULL,
  `n_pemasok` varchar(15) NOT NULL,
  `keterangan` varchar(255) DEFAULT NULL,
  `total_pembelian` double(15,2) DEFAULT '0.00',
  `biaya_kirim` double(15,2) DEFAULT '0.00',
  `ppn` double(15,2) DEFAULT '0.00',
  `cara_bayar` varchar(5) DEFAULT NULL,
  `created_by` int(11) DEFAULT NULL,
  `created_at` timestamp NULL DEFAULT CURRENT_TIMESTAMP,
  `updated_by` int(11) DEFAULT NULL,
  `updated_at` timestamp NULL DEFAULT NULL ON UPDATE CURRENT_TIMESTAMP,
  PRIMARY KEY (`n_rpembelian`)
) ENGINE=InnoDB DEFAULT CHARSET=utf8;

-- Membuang data untuk tabel keuangansajada.hpembelian_retur: ~0 rows (lebih kurang)
DELETE FROM `hpembelian_retur`;

-- membuang struktur untuk table keuangansajada.hpenjualan
DROP TABLE IF EXISTS `hpenjualan`;
CREATE TABLE IF NOT EXISTS `hpenjualan` (
  `n_penjualan` varchar(15) NOT NULL,
  `tanggal` date DEFAULT NULL,
  `reff` varchar(30) DEFAULT NULL,
  `n_pelanggan` varchar(15) NOT NULL,
  `keterangan` varchar(255) DEFAULT NULL,
  `total_penjualan` double(15,2) DEFAULT '0.00',
  `uang_muka` double(15,2) DEFAULT '0.00',
  `biaya_kirim` double(15,2) DEFAULT '0.00',
  `ppn` double(15,2) DEFAULT '0.00',
  `piutang` double(15,2) DEFAULT '0.00',
  `cara_bayar` varchar(5) DEFAULT NULL,
  `n_sales` varchar(12) DEFAULT NULL,
  `is_active` enum('1','0') NOT NULL DEFAULT '1',
  `created_by` int(11) DEFAULT NULL,
  `created_at` timestamp NULL DEFAULT CURRENT_TIMESTAMP,
  `updated_by` int(11) DEFAULT NULL,
  `updated_at` timestamp NULL DEFAULT NULL ON UPDATE CURRENT_TIMESTAMP,
  PRIMARY KEY (`n_penjualan`)
) ENGINE=InnoDB DEFAULT CHARSET=utf8;

-- Membuang data untuk tabel keuangansajada.hpenjualan: ~13 rows (lebih kurang)
DELETE FROM `hpenjualan`;
INSERT INTO `hpenjualan` (`n_penjualan`, `tanggal`, `reff`, `n_pelanggan`, `keterangan`, `total_penjualan`, `uang_muka`, `biaya_kirim`, `ppn`, `piutang`, `cara_bayar`, `n_sales`, `is_active`, `created_by`, `created_at`, `updated_by`, `updated_at`) VALUES
	('ST202211010001', '2022-11-01', '-', 'CUS008522', 'asdasdasdasd', 84000.00, 0.00, 0.00, 0.00, -6000.00, 'kas', 'awe', '1', 1, '2022-11-01 01:38:19', NULL, NULL),
	('ST202211010002', '2022-11-01', '-', 'CUS008522', 'Penjualan a/n TESTING MAHASISWA', 102000.00, 0.00, 0.00, 0.00, 102000.00, 'kas', 'awe', '1', 1, '2022-11-01 01:41:21', NULL, NULL),
	('ST202211010003', '2022-11-01', '-', 'CUS008522', 'Penjualan a/n TESTING MAHASISWA', 500.00, 0.00, 0.00, 0.00, 0.00, 'bank', 'awe', '1', 1, '2022-11-01 01:42:27', NULL, NULL),
	('ST202211010004', '2022-11-01', '-', 'CUS008522', 'Penjualan a/n TESTING MAHASISWA', 12000.00, 0.00, 0.00, 0.00, 0.00, 'kas', 'awe', '1', 1, '2022-11-01 01:57:02', NULL, NULL),
	('ST202211010005', '2022-11-01', '-', 'CUS008522', 'Testing klir 540', 4500.00, 0.00, 0.00, 0.00, 0.00, 'bank', 'awe', '1', 1, '2022-11-01 01:59:49', NULL, NULL),
	('ST202211010006', '2022-11-01', '-', 'CUS008522', 'Penjualan a/n TESTING MAHASISWA', 4500.00, 0.00, 0.00, 0.00, 0.00, 'kas', 'awe', '1', 1, '2022-11-01 02:02:31', NULL, NULL),
	('ST202211010007', '2022-11-01', '-', 'CUS008522', 'Penjualan a/n TESTING MAHASISWA', 5000.00, 0.00, 0.00, 0.00, 0.00, 'kas', 'awe', '1', 1, '2022-11-01 02:07:22', NULL, NULL),
	('ST202211010008', '2022-11-01', '-', 'CUS008522', 'Penjualan a/n TESTING MAHASISWA', 5000.00, 0.00, 0.00, 0.00, 0.00, 'kas', 'awe', '1', 1, '2022-11-01 02:16:02', NULL, NULL),
	('ST202211010009', '2022-11-01', '-', 'CUS008522', 'Penjualan a/n TESTING MAHASISWA', 2500.00, 0.00, 0.00, 0.00, 0.00, 'kas', 'awe', '1', 1, '2022-11-01 02:24:03', NULL, NULL),
	('ST202211010010', '2022-11-01', '-', 'CUS008522', 'Penjualan a/n TESTING MAHASISWA', 2500.00, 0.00, 0.00, 0.00, 0.00, 'bank', 'awe', '1', 1, '2022-11-01 02:24:43', NULL, NULL),
	('ST202211010011', '2022-11-01', '-', 'CUS008522', 'Penjualan a/n TESTING MAHASISWA', 1250.00, 0.00, 0.00, 0.00, 1250.00, 'bank', 'awe', '1', 1, '2022-11-01 02:26:09', NULL, NULL),
	('ST202211010012', '2022-11-01', '-', 'CUS008523', 'Penjualan a/n TESTING PELANGGAN PIUTANG', 12500.00, 0.00, 0.00, 0.00, 0.00, 'kas', '1001', '1', 1, '2022-11-01 04:25:58', NULL, NULL),
	('ST202211010013', '2022-11-01', '-', 'CUS008523', 'Penjualan a/n TESTING PELANGGAN PIUTANG', 12500.00, 0.00, 0.00, 0.00, 12500.00, 'kas', '1001', '1', 1, '2022-11-01 04:28:36', NULL, NULL);

-- membuang struktur untuk table keuangansajada.hpenjualan_order
DROP TABLE IF EXISTS `hpenjualan_order`;
CREATE TABLE IF NOT EXISTS `hpenjualan_order` (
  `n_openjualan` varchar(15) NOT NULL,
  `tanggal` date DEFAULT NULL,
  `reff` varchar(30) DEFAULT NULL,
  `n_pelanggan` varchar(15) NOT NULL,
  `keterangan` varchar(255) DEFAULT NULL,
  `total_penjualan` double(15,2) DEFAULT '0.00',
  `uang_muka` double(15,2) DEFAULT '0.00',
  `biaya_kirim` double(15,2) DEFAULT '0.00',
  `cara_bayar` varchar(5) DEFAULT NULL,
  `tanggal_kirim` date DEFAULT NULL,
  `masa` int(3) DEFAULT '1',
  `statusA` varchar(1) DEFAULT 'B',
  `created_by` int(11) DEFAULT NULL,
  `created_at` timestamp NULL DEFAULT CURRENT_TIMESTAMP,
  `updated_by` int(11) DEFAULT NULL,
  `updated_at` timestamp NULL DEFAULT NULL ON UPDATE CURRENT_TIMESTAMP,
  PRIMARY KEY (`n_openjualan`)
) ENGINE=InnoDB DEFAULT CHARSET=utf8;

-- Membuang data untuk tabel keuangansajada.hpenjualan_order: ~0 rows (lebih kurang)
DELETE FROM `hpenjualan_order`;

-- membuang struktur untuk table keuangansajada.hpenjualan_retur
DROP TABLE IF EXISTS `hpenjualan_retur`;
CREATE TABLE IF NOT EXISTS `hpenjualan_retur` (
  `n_rpenjualan` varchar(15) NOT NULL,
  `tanggal` date DEFAULT NULL,
  `reff` varchar(30) DEFAULT NULL,
  `n_pelanggan` varchar(15) NOT NULL,
  `keterangan` varchar(255) DEFAULT NULL,
  `total_penjualan` double(15,2) DEFAULT '0.00',
  `biaya_kirim` double(15,2) DEFAULT '0.00',
  `ppn` double(15,2) DEFAULT '0.00',
  `cara_bayar` varchar(5) DEFAULT NULL,
  `created_by` int(11) DEFAULT NULL,
  `created_at` timestamp NULL DEFAULT CURRENT_TIMESTAMP,
  `updated_by` int(11) DEFAULT NULL,
  `updated_at` timestamp NULL DEFAULT NULL ON UPDATE CURRENT_TIMESTAMP,
  PRIMARY KEY (`n_rpenjualan`)
) ENGINE=InnoDB DEFAULT CHARSET=utf8;

-- Membuang data untuk tabel keuangansajada.hpenjualan_retur: ~0 rows (lebih kurang)
DELETE FROM `hpenjualan_retur`;

-- membuang struktur untuk table keuangansajada.hpenyesuaian
DROP TABLE IF EXISTS `hpenyesuaian`;
CREATE TABLE IF NOT EXISTS `hpenyesuaian` (
  `n_stock` varchar(15) NOT NULL,
  `tanggal` date DEFAULT NULL,
  `keterangan` varchar(255) DEFAULT NULL,
  `posisi` varchar(1) DEFAULT NULL,
  `lokasi` varchar(1) DEFAULT NULL,
  `akun` varchar(15) NOT NULL,
  `created_by` int(11) DEFAULT NULL,
  `created_at` timestamp NULL DEFAULT CURRENT_TIMESTAMP,
  `updated_by` int(11) DEFAULT NULL,
  `updated_at` timestamp NULL DEFAULT NULL ON UPDATE CURRENT_TIMESTAMP,
  PRIMARY KEY (`n_stock`)
) ENGINE=InnoDB DEFAULT CHARSET=utf8;

-- Membuang data untuk tabel keuangansajada.hpenyesuaian: ~0 rows (lebih kurang)
DELETE FROM `hpenyesuaian`;

-- membuang struktur untuk table keuangansajada.hutang
DROP TABLE IF EXISTS `hutang`;
CREATE TABLE IF NOT EXISTS `hutang` (
  `n_pembelian` varchar(15) NOT NULL,
  `tanggal` date DEFAULT NULL,
  `reff` varchar(30) DEFAULT NULL,
  `n_pemasok` varchar(15) NOT NULL,
  `keterangan` varchar(255) DEFAULT NULL,
  `jumlah` double(15,2) DEFAULT '0.00',
  `sisa` double(15,2) DEFAULT '0.00',
  `tempo` date DEFAULT NULL,
  `statusA` varchar(1) DEFAULT NULL,
  `is_active` enum('1','0') NOT NULL DEFAULT '1',
  `created_by` int(11) DEFAULT NULL,
  `created_at` timestamp NULL DEFAULT CURRENT_TIMESTAMP,
  `updated_by` int(11) DEFAULT NULL,
  `updated_at` timestamp NULL DEFAULT NULL ON UPDATE CURRENT_TIMESTAMP,
  PRIMARY KEY (`n_pembelian`)
) ENGINE=InnoDB DEFAULT CHARSET=utf8;

-- Membuang data untuk tabel keuangansajada.hutang: ~20 rows (lebih kurang)
DELETE FROM `hutang`;
INSERT INTO `hutang` (`n_pembelian`, `tanggal`, `reff`, `n_pemasok`, `keterangan`, `jumlah`, `sisa`, `tempo`, `statusA`, `is_active`, `created_by`, `created_at`, `updated_by`, `updated_at`) VALUES
	('PN202210250001', '2022-10-25', 'bank', '1', '-', 100000.00, 0.00, '2022-11-03', 's', '1', 1, '2022-10-25 01:41:07', 1, '2022-10-25 02:06:23'),
	('PN202210250002', '2022-10-25', 'kas', '1', 'Setia jadi pemasok', 1000000.00, -1000000.00, '2022-10-25', 'b', '1', 1, '2022-10-25 01:42:05', 1, '2022-10-25 02:07:09'),
	('PN202210250003', '2022-10-25', 'kas', '1', 'Hutang terus lo', 111000000.00, 111000000.00, '2022-10-25', 'b', '1', 1, '2022-10-25 01:43:06', NULL, NULL),
	('PN202210250004', '2022-10-25', 'kas', '1212', '-', 1000000.00, 1000000.00, '2022-10-25', 'b', '1', 1, '2022-10-25 01:57:39', NULL, NULL),
	('PN202210250005', '2022-10-25', 'kas', '1212', '', 200000.00, 200000.00, '2022-10-25', 'b', '1', 1, '2022-10-25 01:58:16', NULL, NULL),
	('PN202210250006', '2022-10-25', 'bank', '1212', 'Hutang lagii nih', 500000.00, 500000.00, '2022-10-25', 'b', '1', 1, '2022-10-25 02:05:49', NULL, NULL),
	('PN202210280002', '2022-10-28', 'bank', 'SUP000001', '-ggfgf', 50000.00, 49980.00, '2022-10-26', 'b', '1', 1, '2022-10-28 09:46:12', 1, '2022-10-28 10:13:55'),
	('PN202210280003', '2022-10-28', 'kas', 'SUP000001', 'gdgd', 25000.00, 24998.00, '2022-10-26', 'b', '1', 1, '2022-10-28 10:01:37', 1, '2022-10-28 10:13:55'),
	('PN202211010004', '2022-11-01', 'kas', 'SUP000001', 'adajdajda', 10000.00, 10000.00, '2022-11-01', 'b', '1', 1, '2022-11-01 02:46:37', NULL, NULL),
	('PN202211030006', '2022-11-03', 'kas', 'SUP000002', '-', 100.00, 100.00, '2022-11-01', 'b', '1', 1, '2022-11-03 04:10:49', NULL, NULL),
	('PN202211040012', '2022-11-04', 'kas', 'SUP000009', '-', 50000.00, 0.00, '2022-11-04', 's', '1', 1, '2022-11-04 01:00:26', 1, '2022-11-04 01:02:36'),
	('PN202211040013', '2022-11-04', 'kas', 'SUP000009', '-', 50000.00, 0.00, '2022-11-04', 's', '1', 1, '2022-11-04 01:01:05', 1, '2022-11-04 01:02:36'),
	('PT202210280001', '2022-10-28', '-', '21', 'Pembelian a/n Testing Beban Orang Tua', 9000.00, 9000.00, '2022-10-28', 'b', '1', 1, '2022-10-28 08:16:31', NULL, NULL),
	('PT202211030003', '2022-11-03', '-', 'SUP000001', 'Pembelian a/n TESTING PEMASOK', -13100.00, -13100.00, '2022-11-03', 'b', '1', 1, '2022-11-03 03:32:53', NULL, NULL),
	('PT202211030004', '2022-11-03', 'Ini adalah transaksi Pembelian', 'SUP000001', 'Pembelian a/n TESTING PEMASOK', -48575.00, -48575.00, '2022-11-03', 'b', '1', 1, '2022-11-03 03:35:25', NULL, NULL),
	('PT202211030005', '2022-11-03', '-', 'SUP000001', 'Pembelian a/n TESTING PEMASOK', 39500.00, 39500.00, '2022-11-03', 'b', '1', 1, '2022-11-03 03:36:48', NULL, NULL),
	('PT202211030007', '2022-11-03', '-', 'SUP000001', 'Pembelian a/n TESTING PEMASOK UBAH', 19800.00, 19800.00, '2022-11-03', 'b', '1', 1, '2022-11-03 04:48:14', NULL, NULL),
	('PT202211030008', '2022-11-03', '-', 'SUP000002', 'Pembelian a/n PEMASOK TESTING TEST', -233100.00, -233100.00, '2022-10-31', 'b', '1', 1, '2022-11-03 05:00:39', NULL, NULL),
	('PT202211030009', '2022-11-03', '-', 'SUP000001', 'Pembelian a/n TESTING PEMASOK UBAH', 380000.00, 380000.00, '2022-11-03', 'b', '1', 1, '2022-11-03 07:47:17', NULL, NULL),
	('PT202211030011', '2022-11-03', '-', 'SUP000001', 'Pembelian a/n TESTING PEMASOK UBAH', 22000.00, 22000.00, '2022-11-02', 'b', '1', 1, '2022-11-03 07:54:47', NULL, NULL);

-- membuang struktur untuk table keuangansajada.keluar_masuk
DROP TABLE IF EXISTS `keluar_masuk`;
CREATE TABLE IF NOT EXISTS `keluar_masuk` (
  `id` int(11) NOT NULL AUTO_INCREMENT,
  `reff` varchar(30) NOT NULL,
  `tanggal` date NOT NULL,
  `waktu` time NOT NULL,
  `n_pelanggan` varchar(12) NOT NULL,
  `n_barang` varchar(12) NOT NULL,
  `masuk` int(11) DEFAULT NULL,
  `keluar` int(11) DEFAULT NULL,
  `sisa` int(11) DEFAULT NULL,
  `harga` double(15,2) DEFAULT '0.00',
  `satuan` varchar(20) DEFAULT NULL,
  `created_by` int(11) DEFAULT NULL,
  `created_at` timestamp NULL DEFAULT CURRENT_TIMESTAMP,
  `updated_by` int(11) DEFAULT NULL,
  `updated_at` timestamp NULL DEFAULT NULL ON UPDATE CURRENT_TIMESTAMP,
  PRIMARY KEY (`id`) USING BTREE,
  KEY `FK_keluar_masuk_barang` (`n_barang`),
  CONSTRAINT `FK_keluar_masuk_barang` FOREIGN KEY (`n_barang`) REFERENCES `barang` (`n_barang`) ON UPDATE CASCADE
) ENGINE=InnoDB AUTO_INCREMENT=85 DEFAULT CHARSET=utf8;

-- Membuang data untuk tabel keuangansajada.keluar_masuk: ~40 rows (lebih kurang)
DELETE FROM `keluar_masuk`;
INSERT INTO `keluar_masuk` (`id`, `reff`, `tanggal`, `waktu`, `n_pelanggan`, `n_barang`, `masuk`, `keluar`, `sisa`, `harga`, `satuan`, `created_by`, `created_at`, `updated_by`, `updated_at`) VALUES
	(24, 'CT202210310001', '2022-10-31', '02:04:08', 'PT BANK RAKY', '0002', 0, 1, 189, 4419.35, 'PCS', 1, '2022-10-31 07:04:08', NULL, NULL),
	(25, 'CT202210310002', '1970-01-01', '02:08:55', 'DEPOSITO BAN', '0002', 0, 1, 431, 4419.35, 'PCS', 1, '2022-10-31 07:08:55', NULL, NULL),
	(26, 'CT202210310002', '1970-01-01', '02:08:55', 'DEPOSITO BAN', '0005', 0, 1, 121, 50000.00, 'PCS', 1, '2022-10-31 07:08:55', NULL, NULL),
	(48, 'ST202211010001', '2022-11-01', '08:38:19', 'CUS008522', '0002', 0, 14, 417, 6000.00, 'PCS', 1, '2022-11-01 01:38:19', NULL, NULL),
	(49, 'ST202211010002', '2022-11-01', '08:41:21', 'CUS008522', '0002', 0, 17, 400, 6000.00, 'PCS', 1, '2022-11-01 01:41:21', NULL, NULL),
	(50, 'ST202211010003', '2022-11-01', '08:42:27', 'CUS008522', '0003', 0, 1, 549, 500.00, 'PCS', 1, '2022-11-01 01:42:27', NULL, NULL),
	(51, 'CT202211010002', '2022-11-01', '08:55:18', 'KAS', '0002', 0, 5, 395, 4419.35, 'PCS', 1, '2022-11-01 01:55:18', NULL, NULL),
	(52, 'ST202211010004', '2022-11-01', '08:57:02', 'CUS008522', '0002', 0, 2, 393, 6000.00, 'PCS', 1, '2022-11-01 01:57:02', NULL, NULL),
	(53, 'CT202211010003', '2022-11-01', '08:57:20', 'KAS', '0006', 0, 5, 275, 2086.27, 'PCS', 1, '2022-11-01 01:57:20', NULL, NULL),
	(54, 'ST202211010005', '2022-11-01', '08:59:49', 'CUS008522', '0003', 0, 9, 540, 500.00, 'PCS', 1, '2022-11-01 01:59:49', NULL, NULL),
	(55, 'ST202211010006', '2022-11-01', '09:02:31', 'CUS008522', '0003', 0, 9, 531, 500.00, 'PCS', 1, '2022-11-01 02:02:31', NULL, NULL),
	(56, 'CT202211010004', '2022-11-01', '09:07:34', 'KAS', '0005', 0, 1, 120, 50000.00, 'PCS', 1, '2022-11-01 02:07:35', NULL, NULL),
	(57, 'ST202211010008', '2022-11-01', '09:16:02', 'CUS008522', '0006', 0, 2, 273, 2500.00, 'PCS', 1, '2022-11-01 02:16:02', NULL, NULL),
	(58, 'ST202211010009', '2022-11-01', '09:24:03', 'CUS008522', '0006', 0, 1, 272, 2500.00, 'PCS', 1, '2022-11-01 02:24:03', NULL, NULL),
	(59, 'ST202211010010', '2022-11-01', '09:24:43', 'CUS008522', '0006', 0, 1, 271, 2500.00, 'PCS', 1, '2022-11-01 02:24:43', NULL, NULL),
	(60, 'ST202211010011', '2022-11-01', '09:26:09', 'CUS008522', '0006', 0, 1, 270, 2500.00, 'PCS', 1, '2022-11-01 02:26:09', NULL, NULL),
	(61, 'CT202211010005', '2022-11-01', '10:06:39', 'KAS', '0003', 0, 1, 530, 300.00, 'PCS', 1, '2022-11-01 03:06:39', NULL, NULL),
	(62, 'CT202211010006', '2022-11-01', '11:15:08', 'KAS', '0002', 0, 1, 392, 4419.35, 'PCS', 1, '2022-11-01 04:15:08', NULL, NULL),
	(63, 'CT202211010007', '2022-11-01', '11:15:36', 'KAS', '0003', 0, 1, 529, 300.00, 'PCS', 1, '2022-11-01 04:15:36', NULL, NULL),
	(64, 'ST202211010012', '2022-11-01', '11:25:58', 'CUS008523', '0006', 0, 5, 265, 2500.00, 'PCS', 1, '2022-11-01 04:25:58', NULL, NULL),
	(65, 'ST202211010013', '2022-11-01', '11:28:36', 'CUS008523', '0006', 0, 5, 260, 2500.00, 'PCS', 1, '2022-11-01 04:28:36', NULL, NULL),
	(66, 'PT202211030003', '2022-11-03', '10:32:53', 'SUP000001', '21.00007', 10, 0, 402, 2000.00, 'PCS', 1, '2022-11-03 03:32:53', NULL, NULL),
	(67, 'PT202211030003', '2022-11-03', '10:32:53', 'SUP000001', '0002', 1, 0, 393, 4500.00, 'PCS', 1, '2022-11-03 03:32:53', NULL, NULL),
	(68, 'PT202211030003', '2022-11-03', '10:32:53', 'SUP000001', '0002', 1, 0, 121, 4500.00, 'PCS', 1, '2022-11-03 03:32:53', NULL, NULL),
	(69, 'PT202211030004', '2022-11-03', '10:35:25', 'SUP000001', '21.00007', 20, 0, 20, 2000.00, 'PCS', 1, '2022-11-03 03:35:25', NULL, NULL),
	(70, 'PT202211030004', '2022-11-03', '10:35:25', 'SUP000001', '0006', 1, 0, 261, 2200.00, 'PCS', 1, '2022-11-03 03:35:25', NULL, NULL),
	(71, 'PT202211030004', '2022-11-03', '10:35:25', 'SUP000001', '0002', 1, 0, 394, 4500.00, 'PCS', 1, '2022-11-03 03:35:25', NULL, NULL),
	(72, 'PT202211030004', '2022-11-03', '10:35:25', 'SUP000001', '0005', 1, 0, 122, 4500.00, 'PCS', 1, '2022-11-03 03:35:25', NULL, NULL),
	(73, 'PT202211030005', '2022-11-03', '10:36:48', 'SUP000001', '0003', 10, 0, 539, 300.00, 'PCS', 1, '2022-11-03 03:36:48', NULL, NULL),
	(74, 'PT202211030005', '2022-11-03', '10:36:48', 'SUP000001', '21.00007', 1, 0, 21, 2000.00, 'PCS', 1, '2022-11-03 03:36:48', NULL, NULL),
	(75, 'PT202211030005', '2022-11-03', '10:36:48', 'SUP000001', '0002', 1, 0, 395, 4500.00, 'PCS', 1, '2022-11-03 03:36:48', NULL, NULL),
	(76, 'PT202211030005', '2022-11-03', '10:36:48', 'SUP000001', '0004', 3, 0, 192, 10000.00, 'PCS', 1, '2022-11-03 03:36:48', NULL, NULL),
	(77, 'PT202211030006', '2022-11-03', '10:37:28', 'SUP000001', '21.00007', 1, 0, 22, 2000.00, 'PCS', 1, '2022-11-03 03:37:28', NULL, NULL),
	(78, 'PT202211030007', '2022-11-03', '11:48:14', 'SUP000001', '0006', 9, 0, 270, 2200.00, 'PCS', 1, '2022-11-03 04:48:14', NULL, NULL),
	(79, 'PT202211030008', '2022-11-03', '12:00:39', 'SUP000002', '21.00008', 100, 0, 100, 8900.00, 'PCS', 1, '2022-11-03 05:00:39', NULL, NULL),
	(80, 'PT202211030008', '2022-11-03', '12:00:39', 'SUP000002', '31.00008', 20, 0, 240, 240000.00, 'LUSIN', 1, '2022-11-03 05:00:39', NULL, NULL),
	(81, 'PT202211030009', '2022-11-03', '02:47:17', 'SUP000001', '0004', 20, 0, 212, 10000.00, 'PCS', 1, '2022-11-03 07:47:17', NULL, NULL),
	(82, 'PT202211030009', '2022-11-03', '02:47:17', 'SUP000001', '0005', 40, 0, 162, 4500.00, 'PCS', 1, '2022-11-03 07:47:17', NULL, NULL),
	(83, 'PT202211030010', '2022-11-03', '02:53:11', 'SUP000005', '21.00007', 1, 0, 23, 10000.00, 'PCS', 1, '2022-11-03 07:53:11', NULL, NULL),
	(84, 'PT202211030011', '2022-11-03', '02:54:47', 'SUP000001', '0006', 10, 0, 280, 2200.00, 'PCS', 1, '2022-11-03 07:54:47', NULL, NULL);

-- membuang struktur untuk table keuangansajada.mata_anggaran
DROP TABLE IF EXISTS `mata_anggaran`;
CREATE TABLE IF NOT EXISTS `mata_anggaran` (
  `id` int(11) NOT NULL AUTO_INCREMENT,
  `kode` varchar(20) NOT NULL,
  `mata_anggaran` varchar(255) NOT NULL,
  `keterangan` varchar(60) DEFAULT NULL,
  `total` double(20,2) NOT NULL DEFAULT '0.00',
  `jumlah` double(20,2) NOT NULL DEFAULT '0.00',
  `id_user` int(11) DEFAULT NULL,
  `is_active` enum('1','0') DEFAULT '1',
  `created_by` int(11) DEFAULT NULL,
  `created_at` timestamp NULL DEFAULT CURRENT_TIMESTAMP,
  `updated_by` int(11) DEFAULT NULL,
  `updated_at` timestamp NULL DEFAULT NULL ON UPDATE CURRENT_TIMESTAMP,
  PRIMARY KEY (`id`) USING BTREE,
  UNIQUE KEY `Index 3` (`kode`),
  KEY `fk_rab_user` (`id_user`) USING BTREE,
  CONSTRAINT `mata_anggaran_ibfk_1` FOREIGN KEY (`id_user`) REFERENCES `user` (`id_user`)
) ENGINE=InnoDB DEFAULT CHARSET=utf8;

-- Membuang data untuk tabel keuangansajada.mata_anggaran: ~0 rows (lebih kurang)
DELETE FROM `mata_anggaran`;

-- membuang struktur untuk table keuangansajada.modul_sistem
DROP TABLE IF EXISTS `modul_sistem`;
CREATE TABLE IF NOT EXISTS `modul_sistem` (
  `id_modul` int(11) NOT NULL AUTO_INCREMENT,
  `nama_modul` varchar(20) NOT NULL,
  `keterangan` varchar(255) DEFAULT NULL,
  `is_active` enum('1','0') NOT NULL DEFAULT '1',
  PRIMARY KEY (`id_modul`) USING BTREE,
  UNIQUE KEY `Index 3` (`nama_modul`),
  KEY `idx__nama_modul` (`nama_modul`) USING BTREE
) ENGINE=InnoDB AUTO_INCREMENT=25 DEFAULT CHARSET=utf8;

-- Membuang data untuk tabel keuangansajada.modul_sistem: ~24 rows (lebih kurang)
DELETE FROM `modul_sistem`;
INSERT INTO `modul_sistem` (`id_modul`, `nama_modul`, `keterangan`, `is_active`) VALUES
	(1, 'sistem', 'Sistem setting', '1'),
	(2, 'bank', 'manajemen bank', '1'),
	(3, 'barang', 'pengelolaan barang', '1'),
	(4, 'coa', 'daftar perkiraan', '1'),
	(5, 'costing', 'transaksi costing', '1'),
	(6, 'hutang', 'transaksi hutang', '1'),
	(7, 'jurnal', 'jurnal memorial', '1'),
	(8, 'kasbank', 'transaksi kas dan bank', '1'),
	(9, 'laporan', 'laporan, buku besar, penjuala, pembelian dan lain-lain', '1'),
	(10, 'pelanggan', '', '1'),
	(11, 'pemasok', '', '1'),
	(12, 'pembelian', '', '1'),
	(13, 'index', 'index page', '1'),
	(14, 'penjualan', '', '1'),
	(15, 'piutang', '', '1'),
	(16, 'sales', '', '1'),
	(17, 'user', 'Mengelola pengguna sistem', '1'),
	(18, 'whatsapp', 'Setting whatsapp', '1'),
	(19, 'rab', '', '1'),
	(20, 'persetujuan', '', '1'),
	(21, 'pencairan', '', '1'),
	(22, 'approvalpencairan', 'approval pencairan rab', '1'),
	(23, 'setting', 'Pengaturan modul, user akses', '1'),
	(24, 'usergroup', 'User group', '1');

-- membuang struktur untuk table keuangansajada.pelanggan
DROP TABLE IF EXISTS `pelanggan`;
CREATE TABLE IF NOT EXISTS `pelanggan` (
  `n_pelanggan` varchar(15) NOT NULL,
  `barcode` varchar(20) DEFAULT NULL,
  `pass` varchar(15) DEFAULT NULL,
  `tanggal` date NOT NULL,
  `akun` varchar(15) NOT NULL,
  `nama` varchar(50) NOT NULL,
  `alamat` longtext,
  `telepon` varchar(15) DEFAULT NULL,
  `email` varchar(50) DEFAULT NULL,
  `batas` double(15,2) DEFAULT '0.00',
  `statusA` enum('1','0') NOT NULL DEFAULT '1',
  `n_sales` varchar(15) NOT NULL,
  `created_by` int(11) DEFAULT NULL,
  `created_at` timestamp NOT NULL DEFAULT CURRENT_TIMESTAMP,
  `updated_by` int(11) DEFAULT NULL,
  `updated_at` timestamp NULL DEFAULT NULL ON UPDATE CURRENT_TIMESTAMP,
  PRIMARY KEY (`n_pelanggan`),
  KEY `FK_pelanggan_coa` (`akun`)
) ENGINE=InnoDB DEFAULT CHARSET=utf8;

-- Membuang data untuk tabel keuangansajada.pelanggan: ~4 rows (lebih kurang)
DELETE FROM `pelanggan`;
INSERT INTO `pelanggan` (`n_pelanggan`, `barcode`, `pass`, `tanggal`, `akun`, `nama`, `alamat`, `telepon`, `email`, `batas`, `statusA`, `n_sales`, `created_by`, `created_at`, `updated_by`, `updated_at`) VALUES
	('8520', 'AASS', '8520', '2022-10-25', '1101', 'Testing V', 'Malang Kota', '081245474568', 'guru@gmail.com', 100000000.00, '1', '234234', NULL, '2022-10-25 02:21:21', NULL, '2022-10-28 12:17:04'),
	('CUS008521', NULL, NULL, '2022-11-01', '4906', 'PELANGGAN TESTING 1', 'Jl. Gemilang No. 1, Kota Surabaya', 'asodijasiod', 'asdj23oro@gmail', 1000000.00, '', 'awe', 1, '2022-11-01 01:22:37', NULL, '2022-11-01 01:22:54'),
	('CUS008522', NULL, NULL, '2022-11-01', '1101', 'TESTING MAHASISWA', 'Jl. Gemilang No. 1, Kota Surabaya', 'sdfdfzxczd', 'asdasd@gmail', 100000.00, '1', 'awe', 1, '2022-11-01 01:26:12', NULL, NULL),
	('CUS008523', NULL, NULL, '2022-11-01', '1003', 'TESTING PELANGGAN PIUTANG', NULL, NULL, NULL, 10000000.00, '1', '1001', 1, '2022-11-01 02:50:25', NULL, NULL);

-- membuang struktur untuk table keuangansajada.pemasok
DROP TABLE IF EXISTS `pemasok`;
CREATE TABLE IF NOT EXISTS `pemasok` (
  `n_pemasok` varchar(15) NOT NULL,
  `tanggal` date NOT NULL,
  `akun` varchar(15) NOT NULL,
  `nama` varchar(50) NOT NULL,
  `alamat` text,
  `telepon` varchar(15) DEFAULT NULL,
  `email` varchar(50) DEFAULT NULL,
  `batas` double(15,2) DEFAULT '0.00',
  `statusA` enum('1','0') NOT NULL DEFAULT '1',
  `created_by` int(11) DEFAULT NULL,
  `created_at` timestamp NOT NULL DEFAULT CURRENT_TIMESTAMP,
  `updated_by` int(11) DEFAULT NULL,
  `updated_at` timestamp NULL DEFAULT NULL ON UPDATE CURRENT_TIMESTAMP,
  PRIMARY KEY (`n_pemasok`),
  KEY `FK_pemasok_coa` (`akun`)
) ENGINE=InnoDB DEFAULT CHARSET=utf8;

-- Membuang data untuk tabel keuangansajada.pemasok: ~8 rows (lebih kurang)
DELETE FROM `pemasok`;
INSERT INTO `pemasok` (`n_pemasok`, `tanggal`, `akun`, `nama`, `alamat`, `telepon`, `email`, `batas`, `statusA`, `created_by`, `created_at`, `updated_by`, `updated_at`) VALUES
	('SUP000001', '2022-11-01', '1003', 'TESTING PEMASOK UBAH', 'JL. ANDALAN BARCELONA', '082244100442', 'pemasok@gmail.com', 10000000.00, '0', 1, '2022-11-01 02:43:09', 1, '2022-11-03 07:59:19'),
	('SUP000002', '2022-11-03', '5920', 'PEMASOK TESTING TEST', 'JALAN BUNGA MAWAR', '082212325689', 'administrator@gmail.com', 200000000.00, '1', 1, '2022-11-03 04:01:56', 1, '2022-11-04 00:50:46'),
	('SUP000004', '2022-11-03', '1303', 'TESTING HAPUS', 'PERUM BARCELONA', '0856765456567', 'administrator@gmail.com', 0.00, '0', 1, '2022-11-03 05:07:55', 1, '2022-11-03 08:08:56'),
	('SUP000005', '2022-11-03', '1303', 'TESTING MITRA', 'JALAN BUNGA MAWAR', '089797979799', 'guru@gmail.com', 0.00, '1', 1, '2022-11-03 05:16:03', 1, '2022-11-03 05:16:08'),
	('SUP000006', '2022-11-03', '1001', 'TESTING', 'MALANG', '089123456789', 'adm@gmail.com', 0.00, '0', 1, '2022-11-03 07:58:31', 1, '2022-11-03 08:08:04'),
	('SUP000007', '2022-11-03', '1001', 'TESTING', 'MALANG', '089612335577', 'adm@gmail.com', 0.00, '0', 1, '2022-11-03 08:13:01', 1, '2022-11-03 08:13:20'),
	('SUP000008', '2022-11-03', '1004', 'PEMASOK TESTING TEST', 'JALAN MERAH PUTIH', '082123456789', 'adm@gmail.com', 0.00, '0', 1, '2022-11-03 08:32:21', 1, '2022-11-03 08:32:45'),
	('SUP000009', '2022-11-04', '2101', 'PT.INDOFOOD', 'SURABAYA', '0846759445346', 'indofood@gmail.com', 100000.00, '1', 1, '2022-11-04 00:59:42', NULL, NULL);

-- membuang struktur untuk table keuangansajada.perusahaan
DROP TABLE IF EXISTS `perusahaan`;
CREATE TABLE IF NOT EXISTS `perusahaan` (
  `nama` varchar(255) NOT NULL,
  `alamat` varchar(255) NOT NULL DEFAULT '',
  `kode_pos` varchar(15) DEFAULT '',
  `telepon` varchar(15) DEFAULT NULL,
  `created_by` int(11) DEFAULT NULL,
  `created_at` timestamp NULL DEFAULT CURRENT_TIMESTAMP,
  `updated_by` int(11) DEFAULT NULL,
  `updated_at` timestamp NULL DEFAULT NULL ON UPDATE CURRENT_TIMESTAMP
) ENGINE=InnoDB DEFAULT CHARSET=utf8;

-- Membuang data untuk tabel keuangansajada.perusahaan: ~1 rows (lebih kurang)
DELETE FROM `perusahaan`;
INSERT INTO `perusahaan` (`nama`, `alamat`, `kode_pos`, `telepon`, `created_by`, `created_at`, `updated_by`, `updated_at`) VALUES
	('INSTITUT TEKNOLOGI SAINS DAN\r\nKESEHATAN RS. dr. SOEPRAOEN MALANG', 'Jl. S. Supriadi No.22, Sukun, Kec. Sukun, Kota Malang, Jawa Timur ', '65147', '0341-351275', 1, '2022-06-14 06:15:05', NULL, '2022-07-10 11:24:37');

-- membuang struktur untuk table keuangansajada.piutang
DROP TABLE IF EXISTS `piutang`;
CREATE TABLE IF NOT EXISTS `piutang` (
  `n_penjualan` varchar(15) NOT NULL,
  `tanggal` date DEFAULT NULL,
  `reff` varchar(30) DEFAULT NULL,
  `n_pelanggan` varchar(15) NOT NULL,
  `keterangan` varchar(255) DEFAULT NULL,
  `jumlah` double(15,2) DEFAULT '0.00',
  `sisa` double(15,2) DEFAULT '0.00',
  `tempo` date DEFAULT NULL,
  `statusA` varchar(1) DEFAULT NULL,
  `n_sales` varchar(15) NOT NULL,
  `is_active` enum('1','0') NOT NULL DEFAULT '1',
  `created_by` int(11) DEFAULT NULL,
  `created_at` timestamp NULL DEFAULT CURRENT_TIMESTAMP,
  `updated_by` int(11) DEFAULT NULL,
  `updated_at` timestamp NULL DEFAULT NULL ON UPDATE CURRENT_TIMESTAMP,
  PRIMARY KEY (`n_penjualan`),
  KEY `FK_piutang_pelanggan` (`n_pelanggan`),
  CONSTRAINT `FK_piutang_pelanggan` FOREIGN KEY (`n_pelanggan`) REFERENCES `pelanggan` (`n_pelanggan`) ON UPDATE CASCADE
) ENGINE=InnoDB DEFAULT CHARSET=utf8;

-- Membuang data untuk tabel keuangansajada.piutang: ~15 rows (lebih kurang)
DELETE FROM `piutang`;
INSERT INTO `piutang` (`n_penjualan`, `tanggal`, `reff`, `n_pelanggan`, `keterangan`, `jumlah`, `sisa`, `tempo`, `statusA`, `n_sales`, `is_active`, `created_by`, `created_at`, `updated_by`, `updated_at`) VALUES
	('RN202210250001', '2022-10-25', 'bank', '8520', 'Mau utang dong kak', 500000.00, 500000.00, '2022-10-25', 'b', '234234', '1', 1, '2022-10-25 02:21:46', NULL, NULL),
	('RN202210250002', '2022-10-25', 'kas', '8520', '', 500000.00, 500000.00, '2022-10-25', 'b', '234234', '1', 1, '2022-10-25 02:21:59', NULL, NULL),
	('RN202211010003', '2022-11-01', 'kas', 'CUS008522', 'test', 60000.00, 0.00, '2022-08-29', 's', 'awe', '1', 1, '2022-11-01 02:12:03', 1, '2022-11-01 03:18:11'),
	('RN202211010004', '2022-11-01', 'kas', 'CUS008522', 'test lagi', 150000.00, 0.00, '2022-11-01', 's', 'awe', '1', 1, '2022-11-01 02:14:20', 1, '2022-11-01 03:18:11'),
	('RN202211010005', '2022-11-01', 'kas', 'CUS008522', 'test lagi kredit', 1000000.00, 0.00, '2022-11-01', 's', 'awe', '1', 1, '2022-11-01 02:14:53', 1, '2022-11-01 03:18:11'),
	('RN202211010012', '2022-11-01', 'kas', 'CUS008522', 'tessstttt', 900000.00, 450000.00, '2022-11-01', 'b', 'awe', '1', 1, '2022-11-01 02:39:43', 1, '2022-11-01 04:23:53'),
	('RN202211010013', '2022-11-01', 'kas', 'CUS008523', 'test ttttt', 10000.00, 0.00, '2022-11-01', 's', '1001', '1', 1, '2022-11-01 02:50:59', 1, '2022-11-01 03:19:42'),
	('RN202211010014', '2022-11-01', 'bank', 'CUS008522', 'testing', 900000.00, 900000.00, '2022-11-01', 'b', 'awe', '1', 1, '2022-11-01 02:59:46', NULL, NULL),
	('RN202211030015', '2022-11-03', 'kas', 'CUS008522', 'testing kartu piutang', 450000.00, 450000.00, '2022-11-03', 'b', 'awe', '1', 1, '2022-11-03 02:52:50', NULL, NULL),
	('RN202211030016', '2022-11-03', 'bank', 'CUS008522', 'testing lagi piutang', 1300000.00, 1300000.00, '2022-11-05', 'b', 'awe', '1', 1, '2022-11-03 02:54:01', NULL, NULL),
	('RN202211030017', '2022-11-03', 'kas', 'CUS008522', 'test', 50000.00, 50000.00, '2022-11-03', 'b', 'awe', '1', 1, '2022-11-03 03:19:00', NULL, NULL),
	('ST202211010001', '2022-11-01', '-', 'CUS008522', 'asdasdasdasd', -6000.00, -6000.00, '2022-11-01', 'b', 'awe', '1', 1, '2022-11-01 01:38:19', NULL, NULL),
	('ST202211010002', '2022-11-01', '-', 'CUS008522', 'Penjualan a/n TESTING MAHASISWA', 102000.00, 2000.00, '2022-11-01', 'b', 'awe', '1', 1, '2022-11-01 01:41:21', 1, '2022-11-01 03:33:24'),
	('ST202211010011', '2022-11-01', '-', 'CUS008522', 'Penjualan a/n TESTING MAHASISWA', 1250.00, 1250.00, '2022-11-01', 'b', 'awe', '1', 1, '2022-11-01 02:26:09', NULL, NULL),
	('ST202211010013', '2022-11-01', '-', 'CUS008523', 'Penjualan a/n TESTING PELANGGAN PIUTANG', 12500.00, 10000.00, '2022-11-01', 'b', '1001', '1', 1, '2022-11-01 04:28:36', 1, '2022-11-01 04:30:32');

-- membuang struktur untuk table keuangansajada.rab
DROP TABLE IF EXISTS `rab`;
CREATE TABLE IF NOT EXISTS `rab` (
  `id` int(11) NOT NULL AUTO_INCREMENT,
  `mata_anggaran` varchar(255) NOT NULL,
  `keterangan` varchar(60) DEFAULT NULL,
  `ta` varchar(30) NOT NULL,
  `detail` text,
  `id_user` int(11) NOT NULL,
  `status` enum('1','0') DEFAULT '0',
  `total` double(15,2) NOT NULL DEFAULT '0.00',
  `created_by` int(11) DEFAULT NULL,
  `created_at` timestamp NOT NULL DEFAULT CURRENT_TIMESTAMP,
  `updated_by` int(11) DEFAULT NULL,
  `updated_at` timestamp NULL DEFAULT NULL ON UPDATE CURRENT_TIMESTAMP,
  PRIMARY KEY (`id`),
  KEY `fk_rab_user` (`id_user`),
  CONSTRAINT `fk_rab_user` FOREIGN KEY (`id_user`) REFERENCES `user` (`id_user`)
) ENGINE=InnoDB AUTO_INCREMENT=6 DEFAULT CHARSET=utf8;

-- Membuang data untuk tabel keuangansajada.rab: ~5 rows (lebih kurang)
DELETE FROM `rab`;
INSERT INTO `rab` (`id`, `mata_anggaran`, `keterangan`, `ta`, `detail`, `id_user`, `status`, `total`, `created_by`, `created_at`, `updated_by`, `updated_at`) VALUES
	(1, 'Biaya Pengeluaran Internet Rutin ITSK RS dr.Soepraoen', 'Per Tahun', '2021-2022', 'Detail 1', 6, '1', 100000000.00, NULL, '2022-06-14 06:15:19', NULL, NULL),
	(2, 'Biaya Perpanjangan Web Domain, Hosting, Dan VPS ITSK RS dr.Soepraoen', 'Per Tahun', '2021-2022', 'hdhdhdh', 6, '1', 100000000.00, NULL, '2022-06-14 06:15:19', NULL, NULL),
	(3, 'Biaya Informatika', 'Per Tahun', '2021-2022', 'Biaya', 7, '0', 10000000.00, NULL, '2022-06-14 06:15:19', NULL, NULL),
	(4, 'Biaya Pengadaan Akun ZOOM Prodi dan Unit/Badan ITSK RS dr.Soepraoen', 'Per Tahun', '2021-2022', 'Biaya beli printer', 6, '1', 204552000.00, NULL, '2022-06-14 06:15:19', NULL, NULL),
	(5, '22222', '-', '2021-2022', NULL, 6, '0', 9040000.00, 6, '2022-06-20 09:10:08', NULL, NULL);

-- membuang struktur untuk table keuangansajada.rab_detail
DROP TABLE IF EXISTS `rab_detail`;
CREATE TABLE IF NOT EXISTS `rab_detail` (
  `id` int(11) NOT NULL AUTO_INCREMENT,
  `id_rab` int(11) NOT NULL DEFAULT '0',
  `detail` varchar(255) NOT NULL,
  `jumlah` double(15,2) NOT NULL DEFAULT '0.00',
  `created_by` int(11) DEFAULT NULL,
  `created_at` timestamp NOT NULL DEFAULT CURRENT_TIMESTAMP,
  `updated_by` int(11) DEFAULT NULL,
  `updated_at` timestamp NULL DEFAULT NULL ON UPDATE CURRENT_TIMESTAMP,
  PRIMARY KEY (`id`) USING BTREE
) ENGINE=InnoDB AUTO_INCREMENT=8 DEFAULT CHARSET=utf8;

-- Membuang data untuk tabel keuangansajada.rab_detail: ~7 rows (lebih kurang)
DELETE FROM `rab_detail`;
INSERT INTO `rab_detail` (`id`, `id_rab`, `detail`, `jumlah`, `created_by`, `created_at`, `updated_by`, `updated_at`) VALUES
	(1, 0, 'Biaya Pengeluaran Internet Rutin ITSK RS dr.Soepraoen', 100000000.00, NULL, '2022-06-14 06:15:19', NULL, NULL),
	(2, 0, 'Biaya Perpanjangan Web Domain, Hosting, Dan VPS ITSK RS dr.Soepraoen', 100000000.00, NULL, '2022-06-14 06:15:19', NULL, NULL),
	(3, 0, 'Biaya Informatika', 10000000.00, NULL, '2022-06-14 06:15:19', NULL, NULL),
	(4, 0, 'Biaya Pengadaan Akun ZOOM Prodi dan Unit/Badan ITSK RS dr.Soepraoen', 204552000.00, NULL, '2022-06-14 06:15:19', NULL, NULL),
	(5, 5, 'Siap ', 5000000.00, 6, '2022-06-20 09:10:08', NULL, NULL),
	(6, 5, 'dua', 40000.00, 6, '2022-06-20 09:10:08', NULL, NULL),
	(7, 5, 'oke', 4000000.00, 6, '2022-06-20 09:10:08', NULL, NULL);

-- membuang struktur untuk table keuangansajada.rab_pencairan
DROP TABLE IF EXISTS `rab_pencairan`;
CREATE TABLE IF NOT EXISTS `rab_pencairan` (
  `id` int(11) NOT NULL AUTO_INCREMENT,
  `id_rab` int(11) NOT NULL,
  `id_user` int(11) NOT NULL,
  `ta` varchar(15) NOT NULL,
  `keterangan` varchar(255) DEFAULT NULL,
  `warek` enum('1','0') DEFAULT '0',
  `rektor` enum('1','0') DEFAULT '0',
  `status` enum('1','0') NOT NULL DEFAULT '0',
  `total` double(15,2) NOT NULL DEFAULT '0.00',
  `created_by` int(11) DEFAULT NULL,
  `created_at` timestamp NOT NULL DEFAULT CURRENT_TIMESTAMP,
  `updated_by` int(11) DEFAULT NULL,
  `updated_at` timestamp NULL DEFAULT NULL ON UPDATE CURRENT_TIMESTAMP,
  PRIMARY KEY (`id`),
  KEY `fk_rab_pencairan_rab1` (`id_rab`),
  KEY `fk_rab_pencairan_user1` (`id_user`),
  CONSTRAINT `fk_rab_pencairan_rab1` FOREIGN KEY (`id_rab`) REFERENCES `rab` (`id`),
  CONSTRAINT `fk_rab_pencairan_user1` FOREIGN KEY (`id_user`) REFERENCES `user` (`id_user`)
) ENGINE=InnoDB AUTO_INCREMENT=3 DEFAULT CHARSET=utf8;

-- Membuang data untuk tabel keuangansajada.rab_pencairan: ~2 rows (lebih kurang)
DELETE FROM `rab_pencairan`;
INSERT INTO `rab_pencairan` (`id`, `id_rab`, `id_user`, `ta`, `keterangan`, `warek`, `rektor`, `status`, `total`, `created_by`, `created_at`, `updated_by`, `updated_at`) VALUES
	(1, 2, 6, '2021-2022', 'Pencairan Tahap 1', '1', '1', '0', 10000000.00, NULL, '2022-06-14 06:15:34', NULL, NULL),
	(2, 4, 6, '2021-2022', 'Tahapan lanjutan karena crowded', '1', '1', '0', 50000000.00, NULL, '2022-06-14 06:15:34', NULL, NULL);

-- membuang struktur untuk table keuangansajada.rab_pengajuan
DROP TABLE IF EXISTS `rab_pengajuan`;
CREATE TABLE IF NOT EXISTS `rab_pengajuan` (
  `id` int(11) NOT NULL AUTO_INCREMENT,
  `id_user` int(11) NOT NULL,
  `ta` varchar(15) NOT NULL,
  `status` enum('1','0') DEFAULT '0',
  `total` double(15,0) NOT NULL DEFAULT '0',
  `created_by` int(11) DEFAULT NULL,
  `created_at` timestamp NOT NULL DEFAULT CURRENT_TIMESTAMP,
  `updated_by` int(11) DEFAULT NULL,
  `updated_at` timestamp NULL DEFAULT NULL ON UPDATE CURRENT_TIMESTAMP,
  PRIMARY KEY (`id`),
  KEY `fk_rab_pengajuan_user1` (`id_user`),
  CONSTRAINT `fk_rab_pengajuan_user1` FOREIGN KEY (`id_user`) REFERENCES `user` (`id_user`)
) ENGINE=InnoDB AUTO_INCREMENT=3 DEFAULT CHARSET=utf8;

-- Membuang data untuk tabel keuangansajada.rab_pengajuan: ~2 rows (lebih kurang)
DELETE FROM `rab_pengajuan`;
INSERT INTO `rab_pengajuan` (`id`, `id_user`, `ta`, `status`, `total`, `created_by`, `created_at`, `updated_by`, `updated_at`) VALUES
	(1, 7, '2021-2022', '0', 0, NULL, '2022-06-14 06:15:44', NULL, NULL),
	(2, 6, '2021-2022', '0', 404552000, NULL, '2022-06-14 06:15:44', NULL, NULL);

-- membuang struktur untuk table keuangansajada.ref_coa_grup
DROP TABLE IF EXISTS `ref_coa_grup`;
CREATE TABLE IF NOT EXISTS `ref_coa_grup` (
  `id` int(11) NOT NULL,
  `prefix` varchar(3) NOT NULL,
  `nama` varchar(100) DEFAULT NULL,
  `created_at` timestamp NOT NULL DEFAULT CURRENT_TIMESTAMP,
  `created_by` int(11) DEFAULT NULL,
  `updated_at` timestamp NULL DEFAULT NULL ON UPDATE CURRENT_TIMESTAMP,
  `updated_by` int(11) DEFAULT NULL,
  PRIMARY KEY (`id`),
  UNIQUE KEY `prefix` (`prefix`)
) ENGINE=InnoDB DEFAULT CHARSET=utf8 ROW_FORMAT=DYNAMIC;

-- Membuang data untuk tabel keuangansajada.ref_coa_grup: ~13 rows (lebih kurang)
DELETE FROM `ref_coa_grup`;
INSERT INTO `ref_coa_grup` (`id`, `prefix`, `nama`, `created_at`, `created_by`, `updated_at`, `updated_by`) VALUES
	(1, '11', 'AKTIVA', '2022-06-09 00:55:37', 1, '2022-10-28 07:29:48', 1),
	(2, '12', 'HUTANG', '2022-06-09 00:56:17', 1, '2022-06-09 00:57:54', 1),
	(3, '13', 'SEWA BAYAR DIMUKA', '2022-06-09 00:56:17', 1, '2022-06-09 00:57:55', 1),
	(4, '14', 'PERSEDIAAN', '2022-06-09 00:56:18', 1, '2022-06-09 00:57:55', 1),
	(5, '15', 'AKTIVA TETAP', '2022-06-09 00:56:40', 1, '2022-06-09 00:57:55', 1),
	(6, '16', 'AKTIVA TAK BERWUJUD', '2022-06-09 00:57:26', 1, '2022-06-09 00:57:55', 1),
	(7, '21', 'UTANG USAHA', '2022-06-09 00:57:26', 1, '2022-06-09 00:57:56', 1),
	(8, '22', 'UTANG PIHAK 3', '2022-06-09 00:57:27', 1, '2022-06-09 00:57:56', 1),
	(9, '51', 'BEBAN HPP', '2022-06-09 00:57:27', 1, '2022-06-09 00:57:56', 1),
	(10, '31', 'MODAL', '2022-08-01 01:38:30', 1, '2022-08-01 01:39:41', 1),
	(11, '41', 'PENDAPATAN', '2022-08-01 01:38:30', 1, '2022-08-01 01:39:41', 1),
	(13, '52', 'BEBAN OPERASIONAL', '2022-08-01 01:38:30', 1, '2022-08-01 01:39:41', 1),
	(14, '53', 'LAINNYA', '2022-08-01 01:38:30', 1, '2022-08-01 01:39:41', 1);

-- membuang struktur untuk table keuangansajada.ref_fakultas
DROP TABLE IF EXISTS `ref_fakultas`;
CREATE TABLE IF NOT EXISTS `ref_fakultas` (
  `id_fakultas` int(11) NOT NULL AUTO_INCREMENT,
  `kode_fak` varchar(20) NOT NULL,
  `id_perguruan_tinggi` int(11) DEFAULT NULL,
  `nama_resmi` varchar(60) NOT NULL,
  `nama_pendek` varchar(12) NOT NULL,
  `nama_inggris` varchar(60) NOT NULL,
  `alamat` varchar(255) DEFAULT NULL,
  `kota` varchar(20) NOT NULL,
  `kode_pos` varchar(10) NOT NULL,
  `no_telp` varchar(40) DEFAULT NULL,
  `no_fax` varchar(40) DEFAULT NULL,
  `email` varchar(40) DEFAULT NULL,
  `website` varchar(100) DEFAULT NULL,
  `catatan` mediumtext,
  `id_user` int(11) DEFAULT NULL,
  `is_active` enum('1','0') NOT NULL DEFAULT '0',
  `created_by` int(11) DEFAULT NULL,
  `created_at` timestamp NOT NULL DEFAULT CURRENT_TIMESTAMP,
  `updated_by` int(11) DEFAULT NULL,
  `updated_at` timestamp NULL DEFAULT NULL ON UPDATE CURRENT_TIMESTAMP,
  PRIMARY KEY (`id_fakultas`) USING BTREE,
  UNIQUE KEY `Index 3` (`kode_fak`),
  KEY `FK_ref_fakultas_ref_perguruan_tinggi` (`id_perguruan_tinggi`),
  CONSTRAINT `FK_ref_fakultas_ref_perguruan_tinggi` FOREIGN KEY (`id_perguruan_tinggi`) REFERENCES `ref_perguruan_tinggi` (`id_perguruan_tinggi`) ON UPDATE CASCADE
) ENGINE=InnoDB AUTO_INCREMENT=2 DEFAULT CHARSET=utf8 ROW_FORMAT=COMPACT;

-- Membuang data untuk tabel keuangansajada.ref_fakultas: ~1 rows (lebih kurang)
DELETE FROM `ref_fakultas`;
INSERT INTO `ref_fakultas` (`id_fakultas`, `kode_fak`, `id_perguruan_tinggi`, `nama_resmi`, `nama_pendek`, `nama_inggris`, `alamat`, `kota`, `kode_pos`, `no_telp`, `no_fax`, `email`, `website`, `catatan`, `id_user`, `is_active`, `created_by`, `created_at`, `updated_by`, `updated_at`) VALUES
	(1, 'YOMA1', 1, 'Fakultas Sains dan Teknologi', 'FST', 'Faculty of Science and Technology', 'Jl. S. Supriadi No.22, Sukun, Kec. Sukun, Kota Malang, Jawa Timur Kode Pos: 65147', 'Malang', '65147', NULL, NULL, NULL, NULL, NULL, 4, '1', NULL, '2022-07-13 04:42:06', NULL, '2022-07-13 04:53:47');

-- membuang struktur untuk table keuangansajada.ref_jenjang_pendidikan
DROP TABLE IF EXISTS `ref_jenjang_pendidikan`;
CREATE TABLE IF NOT EXISTS `ref_jenjang_pendidikan` (
  `id_pendidikan` int(11) NOT NULL AUTO_INCREMENT,
  `nama_pendidikan` varchar(50) NOT NULL,
  `is_active` enum('1','0') NOT NULL DEFAULT '1',
  `created_by` int(11) DEFAULT NULL,
  `created_at` timestamp NOT NULL DEFAULT CURRENT_TIMESTAMP,
  `updated_by` int(11) DEFAULT NULL,
  `updated_at` timestamp NULL DEFAULT NULL ON UPDATE CURRENT_TIMESTAMP,
  PRIMARY KEY (`id_pendidikan`) USING BTREE
) ENGINE=InnoDB AUTO_INCREMENT=100 DEFAULT CHARSET=utf8 ROW_FORMAT=COMPACT;

-- Membuang data untuk tabel keuangansajada.ref_jenjang_pendidikan: ~25 rows (lebih kurang)
DELETE FROM `ref_jenjang_pendidikan`;
INSERT INTO `ref_jenjang_pendidikan` (`id_pendidikan`, `nama_pendidikan`, `is_active`, `created_by`, `created_at`, `updated_by`, `updated_at`) VALUES
	(1, 'Tidak Sekolah', '0', NULL, '2022-07-13 04:35:06', NULL, '2019-02-18 12:54:56'),
	(2, 'PAUD', '0', NULL, '2022-07-13 04:35:06', NULL, '2019-02-18 12:54:59'),
	(3, 'TK / Sederajat', '0', NULL, '2022-07-13 04:35:06', NULL, '2019-02-18 12:55:12'),
	(4, 'Putus SD', '0', NULL, '2022-07-13 04:35:06', NULL, '2019-02-18 12:55:21'),
	(5, 'SD / Sederajat', '0', NULL, '2022-07-13 04:35:06', NULL, '2019-02-18 12:55:36'),
	(6, 'SMP / Sederajat', '0', NULL, '2022-07-13 04:35:06', NULL, '2019-02-18 12:55:45'),
	(7, 'SMA / Sederajat', '0', NULL, '2022-07-13 04:35:06', NULL, '2019-02-18 12:56:01'),
	(8, 'Paket A', '0', NULL, '2022-07-13 04:35:06', NULL, '2019-02-18 12:56:06'),
	(9, 'Paket B', '0', NULL, '2022-07-13 04:35:06', NULL, '2019-02-18 12:56:10'),
	(10, 'Paket C', '0', NULL, '2022-07-13 04:35:06', NULL, '2019-02-18 12:56:22'),
	(20, 'D1', '0', NULL, '2022-07-13 04:35:06', NULL, '2019-04-21 07:21:37'),
	(21, 'D2', '0', NULL, '2022-07-13 04:35:06', NULL, '2019-04-21 07:21:28'),
	(22, 'D3', '1', NULL, '2022-07-13 04:35:06', NULL, '2019-04-21 07:21:19'),
	(23, 'D4', '1', NULL, '2022-07-13 04:35:06', NULL, '2019-04-21 07:21:08'),
	(30, 'S1', '1', NULL, '2022-07-13 04:35:06', NULL, '2019-04-21 07:19:51'),
	(31, 'Profesi', '1', NULL, '2022-07-13 04:35:06', NULL, '2022-07-13 04:36:53'),
	(32, 'Sp-1', '0', NULL, '2022-07-13 04:35:06', NULL, '2019-02-18 12:57:00'),
	(35, 'S2', '0', NULL, '2022-07-13 04:35:06', NULL, '2019-04-21 07:17:59'),
	(36, 'S2 Terapan', '0', NULL, '2022-07-13 04:35:06', NULL, '2019-02-18 12:57:24'),
	(37, 'SP-2', '0', NULL, '2022-07-13 04:35:06', NULL, '2019-02-18 12:57:20'),
	(40, 'S3', '0', NULL, '2022-07-13 04:35:06', NULL, '2019-04-21 07:12:53'),
	(41, 'S3 Terapan', '0', NULL, '2022-07-13 04:35:06', NULL, '2019-02-18 12:57:50'),
	(90, 'Non Formal', '0', NULL, '2022-07-13 04:35:06', NULL, '2019-02-18 12:57:54'),
	(91, 'Informal', '0', NULL, '2022-07-13 04:35:06', NULL, '2019-02-18 12:58:05'),
	(99, 'Lainya', '1', NULL, '2022-07-13 04:35:06', NULL, '2019-02-18 12:58:09');

-- membuang struktur untuk table keuangansajada.ref_perguruan_tinggi
DROP TABLE IF EXISTS `ref_perguruan_tinggi`;
CREATE TABLE IF NOT EXISTS `ref_perguruan_tinggi` (
  `id_perguruan_tinggi` int(11) NOT NULL,
  `kode_pd_dikti` varchar(20) DEFAULT NULL,
  `nama_resmi` varchar(60) NOT NULL,
  `nama_pendek` varchar(12) NOT NULL,
  `nama_inggris` varchar(60) NOT NULL,
  `alamat` varchar(255) DEFAULT NULL,
  `kota` varchar(20) NOT NULL,
  `kode_pos` varchar(10) NOT NULL,
  `no_telp` varchar(40) DEFAULT NULL,
  `no_fax` varchar(40) DEFAULT NULL,
  `email` varchar(40) DEFAULT NULL,
  `website` varchar(100) DEFAULT NULL,
  `tgl_sk_pendirian` date DEFAULT NULL,
  `no_sk_pendirian` varchar(30) DEFAULT NULL,
  `tgl_awal_pendirian` date DEFAULT NULL,
  `catatan` text,
  `is_paket` enum('0','1') NOT NULL DEFAULT '1',
  `id_user` int(11) DEFAULT NULL,
  `url_logo` varchar(255) DEFAULT NULL,
  `is_active` enum('1','0') NOT NULL DEFAULT '1',
  `created_by` int(11) DEFAULT NULL,
  `created_at` timestamp NOT NULL DEFAULT CURRENT_TIMESTAMP,
  `updated_by` int(11) DEFAULT NULL,
  `updated_at` timestamp NULL DEFAULT NULL ON UPDATE CURRENT_TIMESTAMP,
  PRIMARY KEY (`id_perguruan_tinggi`) USING BTREE
) ENGINE=InnoDB DEFAULT CHARSET=utf8;

-- Membuang data untuk tabel keuangansajada.ref_perguruan_tinggi: ~1 rows (lebih kurang)
DELETE FROM `ref_perguruan_tinggi`;
INSERT INTO `ref_perguruan_tinggi` (`id_perguruan_tinggi`, `kode_pd_dikti`, `nama_resmi`, `nama_pendek`, `nama_inggris`, `alamat`, `kota`, `kode_pos`, `no_telp`, `no_fax`, `email`, `website`, `tgl_sk_pendirian`, `no_sk_pendirian`, `tgl_awal_pendirian`, `catatan`, `is_paket`, `id_user`, `url_logo`, `is_active`, `created_by`, `created_at`, `updated_by`, `updated_at`) VALUES
	(1, NULL, 'Sajada Apps', 'Sajada', '', NULL, 'Malang', '', NULL, NULL, NULL, 'https://sajada.app', NULL, NULL, NULL, NULL, '1', NULL, NULL, '1', 1, '2022-06-14 06:16:00', NULL, '2022-12-02 01:07:01');

-- membuang struktur untuk table keuangansajada.ref_program_studi
DROP TABLE IF EXISTS `ref_program_studi`;
CREATE TABLE IF NOT EXISTS `ref_program_studi` (
  `id_prodi` int(11) NOT NULL AUTO_INCREMENT,
  `kode` varchar(5) NOT NULL,
  `nama_resmi` varchar(60) NOT NULL,
  `nama_pendek` varchar(12) DEFAULT NULL,
  `nama_inggris` varchar(60) DEFAULT NULL,
  `id_prodi_pd_dikti` varchar(60) DEFAULT NULL,
  `kode_ps_pd_dikti` varchar(10) DEFAULT NULL,
  `kode_jurusan` varchar(10) DEFAULT NULL,
  `id_fakultas` int(11) DEFAULT NULL,
  `id_jenjang_pendidikan` int(11) NOT NULL,
  `alamat` varchar(255) DEFAULT NULL,
  `kota` varchar(20) DEFAULT NULL,
  `kode_pos` varchar(10) DEFAULT NULL,
  `no_telp` varchar(40) DEFAULT NULL,
  `no_fax` varchar(40) DEFAULT NULL,
  `email` varchar(40) DEFAULT NULL,
  `website` varchar(100) DEFAULT NULL,
  `catatan` text,
  `id_user` int(11) DEFAULT NULL,
  `is_active` enum('1','0') NOT NULL DEFAULT '1',
  `created_by` int(11) DEFAULT NULL,
  `created_at` timestamp NULL DEFAULT CURRENT_TIMESTAMP,
  `updated_by` int(11) DEFAULT NULL,
  `updated_at` timestamp NULL DEFAULT NULL ON UPDATE CURRENT_TIMESTAMP,
  PRIMARY KEY (`id_prodi`) USING BTREE,
  UNIQUE KEY `kode` (`kode`)
) ENGINE=InnoDB AUTO_INCREMENT=13 DEFAULT CHARSET=utf8;

-- Membuang data untuk tabel keuangansajada.ref_program_studi: ~12 rows (lebih kurang)
DELETE FROM `ref_program_studi`;
INSERT INTO `ref_program_studi` (`id_prodi`, `kode`, `nama_resmi`, `nama_pendek`, `nama_inggris`, `id_prodi_pd_dikti`, `kode_ps_pd_dikti`, `kode_jurusan`, `id_fakultas`, `id_jenjang_pendidikan`, `alamat`, `kota`, `kode_pos`, `no_telp`, `no_fax`, `email`, `website`, `catatan`, `id_user`, `is_active`, `created_by`, `created_at`, `updated_by`, `updated_at`) VALUES
	(1, '01', 'D3 KEPERAWATAN', NULL, NULL, NULL, NULL, NULL, 1, 22, NULL, NULL, NULL, NULL, NULL, NULL, NULL, NULL, NULL, '1', NULL, '2022-07-13 04:46:56', NULL, '2022-07-13 04:57:41'),
	(2, '02', 'D3 KEBIDANAN', NULL, NULL, NULL, NULL, NULL, 1, 22, NULL, NULL, NULL, NULL, NULL, NULL, NULL, NULL, NULL, '1', NULL, '2022-07-13 04:48:14', NULL, '2022-07-13 04:57:44'),
	(3, '03', 'D3 AKUPUNKTUR', NULL, NULL, NULL, NULL, NULL, 1, 22, NULL, NULL, NULL, NULL, NULL, NULL, NULL, NULL, NULL, '1', NULL, '2022-07-13 04:48:35', NULL, '2022-07-13 04:57:45'),
	(4, '04', 'D3 FARMASI', NULL, NULL, NULL, NULL, NULL, 1, 22, NULL, NULL, NULL, NULL, NULL, NULL, NULL, NULL, NULL, '1', NULL, '2022-07-13 04:48:48', NULL, '2022-07-13 04:57:46'),
	(5, '05', 'D3 REKAM MEDIS', NULL, NULL, NULL, NULL, NULL, 1, 22, NULL, NULL, NULL, NULL, NULL, NULL, NULL, NULL, NULL, '1', NULL, '2022-07-13 04:49:05', NULL, '2022-07-13 04:57:47'),
	(6, '06', 'S1 FARMASI KLINIS', NULL, NULL, NULL, NULL, NULL, 1, 30, NULL, NULL, NULL, NULL, NULL, NULL, NULL, NULL, NULL, '1', NULL, '2022-07-13 04:49:31', NULL, '2022-07-13 04:57:48'),
	(7, '07', 'S1 INFORMATIKA', NULL, NULL, NULL, NULL, NULL, 1, 30, NULL, NULL, NULL, NULL, NULL, NULL, NULL, NULL, NULL, '1', NULL, '2022-07-13 04:49:51', NULL, '2022-07-13 04:57:49'),
	(8, '08', 'S1 FISIOTERAPI', NULL, NULL, NULL, NULL, NULL, 1, 30, NULL, NULL, NULL, NULL, NULL, NULL, NULL, NULL, NULL, '1', NULL, '2022-07-13 04:50:05', NULL, '2022-07-13 04:57:49'),
	(9, '09', 'S1 KEPERAWATAN', NULL, NULL, NULL, NULL, NULL, 1, 30, NULL, NULL, NULL, NULL, NULL, NULL, NULL, NULL, NULL, '1', NULL, '2022-07-13 04:50:24', NULL, '2022-07-13 04:57:50'),
	(10, '10', 'D4 STR KEBIDANAN', NULL, NULL, NULL, NULL, NULL, 1, 23, NULL, NULL, NULL, NULL, NULL, NULL, NULL, NULL, NULL, '1', NULL, '2022-07-13 04:50:45', NULL, '2022-07-13 04:57:51'),
	(11, '11', 'PROFESI BIDAN', NULL, NULL, NULL, NULL, NULL, 1, 31, NULL, NULL, NULL, NULL, NULL, NULL, NULL, NULL, NULL, '1', NULL, '2022-07-13 04:51:01', NULL, '2022-07-13 04:57:52'),
	(12, '12', 'S1 ANASTIOLOGI', NULL, NULL, NULL, NULL, NULL, 1, 30, NULL, NULL, NULL, NULL, NULL, NULL, NULL, NULL, NULL, '1', NULL, '2022-07-13 04:51:20', NULL, '2022-07-13 04:57:53');

-- membuang struktur untuk table keuangansajada.salesman
DROP TABLE IF EXISTS `salesman`;
CREATE TABLE IF NOT EXISTS `salesman` (
  `n_sales` varchar(15) NOT NULL,
  `nama` varchar(60) NOT NULL,
  `alamat` text,
  `telepon` varchar(15) DEFAULT NULL,
  `created_by` int(11) DEFAULT NULL,
  `created_at` timestamp NULL DEFAULT CURRENT_TIMESTAMP,
  `updated_by` int(11) DEFAULT NULL,
  `updated_at` timestamp NULL DEFAULT NULL ON UPDATE CURRENT_TIMESTAMP,
  `is_active` enum('1','0') NOT NULL DEFAULT '1',
  PRIMARY KEY (`n_sales`)
) ENGINE=InnoDB DEFAULT CHARSET=utf8;

-- Membuang data untuk tabel keuangansajada.salesman: ~4 rows (lebih kurang)
DELETE FROM `salesman`;
INSERT INTO `salesman` (`n_sales`, `nama`, `alamat`, `telepon`, `created_by`, `created_at`, `updated_by`, `updated_at`, `is_active`) VALUES
	('1001', 'Testing sles', 'Jl. testing', '082312380', 1, '2022-10-25 02:36:52', NULL, NULL, '1'),
	('asd', 'asdasd', NULL, NULL, 1, '2022-11-01 01:33:09', NULL, NULL, '1'),
	('awe', 'testing sales lagi', 'alskdmalskdasd', 'asjdaljsdnalsd', 1, '2022-10-31 04:19:31', NULL, NULL, '1'),
	('qwe', 'Tes', 'jl. sumedang raya', '081279468164', 1, '2022-10-28 08:42:47', NULL, NULL, '1');

-- membuang struktur untuk table keuangansajada.stockopname
DROP TABLE IF EXISTS `stockopname`;
CREATE TABLE IF NOT EXISTS `stockopname` (
  `n_barang` varchar(15) NOT NULL,
  `tanggal` date DEFAULT NULL,
  `gudang_komputer` int(11) DEFAULT NULL,
  `gudang_fisik` int(11) DEFAULT NULL,
  `etalase_komputer` int(11) DEFAULT NULL,
  `etalase_fisik` int(11) DEFAULT NULL,
  `gudang_mobile` int(11) DEFAULT NULL,
  `etalase_mobile` int(11) DEFAULT NULL,
  `satuan` varchar(20) DEFAULT NULL,
  `hpp` double(15,2) DEFAULT '0.00',
  `debet` double(15,2) DEFAULT '0.00',
  `kredit` double(15,2) DEFAULT '0.00',
  `created_by` int(11) DEFAULT NULL,
  `created_at` timestamp NULL DEFAULT CURRENT_TIMESTAMP,
  `updated_by` int(11) DEFAULT NULL,
  `updated_at` timestamp NULL DEFAULT NULL ON UPDATE CURRENT_TIMESTAMP
) ENGINE=InnoDB DEFAULT CHARSET=utf8;

-- Membuang data untuk tabel keuangansajada.stockopname: ~0 rows (lebih kurang)
DELETE FROM `stockopname`;

-- membuang struktur untuk table keuangansajada.system_settings
DROP TABLE IF EXISTS `system_settings`;
CREATE TABLE IF NOT EXISTS `system_settings` (
  `id` int(10) unsigned NOT NULL AUTO_INCREMENT,
  `name` varchar(100) NOT NULL,
  `type` enum('STRING','INT','TEXT') NOT NULL DEFAULT 'STRING',
  `value` text NOT NULL,
  `group` enum('TOKEN','GENERAL') DEFAULT 'GENERAL',
  `description` varchar(100) DEFAULT NULL,
  `is_active` enum('1','0') NOT NULL DEFAULT '1',
  `created_by` int(11) DEFAULT '1',
  `created_at` timestamp NOT NULL DEFAULT CURRENT_TIMESTAMP,
  `updated_by` int(11) DEFAULT NULL,
  `updated_at` timestamp NULL DEFAULT NULL ON UPDATE CURRENT_TIMESTAMP,
  PRIMARY KEY (`id`) USING BTREE,
  UNIQUE KEY `system_settings_UN` (`name`) USING BTREE
) ENGINE=InnoDB AUTO_INCREMENT=9 DEFAULT CHARSET=utf8;

-- Membuang data untuk tabel keuangansajada.system_settings: ~8 rows (lebih kurang)
DELETE FROM `system_settings`;
INSERT INTO `system_settings` (`id`, `name`, `type`, `value`, `group`, `description`, `is_active`, `created_by`, `created_at`, `updated_by`, `updated_at`) VALUES
	(1, 'instansi_nama', 'STRING', 'Sajada Apps', 'GENERAL', 'Nama Organisasi atau perusahaan', '1', 1, '2022-07-10 11:25:34', 1, '2022-12-02 01:06:48'),
	(2, 'instansi_alamat', 'STRING', '', 'GENERAL', 'Alamat organisasi', '1', 1, '2022-07-10 11:27:35', 1, '2022-12-02 00:49:38'),
	(3, 'instansi_telp', 'STRING', '', 'GENERAL', 'Kontak Organisai', '1', 1, '2022-07-10 11:29:07', 1, '2022-12-02 00:49:46'),
	(4, 'ds_api_key', 'STRING', 'e1a87e27-d6fc-49f6-b043-10ec7bc5403c', 'GENERAL', 'Api key', '1', 1, '2022-06-16 11:47:46', NULL, '2022-10-22 01:26:28'),
	(5, 'ds_url_getqr', 'STRING', 'https://api.dripsender.id/get-qr', 'GENERAL', NULL, '1', 1, '2022-06-16 11:46:40', NULL, '2022-07-10 11:27:04'),
	(6, 'ds_url_send', 'STRING', 'https://api.dripsender.id/send', 'GENERAL', 'Url untuk mengirim pesan wa via drip sender', '1', 1, '2022-06-16 11:46:40', 1, '2022-07-10 11:26:58'),
	(7, 'ds_url_connect', 'STRING', 'https://api.dripsender.id/connect', 'GENERAL', NULL, '1', 1, '2022-06-16 11:46:40', NULL, '2022-07-10 11:29:40'),
	(8, 'coa_laba', 'STRING', '3101', 'GENERAL', 'Laba', '1', 1, '2022-09-05 01:56:40', NULL, '2022-09-05 01:57:54');

-- membuang struktur untuk table keuangansajada.user
DROP TABLE IF EXISTS `user`;
CREATE TABLE IF NOT EXISTS `user` (
  `id_user` int(11) NOT NULL AUTO_INCREMENT,
  `username` varchar(30) NOT NULL,
  `id_nama_pt` int(11) DEFAULT '1',
  `email` varchar(100) DEFAULT NULL,
  `real_name` varchar(100) DEFAULT NULL,
  `id_group` int(11) NOT NULL,
  `password` varchar(64) NOT NULL,
  `image` tinytext,
  `is_active` enum('1','0') NOT NULL DEFAULT '1',
  `last_login_time` timestamp NULL DEFAULT NULL,
  `created_by` int(11) DEFAULT NULL,
  `created_at` timestamp NULL DEFAULT CURRENT_TIMESTAMP,
  `updated_by` int(11) DEFAULT NULL,
  `updated_at` timestamp NULL DEFAULT NULL ON UPDATE CURRENT_TIMESTAMP,
  PRIMARY KEY (`id_user`) USING BTREE,
  KEY `FK_user_user_group` (`id_group`),
  CONSTRAINT `FK_user_user_group` FOREIGN KEY (`id_group`) REFERENCES `user_group` (`id_group`) ON UPDATE CASCADE
) ENGINE=InnoDB AUTO_INCREMENT=8 DEFAULT CHARSET=utf8;

-- Membuang data untuk tabel keuangansajada.user: ~7 rows (lebih kurang)
DELETE FROM `user`;
INSERT INTO `user` (`id_user`, `username`, `id_nama_pt`, `email`, `real_name`, `id_group`, `password`, `image`, `is_active`, `last_login_time`, `created_by`, `created_at`, `updated_by`, `updated_at`) VALUES
	(1, 'uadmin', 1, 'admin@gmail.com', 'Administrator', 1, '5994471abb01112afcc18159f6cc74b4f511b99806da59b3caf5a9c173cacfc5', '/public/uploads/user/user_220626105659.jpeg', '1', '2022-12-01 18:07:06', NULL, '2022-06-14 06:16:30', NULL, '2022-12-02 01:07:06'),
	(2, 'rektor', 1, 'rektor@gmail.com', 'Rektor ITSK', 2, '5994471abb01112afcc18159f6cc74b4f511b99806da59b3caf5a9c173cacfc5', '/public/uploads/user/user_220626110437.jpeg', '1', '2022-07-18 18:24:56', NULL, '2022-06-14 06:16:30', 1, '2022-07-19 01:24:56'),
	(3, 'warek', 1, 'warek@gmail.com', 'Wakil Rektor ITSK', 3, '5994471abb01112afcc18159f6cc74b4f511b99806da59b3caf5a9c173cacfc5', NULL, '1', NULL, NULL, '2022-06-14 06:16:30', NULL, '2022-06-20 06:34:40'),
	(4, 'kabagkeu', 1, 'kabagkeu@gmail.com', 'Kabag Keuangan ITSK', 4, '5994471abb01112afcc18159f6cc74b4f511b99806da59b3caf5a9c173cacfc5', NULL, '1', NULL, NULL, '2022-06-14 06:16:30', NULL, '2022-06-20 06:34:41'),
	(5, 'bendahara', 1, 'bendahara@gmail.com', 'Bendahara ITSK', 5, '5994471abb01112afcc18159f6cc74b4f511b99806da59b3caf5a9c173cacfc5', NULL, '1', NULL, NULL, '2022-06-14 06:16:30', NULL, '2022-06-20 06:34:42'),
	(6, 'upti', 1, 'upti@gmail.com', 'UPTI ITSK', 6, '5994471abb01112afcc18159f6cc74b4f511b99806da59b3caf5a9c173cacfc5', '/public/uploads/user/user_220626110240.jpeg', '1', '2022-07-18 18:24:34', NULL, '2022-06-14 06:16:30', NULL, '2022-07-19 01:24:34'),
	(7, 'informatika', 1, 'informatika@gmail.com', 'Prodi Informatika ITSK', 6, '5994471abb01112afcc18159f6cc74b4f511b99806da59b3caf5a9c173cacfc5', '/public/uploads/user/user_220626110056.jpeg', '1', '2022-07-02 05:04:44', NULL, '2022-06-14 06:16:30', NULL, '2022-07-02 12:04:44');

-- membuang struktur untuk table keuangansajada.user_group
DROP TABLE IF EXISTS `user_group`;
CREATE TABLE IF NOT EXISTS `user_group` (
  `id_group` int(11) NOT NULL AUTO_INCREMENT,
  `nama_group` varchar(20) NOT NULL,
  `keterangan` varchar(255) DEFAULT NULL,
  `dbusername` varchar(20) NOT NULL,
  `is_active` enum('1','0') NOT NULL DEFAULT '1',
  PRIMARY KEY (`id_group`) USING BTREE,
  UNIQUE KEY `Index 2` (`nama_group`)
) ENGINE=InnoDB AUTO_INCREMENT=7 DEFAULT CHARSET=utf8;

-- Membuang data untuk tabel keuangansajada.user_group: ~6 rows (lebih kurang)
DELETE FROM `user_group`;
INSERT INTO `user_group` (`id_group`, `nama_group`, `keterangan`, `dbusername`, `is_active`) VALUES
	(1, 'Administrator', NULL, '', '1'),
	(2, 'Rektor', NULL, '', '1'),
	(3, 'Wakil Rektor II', NULL, '', '1'),
	(4, 'Kabag Keuangan', NULL, '', '1'),
	(5, 'Admin Keuangan', NULL, '', '1'),
	(6, 'Unit/Prodi/Fakultas', NULL, '', '1');

/*!40103 SET TIME_ZONE=IFNULL(@OLD_TIME_ZONE, 'system') */;
/*!40101 SET SQL_MODE=IFNULL(@OLD_SQL_MODE, '') */;
/*!40014 SET FOREIGN_KEY_CHECKS=IFNULL(@OLD_FOREIGN_KEY_CHECKS, 1) */;
/*!40101 SET CHARACTER_SET_CLIENT=@OLD_CHARACTER_SET_CLIENT */;
/*!40111 SET SQL_NOTES=IFNULL(@OLD_SQL_NOTES, 1) */;
